#usda 1.0
(
    defaultPrim = "ParcelSoftA03"
    doc = "Soft courier parcel (poly-mailer bag with clothes inside), procedural. 0.32x0.24x0.07 m, 0.22 kg. Origin: bag center in XY, resting bottom at z=0. Rigid body with convexHull collision; grasp friction follows pick_place props conventions. Generated by scripts/tools/make_soft_parcel_assets.py (seed 37)."
    metersPerUnit = 1
    upAxis = "Z"
)

def Xform "ParcelSoftA03" (
    prepend apiSchemas = ["PhysicsRigidBodyAPI", "PhysicsMassAPI"]
    kind = "component"
)
{
    float physics:mass = 0.22

    def "Geometry"
    {
        def Mesh "Bag" (
            prepend apiSchemas = ["MaterialBindingAPI", "PhysicsCollisionAPI", "PhysicsMeshCollisionAPI"]
        )
        {
            bool physics:collisionEnabled = 0
            uniform bool doubleSided = 1
            float3[] extent = [(-0.1609857, -0.12073927, 0), (0.16083872, 0.12062904, 0.06025788)]
            int[] faceVertexCounts = [4, 4, 4, 4, 4, 4, 4, 4, 4, 4, 4, 4, 4, 4, 4, 4, 4, 4, 4, 4, 4, 4, 4, 4, 4, 4, 4, 4, 4, 4, 4, 4, 4, 4, 4, 4, 4, 4, 4, 4, 4, 4, 4, 4, 4, 4, 4, 4, 4, 4, 4, 4, 4, 4, 4, 4, 4, 4, 4, 4, 4, 4, 4, 4, 4, 4, 4, 4, 4, 4, 4, 4, 4, 4, 4, 4, 4, 4, 4, 4, 4, 4, 4, 4, 4, 4, 4, 4, 4, 4, 4, 4, 4, 4, 4, 4, 4, 4, 4, 4, 4, 4, 4, 4, 4, 4, 4, 4, 4, 4, 4, 4, 4, 4, 4, 4, 4, 4, 4, 4, 4, 4, 4, 4, 4, 4, 4, 4, 4, 4, 4, 4, 4, 4, 4, 4, 4, 4, 4, 4, 4, 4, 4, 4, 4, 4, 4, 4, 4, 4, 4, 4, 4, 4, 4, 4, 4, 4, 4, 4, 4, 4, 4, 4, 4, 4, 4, 4, 4, 4, 4, 4, 4, 4, 4, 4, 4, 4, 4, 4, 4, 4, 4, 4, 4, 4, 4, 4, 4, 4, 4, 4, 4, 4, 4, 4, 4, 4, 4, 4, 4, 4, 4, 4, 4, 4, 4, 4, 4, 4, 4, 4, 4, 4, 4, 4, 4, 4, 4, 4, 4, 4, 4, 4, 4, 4, 4, 4, 4, 4, 4, 4, 4, 4, 4, 4, 4, 4, 4, 4, 4, 4, 4, 4, 4, 4, 4, 4, 4, 4, 4, 4, 4, 4, 4, 4, 4, 4, 4, 4, 4, 4, 4, 4, 4, 4, 4, 4, 4, 4, 4, 4, 4, 4, 4, 4, 4, 4, 4, 4, 4, 4, 4, 4, 4, 4, 4, 4, 4, 4, 4, 4, 4, 4, 4, 4, 4, 4, 4, 4, 4, 4, 4, 4, 4, 4, 4, 4, 4, 4, 4, 4, 4, 4, 4, 4, 4, 4, 4, 4, 4, 4, 4, 4, 4, 4, 4, 4, 4, 4, 4, 4, 4, 4, 4, 4, 4, 4, 4, 4, 4, 4, 4, 4, 4, 4, 4, 4, 4, 4, 4, 4, 4, 4, 4, 4, 4, 4, 4, 4, 4, 4, 4, 4, 4, 4, 4, 4, 4, 4, 4, 4, 4, 4, 4, 4, 4, 4, 4, 4, 4, 4, 4, 4, 4, 4, 4, 4, 4, 4, 4, 4, 4, 4, 4, 4, 4, 4, 4, 4, 4, 4, 4, 4, 4, 4, 4, 4, 4, 4, 4, 4, 4, 4, 4, 4, 4, 4, 4, 4, 4, 4, 4, 4, 4, 4, 4, 4, 4, 4, 4, 4, 4, 4, 4, 4, 4, 4, 4, 4, 4, 4, 4, 4, 4, 4, 4, 4, 4, 4, 4, 4, 4, 4, 4, 4, 4, 4, 4, 4, 4, 4, 4, 4, 4, 4, 4, 4, 4, 4, 4, 4, 4, 4, 4, 4, 4, 4, 4, 4, 4, 4, 4, 4, 4, 4, 4, 4, 4, 4, 4, 4, 4, 4, 4, 4, 4, 4, 4, 4, 4, 4, 4, 4, 4, 4, 4, 4, 4, 4, 4, 4, 4, 4, 4, 4, 4, 4, 4, 4, 4, 4, 4, 4, 4, 4, 4, 4, 4, 4, 4, 4, 4, 4, 4, 4, 4, 4, 4, 4, 4, 4, 4, 4, 4, 4, 4, 4, 4, 4, 4, 4, 4, 4, 4, 4, 4, 4, 4, 4, 4, 4, 4, 4, 4, 4, 4, 4, 4, 4, 4, 4, 4, 4, 4, 4, 4, 4, 4, 4, 4, 4, 4, 4, 4, 4, 4, 4, 4, 4, 4, 4, 4, 4, 4, 4, 4, 4, 4, 4, 4, 4, 4, 4, 4, 4, 4, 4, 4, 4, 4, 4, 4, 4, 4, 4, 4, 4, 4, 4, 4, 4, 4, 4, 4, 4, 4, 4, 4, 4, 4, 4, 4, 4, 4, 4, 4, 4, 4, 4, 4, 4, 4, 4, 4, 4, 4, 4, 4, 4, 4, 4, 4, 4, 4, 4, 4, 4, 4, 4, 4, 4, 4, 4, 4, 4, 4, 4, 4, 4, 4, 4, 4, 4, 4, 4, 4, 4, 4, 4, 4, 4, 4, 4, 4, 4, 4, 4, 4, 4, 4, 4, 4, 4, 4, 4, 4, 4, 4, 4, 4, 4, 4, 4, 4, 4, 4, 4, 4, 4, 4, 4, 4, 4, 4, 4, 4, 4, 4, 4, 4, 4, 4, 4, 4, 4, 4, 4, 4, 4, 4, 4, 4, 4, 4, 4, 4, 4, 4, 4, 4, 4, 4, 4, 4, 4, 4, 4, 4, 4, 4, 4, 4, 4, 4, 4, 4, 4, 4, 4, 4, 4, 4, 4, 4, 4, 4, 4, 4, 4, 4, 4, 4, 4, 4, 4, 4, 4, 4, 4, 4, 4, 4, 4, 4, 4, 4, 4, 4, 4, 4, 4, 4, 4, 4, 4, 4, 4, 4, 4, 4, 4, 4, 4, 4, 4, 4, 4, 4, 4, 4, 4, 4, 4, 4, 4, 4, 4, 4, 4, 4, 4, 4, 4, 4, 4, 4, 4, 4, 4, 4, 4, 4, 4, 4, 4, 4, 4, 4, 4, 4, 4, 4, 4, 4, 4, 4, 4, 4, 4, 4, 4, 4, 4, 4, 4, 4, 4, 4, 4, 4, 4, 4, 4, 4, 4, 4, 4, 4, 4, 4, 4, 4, 4, 4, 4, 4, 4, 4, 4, 4, 4, 4, 4, 4, 4, 4, 4, 4, 4, 4, 4, 4, 4, 4, 4, 4, 4, 4, 4, 4, 4, 4, 4, 4, 4, 4, 4, 4, 4, 4, 4, 4, 4, 4, 4, 4, 4, 4, 4, 4, 4, 4, 4, 4, 4, 4, 4, 4, 4, 4, 4, 4, 4, 4, 4, 4, 4, 4, 4, 4, 4, 4, 4, 4, 4, 4, 4, 4, 4, 4, 4, 4, 4, 4, 4, 4, 4, 4, 4, 4, 4, 4, 4, 4, 4, 4, 4, 4, 4, 4, 4, 4, 4, 4, 4, 4, 4, 4, 4, 4, 4, 4, 4, 4, 4, 4, 4, 4, 4, 4, 4, 4, 4, 4, 4, 4, 4, 4, 4, 4, 4, 4, 4, 4, 4, 4, 4, 4, 4, 4, 4, 4, 4, 4, 4, 4, 4, 4, 4, 4, 4, 4, 4, 4, 4, 4, 4, 4, 4, 4, 4, 4, 4, 4, 4, 4, 4, 4, 4, 4, 4, 4, 4, 4, 4, 4, 4, 4, 4, 4, 4, 4, 4, 4, 4, 4, 4, 4, 4, 4, 4, 4, 4, 4, 4, 4, 4, 4, 4, 4, 4, 4, 4, 4, 4, 4, 4, 4, 4, 4, 4, 4, 4, 4, 4, 4, 4, 4, 4, 4, 4, 4, 4, 4, 4, 4, 4, 4, 4, 4, 4, 4, 4, 4, 4, 4, 4, 4, 4, 4, 4, 4, 4, 4, 4, 4, 4, 4, 4, 4, 4, 4, 4, 4, 4, 4, 4, 4, 4, 4, 4, 4, 4, 4, 4, 4, 4, 4, 4, 4, 4, 4, 4, 4, 4, 4, 4, 4, 4, 4, 4, 4, 4, 4, 4, 4, 4, 4, 4, 4, 4, 4, 4, 4, 4, 4, 4, 4, 4, 4, 4, 4, 4, 4, 4, 4, 4, 4, 4, 4, 4, 4, 4, 4, 4, 4, 4, 4, 4, 4, 4, 4, 4, 4, 4, 4, 4, 4, 4, 4, 4, 4, 4, 4, 4, 4, 4, 4, 4, 4, 4, 4, 4, 4, 4, 4, 4, 4, 4, 4, 4, 4, 4, 4, 4, 4, 4, 4, 4, 4, 4, 4, 4, 4, 4, 4, 4, 4, 4, 4, 4, 4, 4, 4, 4, 4, 4, 4, 4, 4, 4, 4, 4, 4, 4, 4, 4, 4, 4, 4, 4, 4, 4, 4, 4, 4, 4, 4, 4, 4, 4, 4, 4, 4, 4, 4, 4, 4, 4, 4, 4, 4, 4, 4, 4, 4, 4, 4, 4, 4, 4, 4, 4, 4, 4, 4, 4, 4, 4, 4, 4, 4, 4, 4, 4, 4, 4, 4, 4, 4, 4, 4, 4, 4, 4, 4, 4, 4, 4, 4, 4, 4, 4, 4, 4, 4, 4, 4, 4, 4, 4, 4, 4, 4, 4, 4, 4, 4, 4, 4, 4, 4, 4, 4, 4, 4, 4, 4, 4, 4, 4, 4, 4, 4, 4, 4, 4, 4, 4, 4, 4, 4, 4, 4, 4, 4, 4, 4, 4, 4, 4, 4, 4, 4, 4, 4, 4, 4, 4, 4, 4, 4, 4, 4, 4, 4, 4, 4, 4, 4, 4, 4, 4, 4, 4, 4, 4, 4, 4, 4, 4, 4, 4, 4, 4, 4, 4, 4, 4, 4, 4, 4, 4, 4, 4, 4, 4, 4, 4, 4, 4, 4, 4, 4, 4, 4, 4, 4, 4, 4, 4, 4, 4, 4, 4, 4, 4, 4, 4, 4, 4, 4, 4, 4, 4, 4, 4, 4, 4, 4, 4, 4, 4, 4, 4, 4, 4, 4, 4, 4, 4, 4, 4, 4, 4, 4, 4, 4, 4, 4, 4, 4, 4, 4, 4, 4, 4, 4, 4, 4, 4, 4, 4, 4, 4, 4, 4, 4, 4, 4, 4, 4, 4, 4, 4, 4, 4, 4, 4, 4, 4, 4, 4, 4, 4, 4, 4, 4, 4, 4, 4, 4, 4, 4, 4, 4, 4, 4, 4, 4, 4, 4, 4, 4, 4, 4, 4, 4, 4, 4, 4, 4, 4, 4, 4, 4, 4, 4, 4, 4, 4, 4, 4, 4, 4, 4, 4, 4, 4, 4, 4, 4, 4, 4, 4, 4, 4, 4, 4, 4, 4, 4, 4, 4, 4, 4, 4, 4, 4, 4, 4, 4, 4, 4, 4, 4, 4, 4, 4, 4, 4, 4, 4, 4, 4, 4, 4, 4, 4, 4, 4, 4, 4, 4, 4, 4, 4, 4, 4, 4, 4, 4, 4, 4, 4, 4, 4, 4, 4, 4, 4, 4, 4, 4, 4, 4, 4, 4, 4, 4, 4, 4, 4, 4, 4, 4, 4, 4, 4, 4, 4, 4, 4, 4, 4, 4, 4, 4, 4, 4, 4, 4, 4, 4, 4, 4, 4, 4, 4, 4, 4, 4, 4, 4, 4, 4, 4, 4, 4, 4, 4, 4, 4, 4, 4, 4, 4, 4, 4, 4, 4, 4, 4, 4, 4, 4, 4, 4, 4, 4, 4, 4, 4, 4, 4, 4, 4, 4, 4, 4, 4, 4, 4, 4, 4, 4, 4, 4, 4, 4, 4, 4, 4, 4, 4, 4, 4, 4, 4, 4, 4, 4, 4, 4, 4, 4, 4, 4, 4, 4, 4, 4, 4, 4, 4, 4, 4, 4, 4, 4, 4, 4, 4, 4, 4, 4, 4, 4, 4, 4, 4, 4, 4, 4, 4, 4, 4, 4, 4, 4, 4, 4, 4, 4, 4, 4, 4, 4, 4, 4, 4, 4, 4, 4, 4, 4, 4, 4, 4, 4, 4, 4, 4, 4, 4, 4, 4, 4, 4, 4, 4, 4, 4, 4, 4, 4, 4, 4, 4, 4, 4, 4, 4, 4, 4, 4, 4, 4, 4, 4, 4, 4, 4, 4, 4, 4, 4, 4, 4, 4, 4, 4, 4, 4, 4, 4, 4, 4, 4, 4, 4, 4, 4, 4, 4, 4, 4, 4, 4, 4, 4, 4, 4, 4, 4, 4, 4, 4, 4, 4, 4, 4, 4, 4, 4, 4, 4, 4, 4, 4, 4, 4, 4, 4, 4, 4, 4, 4, 4, 4, 4, 4, 4, 4, 4, 4, 4, 4, 4, 4, 4, 4, 4, 4, 4, 4, 4, 4, 4, 4, 4, 4, 4, 4, 4, 4, 4, 4, 4, 4, 4, 4, 4, 4, 4, 4, 4, 4, 4, 4, 4, 4, 4, 4, 4, 4, 4, 4, 4, 4, 4, 4, 4, 4, 4, 4, 4, 4, 4, 4, 4, 4, 4, 4, 4, 4, 4, 4, 4, 4, 4, 4, 4, 4, 4, 4, 4, 4, 4, 4, 4, 4, 4, 4, 4, 4, 4, 4, 4, 4, 4, 4, 4, 4, 4, 4, 4, 4, 4, 4, 4, 4, 4, 4, 4, 4, 4, 4, 4, 4, 4, 4, 4, 4, 4, 4, 4, 4, 4, 4, 4, 4, 4, 4, 4, 4, 4, 4, 4, 4, 4, 4, 4, 4, 4, 4, 4, 4, 4, 4, 4, 4, 4, 4, 4, 4, 4, 4, 4, 4, 4, 4, 4, 4, 4, 4, 4, 4, 4, 4, 4, 4, 4, 4, 4, 4, 4, 4, 4, 4, 4, 4, 4, 4, 4, 4, 4, 4, 4, 4, 4, 4, 4, 4, 4, 4, 4, 4, 4, 4, 4, 4, 4, 4, 4, 4, 4, 4, 4, 4, 4, 4, 4, 4, 4, 4, 4, 4, 4, 4, 4, 4, 4, 4, 4, 4, 4, 4, 4, 4, 4, 4, 4, 4, 4, 4, 4, 4, 4, 4, 4, 4, 4, 4, 4, 4, 4, 4, 4, 4, 4, 4, 4, 4, 4, 4, 4, 4, 4, 4, 4, 4, 4, 4, 4, 4, 4, 4, 4, 4, 4, 4, 4, 4, 4, 4, 4, 4, 4, 4, 4, 4, 4, 4, 4, 4, 4, 4, 4, 4, 4, 4, 4, 4, 4, 4, 4, 4, 4, 4, 4, 4, 4, 4, 4, 4, 4, 4, 4, 4, 4, 4, 4, 4, 4, 4, 4, 4, 4, 4, 4, 4, 4, 4, 4, 4, 4, 4, 4, 4, 4, 4, 4, 4, 4, 4, 4, 4, 4, 4, 4, 4, 4, 4, 4, 4, 4, 4, 4, 4, 4, 4, 4, 4, 4, 4, 4, 4, 4, 4, 4, 4, 4, 4, 4, 4, 4, 4, 4, 4, 4, 4, 4, 4, 4, 4, 4, 4, 4, 4, 4, 4, 4, 4, 4, 4, 4, 4, 4, 4, 4, 4, 4, 4, 4, 4, 4, 4, 4, 4, 4, 4, 4, 4, 4, 4, 4, 4, 4, 4, 4, 4, 4, 4, 4, 4, 4, 4, 4, 4, 4, 4, 4, 4, 4, 4, 4, 4, 4, 4, 4, 4, 4, 4, 4, 4, 4, 4, 4, 4, 4, 4, 4, 4, 4, 4, 4, 4, 4, 4, 4, 4, 4, 4, 4, 4, 4, 4, 4, 4, 4, 4, 4, 4, 4, 4, 4, 4, 4, 4, 4, 4, 4, 4, 4, 4, 4, 4, 4, 4, 4, 4, 4, 4, 4, 4, 4, 4, 4, 4, 4, 4, 4, 4, 4, 4, 4, 4, 4, 4, 4, 4, 4, 4, 4, 4, 4, 4, 4, 4, 4, 4, 4, 4, 4, 4, 4, 4, 4, 4, 4, 4, 4, 4, 4, 4, 4, 4, 4, 4, 4, 4, 4, 4, 4, 4, 4, 4, 4, 4, 4, 4, 4, 4, 4, 4, 4, 4, 4, 4, 4, 4, 4, 4, 4, 4, 4, 4, 4, 4, 4, 4, 4, 4, 4, 4, 4, 4, 4, 4, 4, 4, 4, 4, 4, 4, 4, 4, 4, 4, 4, 4, 4, 4, 4, 4, 4, 4, 4, 4, 4, 4, 4, 4, 4, 4, 4, 4, 4, 4, 4, 4, 4, 4, 4, 4, 4, 4, 4, 4, 4, 4, 4, 4, 4, 4, 4, 4, 4, 4, 4, 4, 4, 4, 4, 4, 4, 4, 4, 4, 4, 4, 4, 4, 4, 4, 4, 4, 4, 4, 4, 4, 4, 4, 4, 4, 4, 4, 4, 4, 4, 4, 4, 4, 4, 4, 4, 4, 4, 4, 4, 4, 4, 4, 4, 4, 4, 4, 4, 4, 4, 4, 4, 4, 4, 4, 4, 4, 4, 4, 4, 4, 4, 4, 4, 4, 4, 4, 4, 4, 4, 4, 4, 4, 4, 4, 4, 4, 4, 4, 4, 4, 4, 4, 4, 4, 4, 4, 4, 4, 4, 4, 4, 4, 4, 4, 4, 4, 4, 4, 4, 4, 4, 4, 4, 4, 4, 4, 4, 4, 4, 4, 4, 4, 4, 4, 4, 4, 4, 4, 4, 4, 4, 4, 4, 4, 4, 4, 4, 4, 4, 4, 4, 4, 4, 4, 4, 4, 4, 4, 4, 4, 4, 4, 4, 4, 4, 4, 4, 4, 4, 4, 4, 4, 4, 4, 4, 4, 4, 4, 4, 4, 4, 4, 4, 4, 4, 4, 4, 4, 4, 4, 4, 4, 4, 4, 4, 4, 4, 4, 4, 4, 4, 4, 4, 4, 4, 4, 4, 4, 4, 4, 4, 4, 4, 4, 4, 4, 4, 4, 4, 4, 4, 4, 4, 4, 4, 4, 4, 4, 4, 4, 4, 4, 4, 4, 4, 4, 4, 4, 4, 4, 4, 4, 4, 4, 4, 4, 4, 4, 4, 4, 4, 4, 4, 4, 4, 4, 4, 4, 4, 4, 4, 4, 4, 4, 4, 4, 4, 4, 4, 4, 4, 4, 4, 4, 4, 4, 4, 4, 4, 4, 4, 4, 4, 4, 4, 4, 4, 4, 4, 4, 4, 4, 4, 4, 4, 4, 4, 4, 4, 4, 4, 4, 4, 4, 4, 4, 4, 4, 4, 4, 4, 4, 4, 4, 4, 4, 4, 4, 4, 4, 4, 4, 4, 4, 4, 4, 4, 4, 4, 4, 4, 4, 4, 4, 4, 4, 4, 4, 4, 4, 4, 4, 4, 4, 4, 4, 4, 4, 4, 4, 4, 4, 4, 4, 4, 4, 4, 4, 4, 4, 4, 4, 4, 4, 4, 4, 4, 4, 4, 4, 4, 4, 4, 4, 4, 4, 4, 4, 4, 4, 4, 4, 4, 4, 4, 4, 4, 4, 4, 4, 4, 4, 4, 4, 4, 4, 4, 4, 4, 4, 4, 4, 4, 4, 4, 4, 4, 4, 4, 4, 4, 4, 4, 4, 4, 4, 4, 4, 4, 4, 4, 4, 4, 4, 4, 4, 4, 4, 4, 4, 4, 4, 4, 4, 4, 4, 4, 4, 4, 4, 4, 4, 4, 4, 4, 4, 4, 4, 4, 4, 4, 4, 4, 4, 4, 4, 4, 4, 4, 4, 4, 4, 4, 4, 4, 4, 4, 4, 4, 4, 4, 4, 4, 4, 4, 4, 4, 4, 4, 4, 4, 4, 4, 4, 4, 4, 4, 4, 4, 4, 4, 4, 4, 4, 4, 4, 4, 4, 4, 4, 4, 4, 4, 4, 4, 4, 4, 4, 4, 4, 4, 4, 4, 4, 4, 4, 4, 4, 4, 4, 4, 4, 4, 4, 4, 4, 4, 4, 4, 4, 4, 4, 4, 4, 4, 4, 4, 4, 4, 4, 4, 4, 4, 4, 4, 4, 4, 4, 4, 4, 4, 4, 4, 4, 4, 4, 4, 4, 4, 4, 4, 4, 4, 4, 4, 4, 4, 4, 4, 4, 4, 4, 4, 4, 4, 4, 4, 4, 4, 4, 4, 4, 4, 4, 4, 4, 4, 4, 4, 4, 4, 4, 4, 4, 4, 4, 4, 4, 4, 4, 4, 4, 4, 4, 4, 4, 4, 4, 4, 4, 4, 4, 4, 4, 4, 4, 4, 4, 4, 4, 4, 4, 4, 4, 4, 4, 4, 4, 4, 4, 4, 4, 4, 4, 4, 4, 4, 4, 4, 4, 4, 4, 4, 4, 4, 4, 4, 4, 4, 4, 4, 4, 4, 4, 4, 4, 4, 4, 4, 4, 4, 4, 4, 4, 4, 4, 4, 4, 4, 4, 4, 4, 4, 4, 4, 4, 4, 4, 4, 4, 4, 4, 4, 4, 4, 4, 4, 4, 4, 4, 4, 4, 4, 4, 4, 4, 4, 4, 4, 4, 4, 4, 4, 4, 4, 4, 4, 4, 4, 4, 4, 4, 4, 4, 4, 4, 4, 4, 4, 4, 4, 4, 4, 4, 4, 4, 4, 4, 4, 4, 4, 4, 4, 4, 4, 4, 4, 4, 4, 4, 4, 4, 4, 4, 4, 4, 4, 4, 4, 4, 4, 4, 4, 4, 4, 4, 4, 4, 4, 4, 4, 4, 4, 4, 4, 4, 4, 4, 4, 4, 4, 4, 4, 4, 4, 4, 4, 4, 4, 4, 4, 4, 4, 4, 4, 4, 4, 4, 4, 4, 4, 4, 4, 4, 4, 4, 4, 4, 4, 4, 4, 4, 4, 4, 4, 4, 4, 4, 4, 4, 4, 4, 4, 4, 4, 4, 4, 4, 4, 4, 4, 4, 4, 4, 4, 4, 4, 4, 4, 4, 4, 4, 4, 4, 4, 4, 4, 4, 4, 4, 4, 4, 4, 4, 4, 4, 4, 4, 4, 4, 4, 4, 4, 4, 4, 4, 4, 4, 4, 4, 4, 4, 4, 4, 4, 4, 4, 4, 4, 4, 4, 4, 4, 4, 4, 4, 4, 4, 4, 4, 4, 4, 4, 4, 4, 4, 4, 4, 4, 4, 4, 4, 4, 4, 4, 4, 4, 4, 4, 4, 4, 4, 4, 4, 4, 4, 4, 4, 4, 4, 4, 4, 4, 4, 4, 4, 4, 4, 4, 4, 4, 4, 4, 4, 4, 4, 4, 4, 4, 4, 4, 4, 4, 4, 4, 4, 4, 4, 4, 4, 4, 4, 4, 4, 4, 4, 4, 4, 4, 4, 4, 4, 4, 4, 4, 4, 4, 4, 4, 4, 4, 4, 4, 4, 4, 4, 4, 4, 4, 4, 4, 4, 4, 4, 4, 4, 4, 4, 4, 4, 4, 4, 4, 4, 4, 4, 4, 4, 4, 4, 4, 4, 4, 4, 4, 4, 4, 4, 4, 4, 4, 4, 4, 4, 4, 4, 4, 4, 4, 4, 4, 4, 4, 4, 4, 4, 4, 4, 4, 4, 4, 4, 4, 4, 4, 4, 4, 4, 4, 4, 4, 4, 4, 4, 4, 4, 4, 4, 4, 4, 4, 4, 4, 4, 4, 4, 4, 4, 4, 4, 4, 4, 4, 4, 4, 4, 4, 4, 4, 4, 4, 4, 4, 4, 4, 4, 4, 4, 4, 4, 4, 4, 4, 4, 4, 4, 4, 4, 4, 4, 4, 4, 4, 4, 4, 4, 4, 4, 4, 4, 4, 4, 4, 4, 4, 4, 4, 4, 4, 4, 4, 4, 4, 4, 4, 4, 4, 4, 4, 4, 4, 4, 4, 4, 4, 4, 4, 4, 4, 4, 4, 4, 4, 4, 4, 4, 4, 4, 4, 4, 4, 4, 4, 4, 4, 4, 4, 4, 4, 4, 4, 4, 4, 4, 4, 4, 4, 4, 4, 4, 4, 4, 4, 4, 4, 4, 4, 4, 4, 4, 4, 4, 4, 4, 4, 4, 4, 4, 4, 4, 4]
            int[] faceVertexIndices = [0, 37, 38, 1, 1, 38, 39, 2, 2, 39, 40, 3, 3, 40, 41, 4, 4, 41, 42, 5, 5, 42, 43, 6, 6, 43, 44, 7, 7, 44, 45, 8, 8, 45, 46, 9, 9, 46, 47, 10, 10, 47, 48, 11, 11, 48, 49, 12, 12, 49, 50, 13, 13, 50, 51, 14, 14, 51, 52, 15, 15, 52, 53, 16, 16, 53, 54, 17, 17, 54, 55, 18, 18, 55, 56, 19, 19, 56, 57, 20, 20, 57, 58, 21, 21, 58, 59, 22, 22, 59, 60, 23, 23, 60, 61, 24, 24, 61, 62, 25, 25, 62, 63, 26, 26, 63, 64, 27, 27, 64, 65, 28, 28, 65, 66, 29, 29, 66, 67, 30, 30, 67, 68, 31, 31, 68, 69, 32, 32, 69, 70, 33, 33, 70, 71, 34, 34, 71, 72, 35, 35, 72, 73, 36, 37, 74, 75, 38, 38, 75, 76, 39, 39, 76, 77, 40, 40, 77, 78, 41, 41, 78, 79, 42, 42, 79, 80, 43, 43, 80, 81, 44, 44, 81, 82, 45, 45, 82, 83, 46, 46, 83, 84, 47, 47, 84, 85, 48, 48, 85, 86, 49, 49, 86, 87, 50, 50, 87, 88, 51, 51, 88, 89, 52, 52, 89, 90, 53, 53, 90, 91, 54, 54, 91, 92, 55, 55, 92, 93, 56, 56, 93, 94, 57, 57, 94, 95, 58, 58, 95, 96, 59, 59, 96, 97, 60, 60, 97, 98, 61, 61, 98, 99, 62, 62, 99, 100, 63, 63, 100, 101, 64, 64, 101, 102, 65, 65, 102, 103, 66, 66, 103, 104, 67, 67, 104, 105, 68, 68, 105, 106, 69, 69, 106, 107, 70, 70, 107, 108, 71, 71, 108, 109, 72, 72, 109, 110, 73, 74, 111, 112, 75, 75, 112, 113, 76, 76, 113, 114, 77, 77, 114, 115, 78, 78, 115, 116, 79, 79, 116, 117, 80, 80, 117, 118, 81, 81, 118, 119, 82, 82, 119, 120, 83, 83, 120, 121, 84, 84, 121, 122, 85, 85, 122, 123, 86, 86, 123, 124, 87, 87, 124, 125, 88, 88, 125, 126, 89, 89, 126, 127, 90, 90, 127, 128, 91, 91, 128, 129, 92, 92, 129, 130, 93, 93, 130, 131, 94, 94, 131, 132, 95, 95, 132, 133, 96, 96, 133, 134, 97, 97, 134, 135, 98, 98, 135, 136, 99, 99, 136, 137, 100, 100, 137, 138, 101, 101, 138, 139, 102, 102, 139, 140, 103, 103, 140, 141, 104, 104, 141, 142, 105, 105, 142, 143, 106, 106, 143, 144, 107, 107, 144, 145, 108, 108, 145, 146, 109, 109, 146, 147, 110, 111, 148, 149, 112, 112, 149, 150, 113, 113, 150, 151, 114, 114, 151, 152, 115, 115, 152, 153, 116, 116, 153, 154, 117, 117, 154, 155, 118, 118, 155, 156, 119, 119, 156, 157, 120, 120, 157, 158, 121, 121, 158, 159, 122, 122, 159, 160, 123, 123, 160, 161, 124, 124, 161, 162, 125, 125, 162, 163, 126, 126, 163, 164, 127, 127, 164, 165, 128, 128, 165, 166, 129, 129, 166, 167, 130, 130, 167, 168, 131, 131, 168, 169, 132, 132, 169, 170, 133, 133, 170, 171, 134, 134, 171, 172, 135, 135, 172, 173, 136, 136, 173, 174, 137, 137, 174, 175, 138, 138, 175, 176, 139, 139, 176, 177, 140, 140, 177, 178, 141, 141, 178, 179, 142, 142, 179, 180, 143, 143, 180, 181, 144, 144, 181, 182, 145, 145, 182, 183, 146, 146, 183, 184, 147, 148, 185, 186, 149, 149, 186, 187, 150, 150, 187, 188, 151, 151, 188, 189, 152, 152, 189, 190, 153, 153, 190, 191, 154, 154, 191, 192, 155, 155, 192, 193, 156, 156, 193, 194, 157, 157, 194, 195, 158, 158, 195, 196, 159, 159, 196, 197, 160, 160, 197, 198, 161, 161, 198, 199, 162, 162, 199, 200, 163, 163, 200, 201, 164, 164, 201, 202, 165, 165, 202, 203, 166, 166, 203, 204, 167, 167, 204, 205, 168, 168, 205, 206, 169, 169, 206, 207, 170, 170, 207, 208, 171, 171, 208, 209, 172, 172, 209, 210, 173, 173, 210, 211, 174, 174, 211, 212, 175, 175, 212, 213, 176, 176, 213, 214, 177, 177, 214, 215, 178, 178, 215, 216, 179, 179, 216, 217, 180, 180, 217, 218, 181, 181, 218, 219, 182, 182, 219, 220, 183, 183, 220, 221, 184, 185, 222, 223, 186, 186, 223, 224, 187, 187, 224, 225, 188, 188, 225, 226, 189, 189, 226, 227, 190, 190, 227, 228, 191, 191, 228, 229, 192, 192, 229, 230, 193, 193, 230, 231, 194, 194, 231, 232, 195, 195, 232, 233, 196, 196, 233, 234, 197, 197, 234, 235, 198, 198, 235, 236, 199, 199, 236, 237, 200, 200, 237, 238, 201, 201, 238, 239, 202, 202, 239, 240, 203, 203, 240, 241, 204, 204, 241, 242, 205, 205, 242, 243, 206, 206, 243, 244, 207, 207, 244, 245, 208, 208, 245, 246, 209, 209, 246, 247, 210, 210, 247, 248, 211, 211, 248, 249, 212, 212, 249, 250, 213, 213, 250, 251, 214, 214, 251, 252, 215, 215, 252, 253, 216, 216, 253, 254, 217, 217, 254, 255, 218, 218, 255, 256, 219, 219, 256, 257, 220, 220, 257, 258, 221, 222, 259, 260, 223, 223, 260, 261, 224, 224, 261, 262, 225, 225, 262, 263, 226, 226, 263, 264, 227, 227, 264, 265, 228, 228, 265, 266, 229, 229, 266, 267, 230, 230, 267, 268, 231, 231, 268, 269, 232, 232, 269, 270, 233, 233, 270, 271, 234, 234, 271, 272, 235, 235, 272, 273, 236, 236, 273, 274, 237, 237, 274, 275, 238, 238, 275, 276, 239, 239, 276, 277, 240, 240, 277, 278, 241, 241, 278, 279, 242, 242, 279, 280, 243, 243, 280, 281, 244, 244, 281, 282, 245, 245, 282, 283, 246, 246, 283, 284, 247, 247, 284, 285, 248, 248, 285, 286, 249, 249, 286, 287, 250, 250, 287, 288, 251, 251, 288, 289, 252, 252, 289, 290, 253, 253, 290, 291, 254, 254, 291, 292, 255, 255, 292, 293, 256, 256, 293, 294, 257, 257, 294, 295, 258, 259, 296, 297, 260, 260, 297, 298, 261, 261, 298, 299, 262, 262, 299, 300, 263, 263, 300, 301, 264, 264, 301, 302, 265, 265, 302, 303, 266, 266, 303, 304, 267, 267, 304, 305, 268, 268, 305, 306, 269, 269, 306, 307, 270, 270, 307, 308, 271, 271, 308, 309, 272, 272, 309, 310, 273, 273, 310, 311, 274, 274, 311, 312, 275, 275, 312, 313, 276, 276, 313, 314, 277, 277, 314, 315, 278, 278, 315, 316, 279, 279, 316, 317, 280, 280, 317, 318, 281, 281, 318, 319, 282, 282, 319, 320, 283, 283, 320, 321, 284, 284, 321, 322, 285, 285, 322, 323, 286, 286, 323, 324, 287, 287, 324, 325, 288, 288, 325, 326, 289, 289, 326, 327, 290, 290, 327, 328, 291, 291, 328, 329, 292, 292, 329, 330, 293, 293, 330, 331, 294, 294, 331, 332, 295, 296, 333, 334, 297, 297, 334, 335, 298, 298, 335, 336, 299, 299, 336, 337, 300, 300, 337, 338, 301, 301, 338, 339, 302, 302, 339, 340, 303, 303, 340, 341, 304, 304, 341, 342, 305, 305, 342, 343, 306, 306, 343, 344, 307, 307, 344, 345, 308, 308, 345, 346, 309, 309, 346, 347, 310, 310, 347, 348, 311, 311, 348, 349, 312, 312, 349, 350, 313, 313, 350, 351, 314, 314, 351, 352, 315, 315, 352, 353, 316, 316, 353, 354, 317, 317, 354, 355, 318, 318, 355, 356, 319, 319, 356, 357, 320, 320, 357, 358, 321, 321, 358, 359, 322, 322, 359, 360, 323, 323, 360, 361, 324, 324, 361, 362, 325, 325, 362, 363, 326, 326, 363, 364, 327, 327, 364, 365, 328, 328, 365, 366, 329, 329, 366, 367, 330, 330, 367, 368, 331, 331, 368, 369, 332, 333, 370, 371, 334, 334, 371, 372, 335, 335, 372, 373, 336, 336, 373, 374, 337, 337, 374, 375, 338, 338, 375, 376, 339, 339, 376, 377, 340, 340, 377, 378, 341, 341, 378, 379, 342, 342, 379, 380, 343, 343, 380, 381, 344, 344, 381, 382, 345, 345, 382, 383, 346, 346, 383, 384, 347, 347, 384, 385, 348, 348, 385, 386, 349, 349, 386, 387, 350, 350, 387, 388, 351, 351, 388, 389, 352, 352, 389, 390, 353, 353, 390, 391, 354, 354, 391, 392, 355, 355, 392, 393, 356, 356, 393, 394, 357, 357, 394, 395, 358, 358, 395, 396, 359, 359, 396, 397, 360, 360, 397, 398, 361, 361, 398, 399, 362, 362, 399, 400, 363, 363, 400, 401, 364, 364, 401, 402, 365, 365, 402, 403, 366, 366, 403, 404, 367, 367, 404, 405, 368, 368, 405, 406, 369, 370, 407, 408, 371, 371, 408, 409, 372, 372, 409, 410, 373, 373, 410, 411, 374, 374, 411, 412, 375, 375, 412, 413, 376, 376, 413, 414, 377, 377, 414, 415, 378, 378, 415, 416, 379, 379, 416, 417, 380, 380, 417, 418, 381, 381, 418, 419, 382, 382, 419, 420, 383, 383, 420, 421, 384, 384, 421, 422, 385, 385, 422, 423, 386, 386, 423, 424, 387, 387, 424, 425, 388, 388, 425, 426, 389, 389, 426, 427, 390, 390, 427, 428, 391, 391, 428, 429, 392, 392, 429, 430, 393, 393, 430, 431, 394, 394, 431, 432, 395, 395, 432, 433, 396, 396, 433, 434, 397, 397, 434, 435, 398, 398, 435, 436, 399, 399, 436, 437, 400, 400, 437, 438, 401, 401, 438, 439, 402, 402, 439, 440, 403, 403, 440, 441, 404, 404, 441, 442, 405, 405, 442, 443, 406, 407, 444, 445, 408, 408, 445, 446, 409, 409, 446, 447, 410, 410, 447, 448, 411, 411, 448, 449, 412, 412, 449, 450, 413, 413, 450, 451, 414, 414, 451, 452, 415, 415, 452, 453, 416, 416, 453, 454, 417, 417, 454, 455, 418, 418, 455, 456, 419, 419, 456, 457, 420, 420, 457, 458, 421, 421, 458, 459, 422, 422, 459, 460, 423, 423, 460, 461, 424, 424, 461, 462, 425, 425, 462, 463, 426, 426, 463, 464, 427, 427, 464, 465, 428, 428, 465, 466, 429, 429, 466, 467, 430, 430, 467, 468, 431, 431, 468, 469, 432, 432, 469, 470, 433, 433, 470, 471, 434, 434, 471, 472, 435, 435, 472, 473, 436, 436, 473, 474, 437, 437, 474, 475, 438, 438, 475, 476, 439, 439, 476, 477, 440, 440, 477, 478, 441, 441, 478, 479, 442, 442, 479, 480, 443, 444, 481, 482, 445, 445, 482, 483, 446, 446, 483, 484, 447, 447, 484, 485, 448, 448, 485, 486, 449, 449, 486, 487, 450, 450, 487, 488, 451, 451, 488, 489, 452, 452, 489, 490, 453, 453, 490, 491, 454, 454, 491, 492, 455, 455, 492, 493, 456, 456, 493, 494, 457, 457, 494, 495, 458, 458, 495, 496, 459, 459, 496, 497, 460, 460, 497, 498, 461, 461, 498, 499, 462, 462, 499, 500, 463, 463, 500, 501, 464, 464, 501, 502, 465, 465, 502, 503, 466, 466, 503, 504, 467, 467, 504, 505, 468, 468, 505, 506, 469, 469, 506, 507, 470, 470, 507, 508, 471, 471, 508, 509, 472, 472, 509, 510, 473, 473, 510, 511, 474, 474, 511, 512, 475, 475, 512, 513, 476, 476, 513, 514, 477, 477, 514, 515, 478, 478, 515, 516, 479, 479, 516, 517, 480, 481, 518, 519, 482, 482, 519, 520, 483, 483, 520, 521, 484, 484, 521, 522, 485, 485, 522, 523, 486, 486, 523, 524, 487, 487, 524, 525, 488, 488, 525, 526, 489, 489, 526, 527, 490, 490, 527, 528, 491, 491, 528, 529, 492, 492, 529, 530, 493, 493, 530, 531, 494, 494, 531, 532, 495, 495, 532, 533, 496, 496, 533, 534, 497, 497, 534, 535, 498, 498, 535, 536, 499, 499, 536, 537, 500, 500, 537, 538, 501, 501, 538, 539, 502, 502, 539, 540, 503, 503, 540, 541, 504, 504, 541, 542, 505, 505, 542, 543, 506, 506, 543, 544, 507, 507, 544, 545, 508, 508, 545, 546, 509, 509, 546, 547, 510, 510, 547, 548, 511, 511, 548, 549, 512, 512, 549, 550, 513, 513, 550, 551, 514, 514, 551, 552, 515, 515, 552, 553, 516, 516, 553, 554, 517, 518, 555, 556, 519, 519, 556, 557, 520, 520, 557, 558, 521, 521, 558, 559, 522, 522, 559, 560, 523, 523, 560, 561, 524, 524, 561, 562, 525, 525, 562, 563, 526, 526, 563, 564, 527, 527, 564, 565, 528, 528, 565, 566, 529, 529, 566, 567, 530, 530, 567, 568, 531, 531, 568, 569, 532, 532, 569, 570, 533, 533, 570, 571, 534, 534, 571, 572, 535, 535, 572, 573, 536, 536, 573, 574, 537, 537, 574, 575, 538, 538, 575, 576, 539, 539, 576, 577, 540, 540, 577, 578, 541, 541, 578, 579, 542, 542, 579, 580, 543, 543, 580, 581, 544, 544, 581, 582, 545, 545, 582, 583, 546, 546, 583, 584, 547, 547, 584, 585, 548, 548, 585, 586, 549, 549, 586, 587, 550, 550, 587, 588, 551, 551, 588, 589, 552, 552, 589, 590, 553, 553, 590, 591, 554, 555, 592, 593, 556, 556, 593, 594, 557, 557, 594, 595, 558, 558, 595, 596, 559, 559, 596, 597, 560, 560, 597, 598, 561, 561, 598, 599, 562, 562, 599, 600, 563, 563, 600, 601, 564, 564, 601, 602, 565, 565, 602, 603, 566, 566, 603, 604, 567, 567, 604, 605, 568, 568, 605, 606, 569, 569, 606, 607, 570, 570, 607, 608, 571, 571, 608, 609, 572, 572, 609, 610, 573, 573, 610, 611, 574, 574, 611, 612, 575, 575, 612, 613, 576, 576, 613, 614, 577, 577, 614, 615, 578, 578, 615, 616, 579, 579, 616, 617, 580, 580, 617, 618, 581, 581, 618, 619, 582, 582, 619, 620, 583, 583, 620, 621, 584, 584, 621, 622, 585, 585, 622, 623, 586, 586, 623, 624, 587, 587, 624, 625, 588, 588, 625, 626, 589, 589, 626, 627, 590, 590, 627, 628, 591, 592, 629, 630, 593, 593, 630, 631, 594, 594, 631, 632, 595, 595, 632, 633, 596, 596, 633, 634, 597, 597, 634, 635, 598, 598, 635, 636, 599, 599, 636, 637, 600, 600, 637, 638, 601, 601, 638, 639, 602, 602, 639, 640, 603, 603, 640, 641, 604, 604, 641, 642, 605, 605, 642, 643, 606, 606, 643, 644, 607, 607, 644, 645, 608, 608, 645, 646, 609, 609, 646, 647, 610, 610, 647, 648, 611, 611, 648, 649, 612, 612, 649, 650, 613, 613, 650, 651, 614, 614, 651, 652, 615, 615, 652, 653, 616, 616, 653, 654, 617, 617, 654, 655, 618, 618, 655, 656, 619, 619, 656, 657, 620, 620, 657, 658, 621, 621, 658, 659, 622, 622, 659, 660, 623, 623, 660, 661, 624, 624, 661, 662, 625, 625, 662, 663, 626, 626, 663, 664, 627, 627, 664, 665, 628, 629, 666, 667, 630, 630, 667, 668, 631, 631, 668, 669, 632, 632, 669, 670, 633, 633, 670, 671, 634, 634, 671, 672, 635, 635, 672, 673, 636, 636, 673, 674, 637, 637, 674, 675, 638, 638, 675, 676, 639, 639, 676, 677, 640, 640, 677, 678, 641, 641, 678, 679, 642, 642, 679, 680, 643, 643, 680, 681, 644, 644, 681, 682, 645, 645, 682, 683, 646, 646, 683, 684, 647, 647, 684, 685, 648, 648, 685, 686, 649, 649, 686, 687, 650, 650, 687, 688, 651, 651, 688, 689, 652, 652, 689, 690, 653, 653, 690, 691, 654, 654, 691, 692, 655, 655, 692, 693, 656, 656, 693, 694, 657, 657, 694, 695, 658, 658, 695, 696, 659, 659, 696, 697, 660, 660, 697, 698, 661, 661, 698, 699, 662, 662, 699, 700, 663, 663, 700, 701, 664, 664, 701, 702, 665, 666, 703, 704, 667, 667, 704, 705, 668, 668, 705, 706, 669, 669, 706, 707, 670, 670, 707, 708, 671, 671, 708, 709, 672, 672, 709, 710, 673, 673, 710, 711, 674, 674, 711, 712, 675, 675, 712, 713, 676, 676, 713, 714, 677, 677, 714, 715, 678, 678, 715, 716, 679, 679, 716, 717, 680, 680, 717, 718, 681, 681, 718, 719, 682, 682, 719, 720, 683, 683, 720, 721, 684, 684, 721, 722, 685, 685, 722, 723, 686, 686, 723, 724, 687, 687, 724, 725, 688, 688, 725, 726, 689, 689, 726, 727, 690, 690, 727, 728, 691, 691, 728, 729, 692, 692, 729, 730, 693, 693, 730, 731, 694, 694, 731, 732, 695, 695, 732, 733, 696, 696, 733, 734, 697, 697, 734, 735, 698, 698, 735, 736, 699, 699, 736, 737, 700, 700, 737, 738, 701, 701, 738, 739, 702, 703, 740, 741, 704, 704, 741, 742, 705, 705, 742, 743, 706, 706, 743, 744, 707, 707, 744, 745, 708, 708, 745, 746, 709, 709, 746, 747, 710, 710, 747, 748, 711, 711, 748, 749, 712, 712, 749, 750, 713, 713, 750, 751, 714, 714, 751, 752, 715, 715, 752, 753, 716, 716, 753, 754, 717, 717, 754, 755, 718, 718, 755, 756, 719, 719, 756, 757, 720, 720, 757, 758, 721, 721, 758, 759, 722, 722, 759, 760, 723, 723, 760, 761, 724, 724, 761, 762, 725, 725, 762, 763, 726, 726, 763, 764, 727, 727, 764, 765, 728, 728, 765, 766, 729, 729, 766, 767, 730, 730, 767, 768, 731, 731, 768, 769, 732, 732, 769, 770, 733, 733, 770, 771, 734, 734, 771, 772, 735, 735, 772, 773, 736, 736, 773, 774, 737, 737, 774, 775, 738, 738, 775, 776, 739, 740, 777, 778, 741, 741, 778, 779, 742, 742, 779, 780, 743, 743, 780, 781, 744, 744, 781, 782, 745, 745, 782, 783, 746, 746, 783, 784, 747, 747, 784, 785, 748, 748, 785, 786, 749, 749, 786, 787, 750, 750, 787, 788, 751, 751, 788, 789, 752, 752, 789, 790, 753, 753, 790, 791, 754, 754, 791, 792, 755, 755, 792, 793, 756, 756, 793, 794, 757, 757, 794, 795, 758, 758, 795, 796, 759, 759, 796, 797, 760, 760, 797, 798, 761, 761, 798, 799, 762, 762, 799, 800, 763, 763, 800, 801, 764, 764, 801, 802, 765, 765, 802, 803, 766, 766, 803, 804, 767, 767, 804, 805, 768, 768, 805, 806, 769, 769, 806, 807, 770, 770, 807, 808, 771, 771, 808, 809, 772, 772, 809, 810, 773, 773, 810, 811, 774, 774, 811, 812, 775, 775, 812, 813, 776, 777, 814, 815, 778, 778, 815, 816, 779, 779, 816, 817, 780, 780, 817, 818, 781, 781, 818, 819, 782, 782, 819, 820, 783, 783, 820, 821, 784, 784, 821, 822, 785, 785, 822, 823, 786, 786, 823, 824, 787, 787, 824, 825, 788, 788, 825, 826, 789, 789, 826, 827, 790, 790, 827, 828, 791, 791, 828, 829, 792, 792, 829, 830, 793, 793, 830, 831, 794, 794, 831, 832, 795, 795, 832, 833, 796, 796, 833, 834, 797, 797, 834, 835, 798, 798, 835, 836, 799, 799, 836, 837, 800, 800, 837, 838, 801, 801, 838, 839, 802, 802, 839, 840, 803, 803, 840, 841, 804, 804, 841, 842, 805, 805, 842, 843, 806, 806, 843, 844, 807, 807, 844, 845, 808, 808, 845, 846, 809, 809, 846, 847, 810, 810, 847, 848, 811, 811, 848, 849, 812, 812, 849, 850, 813, 814, 851, 852, 815, 815, 852, 853, 816, 816, 853, 854, 817, 817, 854, 855, 818, 818, 855, 856, 819, 819, 856, 857, 820, 820, 857, 858, 821, 821, 858, 859, 822, 822, 859, 860, 823, 823, 860, 861, 824, 824, 861, 862, 825, 825, 862, 863, 826, 826, 863, 864, 827, 827, 864, 865, 828, 828, 865, 866, 829, 829, 866, 867, 830, 830, 867, 868, 831, 831, 868, 869, 832, 832, 869, 870, 833, 833, 870, 871, 834, 834, 871, 872, 835, 835, 872, 873, 836, 836, 873, 874, 837, 837, 874, 875, 838, 838, 875, 876, 839, 839, 876, 877, 840, 840, 877, 878, 841, 841, 878, 879, 842, 842, 879, 880, 843, 843, 880, 881, 844, 844, 881, 882, 845, 845, 882, 883, 846, 846, 883, 884, 847, 847, 884, 885, 848, 848, 885, 886, 849, 849, 886, 887, 850, 851, 888, 889, 852, 852, 889, 890, 853, 853, 890, 891, 854, 854, 891, 892, 855, 855, 892, 893, 856, 856, 893, 894, 857, 857, 894, 895, 858, 858, 895, 896, 859, 859, 896, 897, 860, 860, 897, 898, 861, 861, 898, 899, 862, 862, 899, 900, 863, 863, 900, 901, 864, 864, 901, 902, 865, 865, 902, 903, 866, 866, 903, 904, 867, 867, 904, 905, 868, 868, 905, 906, 869, 869, 906, 907, 870, 870, 907, 908, 871, 871, 908, 909, 872, 872, 909, 910, 873, 873, 910, 911, 874, 874, 911, 912, 875, 875, 912, 913, 876, 876, 913, 914, 877, 877, 914, 915, 878, 878, 915, 916, 879, 879, 916, 917, 880, 880, 917, 918, 881, 881, 918, 919, 882, 882, 919, 920, 883, 883, 920, 921, 884, 884, 921, 922, 885, 885, 922, 923, 886, 886, 923, 924, 887, 888, 925, 926, 889, 889, 926, 927, 890, 890, 927, 928, 891, 891, 928, 929, 892, 892, 929, 930, 893, 893, 930, 931, 894, 894, 931, 932, 895, 895, 932, 933, 896, 896, 933, 934, 897, 897, 934, 935, 898, 898, 935, 936, 899, 899, 936, 937, 900, 900, 937, 938, 901, 901, 938, 939, 902, 902, 939, 940, 903, 903, 940, 941, 904, 904, 941, 942, 905, 905, 942, 943, 906, 906, 943, 944, 907, 907, 944, 945, 908, 908, 945, 946, 909, 909, 946, 947, 910, 910, 947, 948, 911, 911, 948, 949, 912, 912, 949, 950, 913, 913, 950, 951, 914, 914, 951, 952, 915, 915, 952, 953, 916, 916, 953, 954, 917, 917, 954, 955, 918, 918, 955, 956, 919, 919, 956, 957, 920, 920, 957, 958, 921, 921, 958, 959, 922, 922, 959, 960, 923, 923, 960, 961, 924, 925, 962, 963, 926, 926, 963, 964, 927, 927, 964, 965, 928, 928, 965, 966, 929, 929, 966, 967, 930, 930, 967, 968, 931, 931, 968, 969, 932, 932, 969, 970, 933, 933, 970, 971, 934, 934, 971, 972, 935, 935, 972, 973, 936, 936, 973, 974, 937, 937, 974, 975, 938, 938, 975, 976, 939, 939, 976, 977, 940, 940, 977, 978, 941, 941, 978, 979, 942, 942, 979, 980, 943, 943, 980, 981, 944, 944, 981, 982, 945, 945, 982, 983, 946, 946, 983, 984, 947, 947, 984, 985, 948, 948, 985, 986, 949, 949, 986, 987, 950, 950, 987, 988, 951, 951, 988, 989, 952, 952, 989, 990, 953, 953, 990, 991, 954, 954, 991, 992, 955, 955, 992, 993, 956, 956, 993, 994, 957, 957, 994, 995, 958, 958, 995, 996, 959, 959, 996, 997, 960, 960, 997, 998, 961, 962, 999, 1000, 963, 963, 1000, 1001, 964, 964, 1001, 1002, 965, 965, 1002, 1003, 966, 966, 1003, 1004, 967, 967, 1004, 1005, 968, 968, 1005, 1006, 969, 969, 1006, 1007, 970, 970, 1007, 1008, 971, 971, 1008, 1009, 972, 972, 1009, 1010, 973, 973, 1010, 1011, 974, 974, 1011, 1012, 975, 975, 1012, 1013, 976, 976, 1013, 1014, 977, 977, 1014, 1015, 978, 978, 1015, 1016, 979, 979, 1016, 1017, 980, 980, 1017, 1018, 981, 981, 1018, 1019, 982, 982, 1019, 1020, 983, 983, 1020, 1021, 984, 984, 1021, 1022, 985, 985, 1022, 1023, 986, 986, 1023, 1024, 987, 987, 1024, 1025, 988, 988, 1025, 1026, 989, 989, 1026, 1027, 990, 990, 1027, 1028, 991, 991, 1028, 1029, 992, 992, 1029, 1030, 993, 993, 1030, 1031, 994, 994, 1031, 1032, 995, 995, 1032, 1033, 996, 996, 1033, 1034, 997, 997, 1034, 1035, 998, 999, 1036, 1037, 1000, 1000, 1037, 1038, 1001, 1001, 1038, 1039, 1002, 1002, 1039, 1040, 1003, 1003, 1040, 1041, 1004, 1004, 1041, 1042, 1005, 1005, 1042, 1043, 1006, 1006, 1043, 1044, 1007, 1007, 1044, 1045, 1008, 1008, 1045, 1046, 1009, 1009, 1046, 1047, 1010, 1010, 1047, 1048, 1011, 1011, 1048, 1049, 1012, 1012, 1049, 1050, 1013, 1013, 1050, 1051, 1014, 1014, 1051, 1052, 1015, 1015, 1052, 1053, 1016, 1016, 1053, 1054, 1017, 1017, 1054, 1055, 1018, 1018, 1055, 1056, 1019, 1019, 1056, 1057, 1020, 1020, 1057, 1058, 1021, 1021, 1058, 1059, 1022, 1022, 1059, 1060, 1023, 1023, 1060, 1061, 1024, 1024, 1061, 1062, 1025, 1025, 1062, 1063, 1026, 1026, 1063, 1064, 1027, 1027, 1064, 1065, 1028, 1028, 1065, 1066, 1029, 1029, 1066, 1067, 1030, 1030, 1067, 1068, 1031, 1031, 1068, 1069, 1032, 1032, 1069, 1070, 1033, 1033, 1070, 1071, 1034, 1034, 1071, 1072, 1035, 1036, 1073, 1074, 1037, 1037, 1074, 1075, 1038, 1038, 1075, 1076, 1039, 1039, 1076, 1077, 1040, 1040, 1077, 1078, 1041, 1041, 1078, 1079, 1042, 1042, 1079, 1080, 1043, 1043, 1080, 1081, 1044, 1044, 1081, 1082, 1045, 1045, 1082, 1083, 1046, 1046, 1083, 1084, 1047, 1047, 1084, 1085, 1048, 1048, 1085, 1086, 1049, 1049, 1086, 1087, 1050, 1050, 1087, 1088, 1051, 1051, 1088, 1089, 1052, 1052, 1089, 1090, 1053, 1053, 1090, 1091, 1054, 1054, 1091, 1092, 1055, 1055, 1092, 1093, 1056, 1056, 1093, 1094, 1057, 1057, 1094, 1095, 1058, 1058, 1095, 1096, 1059, 1059, 1096, 1097, 1060, 1060, 1097, 1098, 1061, 1061, 1098, 1099, 1062, 1062, 1099, 1100, 1063, 1063, 1100, 1101, 1064, 1064, 1101, 1102, 1065, 1065, 1102, 1103, 1066, 1066, 1103, 1104, 1067, 1067, 1104, 1105, 1068, 1068, 1105, 1106, 1069, 1069, 1106, 1107, 1070, 1070, 1107, 1108, 1071, 1071, 1108, 1109, 1072, 1073, 1110, 1111, 1074, 1074, 1111, 1112, 1075, 1075, 1112, 1113, 1076, 1076, 1113, 1114, 1077, 1077, 1114, 1115, 1078, 1078, 1115, 1116, 1079, 1079, 1116, 1117, 1080, 1080, 1117, 1118, 1081, 1081, 1118, 1119, 1082, 1082, 1119, 1120, 1083, 1083, 1120, 1121, 1084, 1084, 1121, 1122, 1085, 1085, 1122, 1123, 1086, 1086, 1123, 1124, 1087, 1087, 1124, 1125, 1088, 1088, 1125, 1126, 1089, 1089, 1126, 1127, 1090, 1090, 1127, 1128, 1091, 1091, 1128, 1129, 1092, 1092, 1129, 1130, 1093, 1093, 1130, 1131, 1094, 1094, 1131, 1132, 1095, 1095, 1132, 1133, 1096, 1096, 1133, 1134, 1097, 1097, 1134, 1135, 1098, 1098, 1135, 1136, 1099, 1099, 1136, 1137, 1100, 1100, 1137, 1138, 1101, 1101, 1138, 1139, 1102, 1102, 1139, 1140, 1103, 1103, 1140, 1141, 1104, 1104, 1141, 1142, 1105, 1105, 1142, 1143, 1106, 1106, 1143, 1144, 1107, 1107, 1144, 1145, 1108, 1108, 1145, 1146, 1109, 1110, 1147, 1148, 1111, 1111, 1148, 1149, 1112, 1112, 1149, 1150, 1113, 1113, 1150, 1151, 1114, 1114, 1151, 1152, 1115, 1115, 1152, 1153, 1116, 1116, 1153, 1154, 1117, 1117, 1154, 1155, 1118, 1118, 1155, 1156, 1119, 1119, 1156, 1157, 1120, 1120, 1157, 1158, 1121, 1121, 1158, 1159, 1122, 1122, 1159, 1160, 1123, 1123, 1160, 1161, 1124, 1124, 1161, 1162, 1125, 1125, 1162, 1163, 1126, 1126, 1163, 1164, 1127, 1127, 1164, 1165, 1128, 1128, 1165, 1166, 1129, 1129, 1166, 1167, 1130, 1130, 1167, 1168, 1131, 1131, 1168, 1169, 1132, 1132, 1169, 1170, 1133, 1133, 1170, 1171, 1134, 1134, 1171, 1172, 1135, 1135, 1172, 1173, 1136, 1136, 1173, 1174, 1137, 1137, 1174, 1175, 1138, 1138, 1175, 1176, 1139, 1139, 1176, 1177, 1140, 1140, 1177, 1178, 1141, 1141, 1178, 1179, 1142, 1142, 1179, 1180, 1143, 1143, 1180, 1181, 1144, 1144, 1181, 1182, 1145, 1145, 1182, 1183, 1146, 1147, 1184, 1185, 1148, 1148, 1185, 1186, 1149, 1149, 1186, 1187, 1150, 1150, 1187, 1188, 1151, 1151, 1188, 1189, 1152, 1152, 1189, 1190, 1153, 1153, 1190, 1191, 1154, 1154, 1191, 1192, 1155, 1155, 1192, 1193, 1156, 1156, 1193, 1194, 1157, 1157, 1194, 1195, 1158, 1158, 1195, 1196, 1159, 1159, 1196, 1197, 1160, 1160, 1197, 1198, 1161, 1161, 1198, 1199, 1162, 1162, 1199, 1200, 1163, 1163, 1200, 1201, 1164, 1164, 1201, 1202, 1165, 1165, 1202, 1203, 1166, 1166, 1203, 1204, 1167, 1167, 1204, 1205, 1168, 1168, 1205, 1206, 1169, 1169, 1206, 1207, 1170, 1170, 1207, 1208, 1171, 1171, 1208, 1209, 1172, 1172, 1209, 1210, 1173, 1173, 1210, 1211, 1174, 1174, 1211, 1212, 1175, 1175, 1212, 1213, 1176, 1176, 1213, 1214, 1177, 1177, 1214, 1215, 1178, 1178, 1215, 1216, 1179, 1179, 1216, 1217, 1180, 1180, 1217, 1218, 1181, 1181, 1218, 1219, 1182, 1182, 1219, 1220, 1183, 1184, 1221, 1222, 1185, 1185, 1222, 1223, 1186, 1186, 1223, 1224, 1187, 1187, 1224, 1225, 1188, 1188, 1225, 1226, 1189, 1189, 1226, 1227, 1190, 1190, 1227, 1228, 1191, 1191, 1228, 1229, 1192, 1192, 1229, 1230, 1193, 1193, 1230, 1231, 1194, 1194, 1231, 1232, 1195, 1195, 1232, 1233, 1196, 1196, 1233, 1234, 1197, 1197, 1234, 1235, 1198, 1198, 1235, 1236, 1199, 1199, 1236, 1237, 1200, 1200, 1237, 1238, 1201, 1201, 1238, 1239, 1202, 1202, 1239, 1240, 1203, 1203, 1240, 1241, 1204, 1204, 1241, 1242, 1205, 1205, 1242, 1243, 1206, 1206, 1243, 1244, 1207, 1207, 1244, 1245, 1208, 1208, 1245, 1246, 1209, 1209, 1246, 1247, 1210, 1210, 1247, 1248, 1211, 1211, 1248, 1249, 1212, 1212, 1249, 1250, 1213, 1213, 1250, 1251, 1214, 1214, 1251, 1252, 1215, 1215, 1252, 1253, 1216, 1216, 1253, 1254, 1217, 1217, 1254, 1255, 1218, 1218, 1255, 1256, 1219, 1219, 1256, 1257, 1220, 1221, 1258, 1259, 1222, 1222, 1259, 1260, 1223, 1223, 1260, 1261, 1224, 1224, 1261, 1262, 1225, 1225, 1262, 1263, 1226, 1226, 1263, 1264, 1227, 1227, 1264, 1265, 1228, 1228, 1265, 1266, 1229, 1229, 1266, 1267, 1230, 1230, 1267, 1268, 1231, 1231, 1268, 1269, 1232, 1232, 1269, 1270, 1233, 1233, 1270, 1271, 1234, 1234, 1271, 1272, 1235, 1235, 1272, 1273, 1236, 1236, 1273, 1274, 1237, 1237, 1274, 1275, 1238, 1238, 1275, 1276, 1239, 1239, 1276, 1277, 1240, 1240, 1277, 1278, 1241, 1241, 1278, 1279, 1242, 1242, 1279, 1280, 1243, 1243, 1280, 1281, 1244, 1244, 1281, 1282, 1245, 1245, 1282, 1283, 1246, 1246, 1283, 1284, 1247, 1247, 1284, 1285, 1248, 1248, 1285, 1286, 1249, 1249, 1286, 1287, 1250, 1250, 1287, 1288, 1251, 1251, 1288, 1289, 1252, 1252, 1289, 1290, 1253, 1253, 1290, 1291, 1254, 1254, 1291, 1292, 1255, 1255, 1292, 1293, 1256, 1256, 1293, 1294, 1257, 1258, 1295, 1296, 1259, 1259, 1296, 1297, 1260, 1260, 1297, 1298, 1261, 1261, 1298, 1299, 1262, 1262, 1299, 1300, 1263, 1263, 1300, 1301, 1264, 1264, 1301, 1302, 1265, 1265, 1302, 1303, 1266, 1266, 1303, 1304, 1267, 1267, 1304, 1305, 1268, 1268, 1305, 1306, 1269, 1269, 1306, 1307, 1270, 1270, 1307, 1308, 1271, 1271, 1308, 1309, 1272, 1272, 1309, 1310, 1273, 1273, 1310, 1311, 1274, 1274, 1311, 1312, 1275, 1275, 1312, 1313, 1276, 1276, 1313, 1314, 1277, 1277, 1314, 1315, 1278, 1278, 1315, 1316, 1279, 1279, 1316, 1317, 1280, 1280, 1317, 1318, 1281, 1281, 1318, 1319, 1282, 1282, 1319, 1320, 1283, 1283, 1320, 1321, 1284, 1284, 1321, 1322, 1285, 1285, 1322, 1323, 1286, 1286, 1323, 1324, 1287, 1287, 1324, 1325, 1288, 1288, 1325, 1326, 1289, 1289, 1326, 1327, 1290, 1290, 1327, 1328, 1291, 1291, 1328, 1329, 1292, 1292, 1329, 1330, 1293, 1293, 1330, 1331, 1294, 1295, 1332, 1333, 1296, 1296, 1333, 1334, 1297, 1297, 1334, 1335, 1298, 1298, 1335, 1336, 1299, 1299, 1336, 1337, 1300, 1300, 1337, 1338, 1301, 1301, 1338, 1339, 1302, 1302, 1339, 1340, 1303, 1303, 1340, 1341, 1304, 1304, 1341, 1342, 1305, 1305, 1342, 1343, 1306, 1306, 1343, 1344, 1307, 1307, 1344, 1345, 1308, 1308, 1345, 1346, 1309, 1309, 1346, 1347, 1310, 1310, 1347, 1348, 1311, 1311, 1348, 1349, 1312, 1312, 1349, 1350, 1313, 1313, 1350, 1351, 1314, 1314, 1351, 1352, 1315, 1315, 1352, 1353, 1316, 1316, 1353, 1354, 1317, 1317, 1354, 1355, 1318, 1318, 1355, 1356, 1319, 1319, 1356, 1357, 1320, 1320, 1357, 1358, 1321, 1321, 1358, 1359, 1322, 1322, 1359, 1360, 1323, 1323, 1360, 1361, 1324, 1324, 1361, 1362, 1325, 1325, 1362, 1363, 1326, 1326, 1363, 1364, 1327, 1327, 1364, 1365, 1328, 1328, 1365, 1366, 1329, 1329, 1366, 1367, 1330, 1330, 1367, 1368, 1331, 1332, 1369, 1370, 1333, 1333, 1370, 1371, 1334, 1334, 1371, 1372, 1335, 1335, 1372, 1373, 1336, 1336, 1373, 1374, 1337, 1337, 1374, 1375, 1338, 1338, 1375, 1376, 1339, 1339, 1376, 1377, 1340, 1340, 1377, 1378, 1341, 1341, 1378, 1379, 1342, 1342, 1379, 1380, 1343, 1343, 1380, 1381, 1344, 1344, 1381, 1382, 1345, 1345, 1382, 1383, 1346, 1346, 1383, 1384, 1347, 1347, 1384, 1385, 1348, 1348, 1385, 1386, 1349, 1349, 1386, 1387, 1350, 1350, 1387, 1388, 1351, 1351, 1388, 1389, 1352, 1352, 1389, 1390, 1353, 1353, 1390, 1391, 1354, 1354, 1391, 1392, 1355, 1355, 1392, 1393, 1356, 1356, 1393, 1394, 1357, 1357, 1394, 1395, 1358, 1358, 1395, 1396, 1359, 1359, 1396, 1397, 1360, 1360, 1397, 1398, 1361, 1361, 1398, 1399, 1362, 1362, 1399, 1400, 1363, 1363, 1400, 1401, 1364, 1364, 1401, 1402, 1365, 1365, 1402, 1403, 1366, 1366, 1403, 1404, 1367, 1367, 1404, 1405, 1368, 1369, 1406, 1407, 1370, 1370, 1407, 1408, 1371, 1371, 1408, 1409, 1372, 1372, 1409, 1410, 1373, 1373, 1410, 1411, 1374, 1374, 1411, 1412, 1375, 1375, 1412, 1413, 1376, 1376, 1413, 1414, 1377, 1377, 1414, 1415, 1378, 1378, 1415, 1416, 1379, 1379, 1416, 1417, 1380, 1380, 1417, 1418, 1381, 1381, 1418, 1419, 1382, 1382, 1419, 1420, 1383, 1383, 1420, 1421, 1384, 1384, 1421, 1422, 1385, 1385, 1422, 1423, 1386, 1386, 1423, 1424, 1387, 1387, 1424, 1425, 1388, 1388, 1425, 1426, 1389, 1389, 1426, 1427, 1390, 1390, 1427, 1428, 1391, 1391, 1428, 1429, 1392, 1392, 1429, 1430, 1393, 1393, 1430, 1431, 1394, 1394, 1431, 1432, 1395, 1395, 1432, 1433, 1396, 1396, 1433, 1434, 1397, 1397, 1434, 1435, 1398, 1398, 1435, 1436, 1399, 1399, 1436, 1437, 1400, 1400, 1437, 1438, 1401, 1401, 1438, 1439, 1402, 1402, 1439, 1440, 1403, 1403, 1440, 1441, 1404, 1404, 1441, 1442, 1405, 1406, 1443, 1444, 1407, 1407, 1444, 1445, 1408, 1408, 1445, 1446, 1409, 1409, 1446, 1447, 1410, 1410, 1447, 1448, 1411, 1411, 1448, 1449, 1412, 1412, 1449, 1450, 1413, 1413, 1450, 1451, 1414, 1414, 1451, 1452, 1415, 1415, 1452, 1453, 1416, 1416, 1453, 1454, 1417, 1417, 1454, 1455, 1418, 1418, 1455, 1456, 1419, 1419, 1456, 1457, 1420, 1420, 1457, 1458, 1421, 1421, 1458, 1459, 1422, 1422, 1459, 1460, 1423, 1423, 1460, 1461, 1424, 1424, 1461, 1462, 1425, 1425, 1462, 1463, 1426, 1426, 1463, 1464, 1427, 1427, 1464, 1465, 1428, 1428, 1465, 1466, 1429, 1429, 1466, 1467, 1430, 1430, 1467, 1468, 1431, 1431, 1468, 1469, 1432, 1432, 1469, 1470, 1433, 1433, 1470, 1471, 1434, 1434, 1471, 1472, 1435, 1435, 1472, 1473, 1436, 1436, 1473, 1474, 1437, 1437, 1474, 1475, 1438, 1438, 1475, 1476, 1439, 1439, 1476, 1477, 1440, 1440, 1477, 1478, 1441, 1441, 1478, 1479, 1442, 1443, 1480, 1481, 1444, 1444, 1481, 1482, 1445, 1445, 1482, 1483, 1446, 1446, 1483, 1484, 1447, 1447, 1484, 1485, 1448, 1448, 1485, 1486, 1449, 1449, 1486, 1487, 1450, 1450, 1487, 1488, 1451, 1451, 1488, 1489, 1452, 1452, 1489, 1490, 1453, 1453, 1490, 1491, 1454, 1454, 1491, 1492, 1455, 1455, 1492, 1493, 1456, 1456, 1493, 1494, 1457, 1457, 1494, 1495, 1458, 1458, 1495, 1496, 1459, 1459, 1496, 1497, 1460, 1460, 1497, 1498, 1461, 1461, 1498, 1499, 1462, 1462, 1499, 1500, 1463, 1463, 1500, 1501, 1464, 1464, 1501, 1502, 1465, 1465, 1502, 1503, 1466, 1466, 1503, 1504, 1467, 1467, 1504, 1505, 1468, 1468, 1505, 1506, 1469, 1469, 1506, 1507, 1470, 1470, 1507, 1508, 1471, 1471, 1508, 1509, 1472, 1472, 1509, 1510, 1473, 1473, 1510, 1511, 1474, 1474, 1511, 1512, 1475, 1475, 1512, 1513, 1476, 1476, 1513, 1514, 1477, 1477, 1514, 1515, 1478, 1478, 1515, 1516, 1479, 1480, 1517, 1518, 1481, 1481, 1518, 1519, 1482, 1482, 1519, 1520, 1483, 1483, 1520, 1521, 1484, 1484, 1521, 1522, 1485, 1485, 1522, 1523, 1486, 1486, 1523, 1524, 1487, 1487, 1524, 1525, 1488, 1488, 1525, 1526, 1489, 1489, 1526, 1527, 1490, 1490, 1527, 1528, 1491, 1491, 1528, 1529, 1492, 1492, 1529, 1530, 1493, 1493, 1530, 1531, 1494, 1494, 1531, 1532, 1495, 1495, 1532, 1533, 1496, 1496, 1533, 1534, 1497, 1497, 1534, 1535, 1498, 1498, 1535, 1536, 1499, 1499, 1536, 1537, 1500, 1500, 1537, 1538, 1501, 1501, 1538, 1539, 1502, 1502, 1539, 1540, 1503, 1503, 1540, 1541, 1504, 1504, 1541, 1542, 1505, 1505, 1542, 1543, 1506, 1506, 1543, 1544, 1507, 1507, 1544, 1545, 1508, 1508, 1545, 1546, 1509, 1509, 1546, 1547, 1510, 1510, 1547, 1548, 1511, 1511, 1548, 1549, 1512, 1512, 1549, 1550, 1513, 1513, 1550, 1551, 1514, 1514, 1551, 1552, 1515, 1515, 1552, 1553, 1516, 1517, 1554, 1555, 1518, 1518, 1555, 1556, 1519, 1519, 1556, 1557, 1520, 1520, 1557, 1558, 1521, 1521, 1558, 1559, 1522, 1522, 1559, 1560, 1523, 1523, 1560, 1561, 1524, 1524, 1561, 1562, 1525, 1525, 1562, 1563, 1526, 1526, 1563, 1564, 1527, 1527, 1564, 1565, 1528, 1528, 1565, 1566, 1529, 1529, 1566, 1567, 1530, 1530, 1567, 1568, 1531, 1531, 1568, 1569, 1532, 1532, 1569, 1570, 1533, 1533, 1570, 1571, 1534, 1534, 1571, 1572, 1535, 1535, 1572, 1573, 1536, 1536, 1573, 1574, 1537, 1537, 1574, 1575, 1538, 1538, 1575, 1576, 1539, 1539, 1576, 1577, 1540, 1540, 1577, 1578, 1541, 1541, 1578, 1579, 1542, 1542, 1579, 1580, 1543, 1543, 1580, 1581, 1544, 1544, 1581, 1582, 1545, 1545, 1582, 1583, 1546, 1546, 1583, 1584, 1547, 1547, 1584, 1585, 1548, 1548, 1585, 1586, 1549, 1549, 1586, 1587, 1550, 1550, 1587, 1588, 1551, 1551, 1588, 1589, 1552, 1552, 1589, 1590, 1553, 1554, 1591, 1592, 1555, 1555, 1592, 1593, 1556, 1556, 1593, 1594, 1557, 1557, 1594, 1595, 1558, 1558, 1595, 1596, 1559, 1559, 1596, 1597, 1560, 1560, 1597, 1598, 1561, 1561, 1598, 1599, 1562, 1562, 1599, 1600, 1563, 1563, 1600, 1601, 1564, 1564, 1601, 1602, 1565, 1565, 1602, 1603, 1566, 1566, 1603, 1604, 1567, 1567, 1604, 1605, 1568, 1568, 1605, 1606, 1569, 1569, 1606, 1607, 1570, 1570, 1607, 1608, 1571, 1571, 1608, 1609, 1572, 1572, 1609, 1610, 1573, 1573, 1610, 1611, 1574, 1574, 1611, 1612, 1575, 1575, 1612, 1613, 1576, 1576, 1613, 1614, 1577, 1577, 1614, 1615, 1578, 1578, 1615, 1616, 1579, 1579, 1616, 1617, 1580, 1580, 1617, 1618, 1581, 1581, 1618, 1619, 1582, 1582, 1619, 1620, 1583, 1583, 1620, 1621, 1584, 1584, 1621, 1622, 1585, 1585, 1622, 1623, 1586, 1586, 1623, 1624, 1587, 1587, 1624, 1625, 1588, 1588, 1625, 1626, 1589, 1589, 1626, 1627, 1590, 1591, 1628, 1629, 1592, 1592, 1629, 1630, 1593, 1593, 1630, 1631, 1594, 1594, 1631, 1632, 1595, 1595, 1632, 1633, 1596, 1596, 1633, 1634, 1597, 1597, 1634, 1635, 1598, 1598, 1635, 1636, 1599, 1599, 1636, 1637, 1600, 1600, 1637, 1638, 1601, 1601, 1638, 1639, 1602, 1602, 1639, 1640, 1603, 1603, 1640, 1641, 1604, 1604, 1641, 1642, 1605, 1605, 1642, 1643, 1606, 1606, 1643, 1644, 1607, 1607, 1644, 1645, 1608, 1608, 1645, 1646, 1609, 1609, 1646, 1647, 1610, 1610, 1647, 1648, 1611, 1611, 1648, 1649, 1612, 1612, 1649, 1650, 1613, 1613, 1650, 1651, 1614, 1614, 1651, 1652, 1615, 1615, 1652, 1653, 1616, 1616, 1653, 1654, 1617, 1617, 1654, 1655, 1618, 1618, 1655, 1656, 1619, 1619, 1656, 1657, 1620, 1620, 1657, 1658, 1621, 1621, 1658, 1659, 1622, 1622, 1659, 1660, 1623, 1623, 1660, 1661, 1624, 1624, 1661, 1662, 1625, 1625, 1662, 1663, 1626, 1626, 1663, 1664, 1627, 1628, 1665, 1666, 1629, 1629, 1666, 1667, 1630, 1630, 1667, 1668, 1631, 1631, 1668, 1669, 1632, 1632, 1669, 1670, 1633, 1633, 1670, 1671, 1634, 1634, 1671, 1672, 1635, 1635, 1672, 1673, 1636, 1636, 1673, 1674, 1637, 1637, 1674, 1675, 1638, 1638, 1675, 1676, 1639, 1639, 1676, 1677, 1640, 1640, 1677, 1678, 1641, 1641, 1678, 1679, 1642, 1642, 1679, 1680, 1643, 1643, 1680, 1681, 1644, 1644, 1681, 1682, 1645, 1645, 1682, 1683, 1646, 1646, 1683, 1684, 1647, 1647, 1684, 1685, 1648, 1648, 1685, 1686, 1649, 1649, 1686, 1687, 1650, 1650, 1687, 1688, 1651, 1651, 1688, 1689, 1652, 1652, 1689, 1690, 1653, 1653, 1690, 1691, 1654, 1654, 1691, 1692, 1655, 1655, 1692, 1693, 1656, 1656, 1693, 1694, 1657, 1657, 1694, 1695, 1658, 1658, 1695, 1696, 1659, 1659, 1696, 1697, 1660, 1660, 1697, 1698, 1661, 1661, 1698, 1699, 1662, 1662, 1699, 1700, 1663, 1663, 1700, 1701, 1664, 1665, 1702, 1703, 1666, 1666, 1703, 1704, 1667, 1667, 1704, 1705, 1668, 1668, 1705, 1706, 1669, 1669, 1706, 1707, 1670, 1670, 1707, 1708, 1671, 1671, 1708, 1709, 1672, 1672, 1709, 1710, 1673, 1673, 1710, 1711, 1674, 1674, 1711, 1712, 1675, 1675, 1712, 1713, 1676, 1676, 1713, 1714, 1677, 1677, 1714, 1715, 1678, 1678, 1715, 1716, 1679, 1679, 1716, 1717, 1680, 1680, 1717, 1718, 1681, 1681, 1718, 1719, 1682, 1682, 1719, 1720, 1683, 1683, 1720, 1721, 1684, 1684, 1721, 1722, 1685, 1685, 1722, 1723, 1686, 1686, 1723, 1724, 1687, 1687, 1724, 1725, 1688, 1688, 1725, 1726, 1689, 1689, 1726, 1727, 1690, 1690, 1727, 1728, 1691, 1691, 1728, 1729, 1692, 1692, 1729, 1730, 1693, 1693, 1730, 1731, 1694, 1694, 1731, 1732, 1695, 1695, 1732, 1733, 1696, 1696, 1733, 1734, 1697, 1697, 1734, 1735, 1698, 1698, 1735, 1736, 1699, 1699, 1736, 1737, 1700, 1700, 1737, 1738, 1701, 1702, 1739, 1740, 1703, 1703, 1740, 1741, 1704, 1704, 1741, 1742, 1705, 1705, 1742, 1743, 1706, 1706, 1743, 1744, 1707, 1707, 1744, 1745, 1708, 1708, 1745, 1746, 1709, 1709, 1746, 1747, 1710, 1710, 1747, 1748, 1711, 1711, 1748, 1749, 1712, 1712, 1749, 1750, 1713, 1713, 1750, 1751, 1714, 1714, 1751, 1752, 1715, 1715, 1752, 1753, 1716, 1716, 1753, 1754, 1717, 1717, 1754, 1755, 1718, 1718, 1755, 1756, 1719, 1719, 1756, 1757, 1720, 1720, 1757, 1758, 1721, 1721, 1758, 1759, 1722, 1722, 1759, 1760, 1723, 1723, 1760, 1761, 1724, 1724, 1761, 1762, 1725, 1725, 1762, 1763, 1726, 1726, 1763, 1764, 1727, 1727, 1764, 1765, 1728, 1728, 1765, 1766, 1729, 1729, 1766, 1767, 1730, 1730, 1767, 1768, 1731, 1731, 1768, 1769, 1732, 1732, 1769, 1770, 1733, 1733, 1770, 1771, 1734, 1734, 1771, 1772, 1735, 1735, 1772, 1773, 1736, 1736, 1773, 1774, 1737, 1737, 1774, 1775, 1738, 1739, 1776, 1777, 1740, 1740, 1777, 1778, 1741, 1741, 1778, 1779, 1742, 1742, 1779, 1780, 1743, 1743, 1780, 1781, 1744, 1744, 1781, 1782, 1745, 1745, 1782, 1783, 1746, 1746, 1783, 1784, 1747, 1747, 1784, 1785, 1748, 1748, 1785, 1786, 1749, 1749, 1786, 1787, 1750, 1750, 1787, 1788, 1751, 1751, 1788, 1789, 1752, 1752, 1789, 1790, 1753, 1753, 1790, 1791, 1754, 1754, 1791, 1792, 1755, 1755, 1792, 1793, 1756, 1756, 1793, 1794, 1757, 1757, 1794, 1795, 1758, 1758, 1795, 1796, 1759, 1759, 1796, 1797, 1760, 1760, 1797, 1798, 1761, 1761, 1798, 1799, 1762, 1762, 1799, 1800, 1763, 1763, 1800, 1801, 1764, 1764, 1801, 1802, 1765, 1765, 1802, 1803, 1766, 1766, 1803, 1804, 1767, 1767, 1804, 1805, 1768, 1768, 1805, 1806, 1769, 1769, 1806, 1807, 1770, 1770, 1807, 1808, 1771, 1771, 1808, 1809, 1772, 1772, 1809, 1810, 1773, 1773, 1810, 1811, 1774, 1774, 1811, 1812, 1775, 1813, 1814, 1851, 1850, 1814, 1815, 1852, 1851, 1815, 1816, 1853, 1852, 1816, 1817, 1854, 1853, 1817, 1818, 1855, 1854, 1818, 1819, 1856, 1855, 1819, 1820, 1857, 1856, 1820, 1821, 1858, 1857, 1821, 1822, 1859, 1858, 1822, 1823, 1860, 1859, 1823, 1824, 1861, 1860, 1824, 1825, 1862, 1861, 1825, 1826, 1863, 1862, 1826, 1827, 1864, 1863, 1827, 1828, 1865, 1864, 1828, 1829, 1866, 1865, 1829, 1830, 1867, 1866, 1830, 1831, 1868, 1867, 1831, 1832, 1869, 1868, 1832, 1833, 1870, 1869, 1833, 1834, 1871, 1870, 1834, 1835, 1872, 1871, 1835, 1836, 1873, 1872, 1836, 1837, 1874, 1873, 1837, 1838, 1875, 1874, 1838, 1839, 1876, 1875, 1839, 1840, 1877, 1876, 1840, 1841, 1878, 1877, 1841, 1842, 1879, 1878, 1842, 1843, 1880, 1879, 1843, 1844, 1881, 1880, 1844, 1845, 1882, 1881, 1845, 1846, 1883, 1882, 1846, 1847, 1884, 1883, 1847, 1848, 1885, 1884, 1848, 1849, 1886, 1885, 1850, 1851, 1888, 1887, 1851, 1852, 1889, 1888, 1852, 1853, 1890, 1889, 1853, 1854, 1891, 1890, 1854, 1855, 1892, 1891, 1855, 1856, 1893, 1892, 1856, 1857, 1894, 1893, 1857, 1858, 1895, 1894, 1858, 1859, 1896, 1895, 1859, 1860, 1897, 1896, 1860, 1861, 1898, 1897, 1861, 1862, 1899, 1898, 1862, 1863, 1900, 1899, 1863, 1864, 1901, 1900, 1864, 1865, 1902, 1901, 1865, 1866, 1903, 1902, 1866, 1867, 1904, 1903, 1867, 1868, 1905, 1904, 1868, 1869, 1906, 1905, 1869, 1870, 1907, 1906, 1870, 1871, 1908, 1907, 1871, 1872, 1909, 1908, 1872, 1873, 1910, 1909, 1873, 1874, 1911, 1910, 1874, 1875, 1912, 1911, 1875, 1876, 1913, 1912, 1876, 1877, 1914, 1913, 1877, 1878, 1915, 1914, 1878, 1879, 1916, 1915, 1879, 1880, 1917, 1916, 1880, 1881, 1918, 1917, 1881, 1882, 1919, 1918, 1882, 1883, 1920, 1919, 1883, 1884, 1921, 1920, 1884, 1885, 1922, 1921, 1885, 1886, 1923, 1922, 1887, 1888, 1925, 1924, 1888, 1889, 1926, 1925, 1889, 1890, 1927, 1926, 1890, 1891, 1928, 1927, 1891, 1892, 1929, 1928, 1892, 1893, 1930, 1929, 1893, 1894, 1931, 1930, 1894, 1895, 1932, 1931, 1895, 1896, 1933, 1932, 1896, 1897, 1934, 1933, 1897, 1898, 1935, 1934, 1898, 1899, 1936, 1935, 1899, 1900, 1937, 1936, 1900, 1901, 1938, 1937, 1901, 1902, 1939, 1938, 1902, 1903, 1940, 1939, 1903, 1904, 1941, 1940, 1904, 1905, 1942, 1941, 1905, 1906, 1943, 1942, 1906, 1907, 1944, 1943, 1907, 1908, 1945, 1944, 1908, 1909, 1946, 1945, 1909, 1910, 1947, 1946, 1910, 1911, 1948, 1947, 1911, 1912, 1949, 1948, 1912, 1913, 1950, 1949, 1913, 1914, 1951, 1950, 1914, 1915, 1952, 1951, 1915, 1916, 1953, 1952, 1916, 1917, 1954, 1953, 1917, 1918, 1955, 1954, 1918, 1919, 1956, 1955, 1919, 1920, 1957, 1956, 1920, 1921, 1958, 1957, 1921, 1922, 1959, 1958, 1922, 1923, 1960, 1959, 1924, 1925, 1962, 1961, 1925, 1926, 1963, 1962, 1926, 1927, 1964, 1963, 1927, 1928, 1965, 1964, 1928, 1929, 1966, 1965, 1929, 1930, 1967, 1966, 1930, 1931, 1968, 1967, 1931, 1932, 1969, 1968, 1932, 1933, 1970, 1969, 1933, 1934, 1971, 1970, 1934, 1935, 1972, 1971, 1935, 1936, 1973, 1972, 1936, 1937, 1974, 1973, 1937, 1938, 1975, 1974, 1938, 1939, 1976, 1975, 1939, 1940, 1977, 1976, 1940, 1941, 1978, 1977, 1941, 1942, 1979, 1978, 1942, 1943, 1980, 1979, 1943, 1944, 1981, 1980, 1944, 1945, 1982, 1981, 1945, 1946, 1983, 1982, 1946, 1947, 1984, 1983, 1947, 1948, 1985, 1984, 1948, 1949, 1986, 1985, 1949, 1950, 1987, 1986, 1950, 1951, 1988, 1987, 1951, 1952, 1989, 1988, 1952, 1953, 1990, 1989, 1953, 1954, 1991, 1990, 1954, 1955, 1992, 1991, 1955, 1956, 1993, 1992, 1956, 1957, 1994, 1993, 1957, 1958, 1995, 1994, 1958, 1959, 1996, 1995, 1959, 1960, 1997, 1996, 1961, 1962, 1999, 1998, 1962, 1963, 2000, 1999, 1963, 1964, 2001, 2000, 1964, 1965, 2002, 2001, 1965, 1966, 2003, 2002, 1966, 1967, 2004, 2003, 1967, 1968, 2005, 2004, 1968, 1969, 2006, 2005, 1969, 1970, 2007, 2006, 1970, 1971, 2008, 2007, 1971, 1972, 2009, 2008, 1972, 1973, 2010, 2009, 1973, 1974, 2011, 2010, 1974, 1975, 2012, 2011, 1975, 1976, 2013, 2012, 1976, 1977, 2014, 2013, 1977, 1978, 2015, 2014, 1978, 1979, 2016, 2015, 1979, 1980, 2017, 2016, 1980, 1981, 2018, 2017, 1981, 1982, 2019, 2018, 1982, 1983, 2020, 2019, 1983, 1984, 2021, 2020, 1984, 1985, 2022, 2021, 1985, 1986, 2023, 2022, 1986, 1987, 2024, 2023, 1987, 1988, 2025, 2024, 1988, 1989, 2026, 2025, 1989, 1990, 2027, 2026, 1990, 1991, 2028, 2027, 1991, 1992, 2029, 2028, 1992, 1993, 2030, 2029, 1993, 1994, 2031, 2030, 1994, 1995, 2032, 2031, 1995, 1996, 2033, 2032, 1996, 1997, 2034, 2033, 1998, 1999, 2036, 2035, 1999, 2000, 2037, 2036, 2000, 2001, 2038, 2037, 2001, 2002, 2039, 2038, 2002, 2003, 2040, 2039, 2003, 2004, 2041, 2040, 2004, 2005, 2042, 2041, 2005, 2006, 2043, 2042, 2006, 2007, 2044, 2043, 2007, 2008, 2045, 2044, 2008, 2009, 2046, 2045, 2009, 2010, 2047, 2046, 2010, 2011, 2048, 2047, 2011, 2012, 2049, 2048, 2012, 2013, 2050, 2049, 2013, 2014, 2051, 2050, 2014, 2015, 2052, 2051, 2015, 2016, 2053, 2052, 2016, 2017, 2054, 2053, 2017, 2018, 2055, 2054, 2018, 2019, 2056, 2055, 2019, 2020, 2057, 2056, 2020, 2021, 2058, 2057, 2021, 2022, 2059, 2058, 2022, 2023, 2060, 2059, 2023, 2024, 2061, 2060, 2024, 2025, 2062, 2061, 2025, 2026, 2063, 2062, 2026, 2027, 2064, 2063, 2027, 2028, 2065, 2064, 2028, 2029, 2066, 2065, 2029, 2030, 2067, 2066, 2030, 2031, 2068, 2067, 2031, 2032, 2069, 2068, 2032, 2033, 2070, 2069, 2033, 2034, 2071, 2070, 2035, 2036, 2073, 2072, 2036, 2037, 2074, 2073, 2037, 2038, 2075, 2074, 2038, 2039, 2076, 2075, 2039, 2040, 2077, 2076, 2040, 2041, 2078, 2077, 2041, 2042, 2079, 2078, 2042, 2043, 2080, 2079, 2043, 2044, 2081, 2080, 2044, 2045, 2082, 2081, 2045, 2046, 2083, 2082, 2046, 2047, 2084, 2083, 2047, 2048, 2085, 2084, 2048, 2049, 2086, 2085, 2049, 2050, 2087, 2086, 2050, 2051, 2088, 2087, 2051, 2052, 2089, 2088, 2052, 2053, 2090, 2089, 2053, 2054, 2091, 2090, 2054, 2055, 2092, 2091, 2055, 2056, 2093, 2092, 2056, 2057, 2094, 2093, 2057, 2058, 2095, 2094, 2058, 2059, 2096, 2095, 2059, 2060, 2097, 2096, 2060, 2061, 2098, 2097, 2061, 2062, 2099, 2098, 2062, 2063, 2100, 2099, 2063, 2064, 2101, 2100, 2064, 2065, 2102, 2101, 2065, 2066, 2103, 2102, 2066, 2067, 2104, 2103, 2067, 2068, 2105, 2104, 2068, 2069, 2106, 2105, 2069, 2070, 2107, 2106, 2070, 2071, 2108, 2107, 2072, 2073, 2110, 2109, 2073, 2074, 2111, 2110, 2074, 2075, 2112, 2111, 2075, 2076, 2113, 2112, 2076, 2077, 2114, 2113, 2077, 2078, 2115, 2114, 2078, 2079, 2116, 2115, 2079, 2080, 2117, 2116, 2080, 2081, 2118, 2117, 2081, 2082, 2119, 2118, 2082, 2083, 2120, 2119, 2083, 2084, 2121, 2120, 2084, 2085, 2122, 2121, 2085, 2086, 2123, 2122, 2086, 2087, 2124, 2123, 2087, 2088, 2125, 2124, 2088, 2089, 2126, 2125, 2089, 2090, 2127, 2126, 2090, 2091, 2128, 2127, 2091, 2092, 2129, 2128, 2092, 2093, 2130, 2129, 2093, 2094, 2131, 2130, 2094, 2095, 2132, 2131, 2095, 2096, 2133, 2132, 2096, 2097, 2134, 2133, 2097, 2098, 2135, 2134, 2098, 2099, 2136, 2135, 2099, 2100, 2137, 2136, 2100, 2101, 2138, 2137, 2101, 2102, 2139, 2138, 2102, 2103, 2140, 2139, 2103, 2104, 2141, 2140, 2104, 2105, 2142, 2141, 2105, 2106, 2143, 2142, 2106, 2107, 2144, 2143, 2107, 2108, 2145, 2144, 2109, 2110, 2147, 2146, 2110, 2111, 2148, 2147, 2111, 2112, 2149, 2148, 2112, 2113, 2150, 2149, 2113, 2114, 2151, 2150, 2114, 2115, 2152, 2151, 2115, 2116, 2153, 2152, 2116, 2117, 2154, 2153, 2117, 2118, 2155, 2154, 2118, 2119, 2156, 2155, 2119, 2120, 2157, 2156, 2120, 2121, 2158, 2157, 2121, 2122, 2159, 2158, 2122, 2123, 2160, 2159, 2123, 2124, 2161, 2160, 2124, 2125, 2162, 2161, 2125, 2126, 2163, 2162, 2126, 2127, 2164, 2163, 2127, 2128, 2165, 2164, 2128, 2129, 2166, 2165, 2129, 2130, 2167, 2166, 2130, 2131, 2168, 2167, 2131, 2132, 2169, 2168, 2132, 2133, 2170, 2169, 2133, 2134, 2171, 2170, 2134, 2135, 2172, 2171, 2135, 2136, 2173, 2172, 2136, 2137, 2174, 2173, 2137, 2138, 2175, 2174, 2138, 2139, 2176, 2175, 2139, 2140, 2177, 2176, 2140, 2141, 2178, 2177, 2141, 2142, 2179, 2178, 2142, 2143, 2180, 2179, 2143, 2144, 2181, 2180, 2144, 2145, 2182, 2181, 2146, 2147, 2184, 2183, 2147, 2148, 2185, 2184, 2148, 2149, 2186, 2185, 2149, 2150, 2187, 2186, 2150, 2151, 2188, 2187, 2151, 2152, 2189, 2188, 2152, 2153, 2190, 2189, 2153, 2154, 2191, 2190, 2154, 2155, 2192, 2191, 2155, 2156, 2193, 2192, 2156, 2157, 2194, 2193, 2157, 2158, 2195, 2194, 2158, 2159, 2196, 2195, 2159, 2160, 2197, 2196, 2160, 2161, 2198, 2197, 2161, 2162, 2199, 2198, 2162, 2163, 2200, 2199, 2163, 2164, 2201, 2200, 2164, 2165, 2202, 2201, 2165, 2166, 2203, 2202, 2166, 2167, 2204, 2203, 2167, 2168, 2205, 2204, 2168, 2169, 2206, 2205, 2169, 2170, 2207, 2206, 2170, 2171, 2208, 2207, 2171, 2172, 2209, 2208, 2172, 2173, 2210, 2209, 2173, 2174, 2211, 2210, 2174, 2175, 2212, 2211, 2175, 2176, 2213, 2212, 2176, 2177, 2214, 2213, 2177, 2178, 2215, 2214, 2178, 2179, 2216, 2215, 2179, 2180, 2217, 2216, 2180, 2181, 2218, 2217, 2181, 2182, 2219, 2218, 2183, 2184, 2221, 2220, 2184, 2185, 2222, 2221, 2185, 2186, 2223, 2222, 2186, 2187, 2224, 2223, 2187, 2188, 2225, 2224, 2188, 2189, 2226, 2225, 2189, 2190, 2227, 2226, 2190, 2191, 2228, 2227, 2191, 2192, 2229, 2228, 2192, 2193, 2230, 2229, 2193, 2194, 2231, 2230, 2194, 2195, 2232, 2231, 2195, 2196, 2233, 2232, 2196, 2197, 2234, 2233, 2197, 2198, 2235, 2234, 2198, 2199, 2236, 2235, 2199, 2200, 2237, 2236, 2200, 2201, 2238, 2237, 2201, 2202, 2239, 2238, 2202, 2203, 2240, 2239, 2203, 2204, 2241, 2240, 2204, 2205, 2242, 2241, 2205, 2206, 2243, 2242, 2206, 2207, 2244, 2243, 2207, 2208, 2245, 2244, 2208, 2209, 2246, 2245, 2209, 2210, 2247, 2246, 2210, 2211, 2248, 2247, 2211, 2212, 2249, 2248, 2212, 2213, 2250, 2249, 2213, 2214, 2251, 2250, 2214, 2215, 2252, 2251, 2215, 2216, 2253, 2252, 2216, 2217, 2254, 2253, 2217, 2218, 2255, 2254, 2218, 2219, 2256, 2255, 2220, 2221, 2258, 2257, 2221, 2222, 2259, 2258, 2222, 2223, 2260, 2259, 2223, 2224, 2261, 2260, 2224, 2225, 2262, 2261, 2225, 2226, 2263, 2262, 2226, 2227, 2264, 2263, 2227, 2228, 2265, 2264, 2228, 2229, 2266, 2265, 2229, 2230, 2267, 2266, 2230, 2231, 2268, 2267, 2231, 2232, 2269, 2268, 2232, 2233, 2270, 2269, 2233, 2234, 2271, 2270, 2234, 2235, 2272, 2271, 2235, 2236, 2273, 2272, 2236, 2237, 2274, 2273, 2237, 2238, 2275, 2274, 2238, 2239, 2276, 2275, 2239, 2240, 2277, 2276, 2240, 2241, 2278, 2277, 2241, 2242, 2279, 2278, 2242, 2243, 2280, 2279, 2243, 2244, 2281, 2280, 2244, 2245, 2282, 2281, 2245, 2246, 2283, 2282, 2246, 2247, 2284, 2283, 2247, 2248, 2285, 2284, 2248, 2249, 2286, 2285, 2249, 2250, 2287, 2286, 2250, 2251, 2288, 2287, 2251, 2252, 2289, 2288, 2252, 2253, 2290, 2289, 2253, 2254, 2291, 2290, 2254, 2255, 2292, 2291, 2255, 2256, 2293, 2292, 2257, 2258, 2295, 2294, 2258, 2259, 2296, 2295, 2259, 2260, 2297, 2296, 2260, 2261, 2298, 2297, 2261, 2262, 2299, 2298, 2262, 2263, 2300, 2299, 2263, 2264, 2301, 2300, 2264, 2265, 2302, 2301, 2265, 2266, 2303, 2302, 2266, 2267, 2304, 2303, 2267, 2268, 2305, 2304, 2268, 2269, 2306, 2305, 2269, 2270, 2307, 2306, 2270, 2271, 2308, 2307, 2271, 2272, 2309, 2308, 2272, 2273, 2310, 2309, 2273, 2274, 2311, 2310, 2274, 2275, 2312, 2311, 2275, 2276, 2313, 2312, 2276, 2277, 2314, 2313, 2277, 2278, 2315, 2314, 2278, 2279, 2316, 2315, 2279, 2280, 2317, 2316, 2280, 2281, 2318, 2317, 2281, 2282, 2319, 2318, 2282, 2283, 2320, 2319, 2283, 2284, 2321, 2320, 2284, 2285, 2322, 2321, 2285, 2286, 2323, 2322, 2286, 2287, 2324, 2323, 2287, 2288, 2325, 2324, 2288, 2289, 2326, 2325, 2289, 2290, 2327, 2326, 2290, 2291, 2328, 2327, 2291, 2292, 2329, 2328, 2292, 2293, 2330, 2329, 2294, 2295, 2332, 2331, 2295, 2296, 2333, 2332, 2296, 2297, 2334, 2333, 2297, 2298, 2335, 2334, 2298, 2299, 2336, 2335, 2299, 2300, 2337, 2336, 2300, 2301, 2338, 2337, 2301, 2302, 2339, 2338, 2302, 2303, 2340, 2339, 2303, 2304, 2341, 2340, 2304, 2305, 2342, 2341, 2305, 2306, 2343, 2342, 2306, 2307, 2344, 2343, 2307, 2308, 2345, 2344, 2308, 2309, 2346, 2345, 2309, 2310, 2347, 2346, 2310, 2311, 2348, 2347, 2311, 2312, 2349, 2348, 2312, 2313, 2350, 2349, 2313, 2314, 2351, 2350, 2314, 2315, 2352, 2351, 2315, 2316, 2353, 2352, 2316, 2317, 2354, 2353, 2317, 2318, 2355, 2354, 2318, 2319, 2356, 2355, 2319, 2320, 2357, 2356, 2320, 2321, 2358, 2357, 2321, 2322, 2359, 2358, 2322, 2323, 2360, 2359, 2323, 2324, 2361, 2360, 2324, 2325, 2362, 2361, 2325, 2326, 2363, 2362, 2326, 2327, 2364, 2363, 2327, 2328, 2365, 2364, 2328, 2329, 2366, 2365, 2329, 2330, 2367, 2366, 2331, 2332, 2369, 2368, 2332, 2333, 2370, 2369, 2333, 2334, 2371, 2370, 2334, 2335, 2372, 2371, 2335, 2336, 2373, 2372, 2336, 2337, 2374, 2373, 2337, 2338, 2375, 2374, 2338, 2339, 2376, 2375, 2339, 2340, 2377, 2376, 2340, 2341, 2378, 2377, 2341, 2342, 2379, 2378, 2342, 2343, 2380, 2379, 2343, 2344, 2381, 2380, 2344, 2345, 2382, 2381, 2345, 2346, 2383, 2382, 2346, 2347, 2384, 2383, 2347, 2348, 2385, 2384, 2348, 2349, 2386, 2385, 2349, 2350, 2387, 2386, 2350, 2351, 2388, 2387, 2351, 2352, 2389, 2388, 2352, 2353, 2390, 2389, 2353, 2354, 2391, 2390, 2354, 2355, 2392, 2391, 2355, 2356, 2393, 2392, 2356, 2357, 2394, 2393, 2357, 2358, 2395, 2394, 2358, 2359, 2396, 2395, 2359, 2360, 2397, 2396, 2360, 2361, 2398, 2397, 2361, 2362, 2399, 2398, 2362, 2363, 2400, 2399, 2363, 2364, 2401, 2400, 2364, 2365, 2402, 2401, 2365, 2366, 2403, 2402, 2366, 2367, 2404, 2403, 2368, 2369, 2406, 2405, 2369, 2370, 2407, 2406, 2370, 2371, 2408, 2407, 2371, 2372, 2409, 2408, 2372, 2373, 2410, 2409, 2373, 2374, 2411, 2410, 2374, 2375, 2412, 2411, 2375, 2376, 2413, 2412, 2376, 2377, 2414, 2413, 2377, 2378, 2415, 2414, 2378, 2379, 2416, 2415, 2379, 2380, 2417, 2416, 2380, 2381, 2418, 2417, 2381, 2382, 2419, 2418, 2382, 2383, 2420, 2419, 2383, 2384, 2421, 2420, 2384, 2385, 2422, 2421, 2385, 2386, 2423, 2422, 2386, 2387, 2424, 2423, 2387, 2388, 2425, 2424, 2388, 2389, 2426, 2425, 2389, 2390, 2427, 2426, 2390, 2391, 2428, 2427, 2391, 2392, 2429, 2428, 2392, 2393, 2430, 2429, 2393, 2394, 2431, 2430, 2394, 2395, 2432, 2431, 2395, 2396, 2433, 2432, 2396, 2397, 2434, 2433, 2397, 2398, 2435, 2434, 2398, 2399, 2436, 2435, 2399, 2400, 2437, 2436, 2400, 2401, 2438, 2437, 2401, 2402, 2439, 2438, 2402, 2403, 2440, 2439, 2403, 2404, 2441, 2440, 2405, 2406, 2443, 2442, 2406, 2407, 2444, 2443, 2407, 2408, 2445, 2444, 2408, 2409, 2446, 2445, 2409, 2410, 2447, 2446, 2410, 2411, 2448, 2447, 2411, 2412, 2449, 2448, 2412, 2413, 2450, 2449, 2413, 2414, 2451, 2450, 2414, 2415, 2452, 2451, 2415, 2416, 2453, 2452, 2416, 2417, 2454, 2453, 2417, 2418, 2455, 2454, 2418, 2419, 2456, 2455, 2419, 2420, 2457, 2456, 2420, 2421, 2458, 2457, 2421, 2422, 2459, 2458, 2422, 2423, 2460, 2459, 2423, 2424, 2461, 2460, 2424, 2425, 2462, 2461, 2425, 2426, 2463, 2462, 2426, 2427, 2464, 2463, 2427, 2428, 2465, 2464, 2428, 2429, 2466, 2465, 2429, 2430, 2467, 2466, 2430, 2431, 2468, 2467, 2431, 2432, 2469, 2468, 2432, 2433, 2470, 2469, 2433, 2434, 2471, 2470, 2434, 2435, 2472, 2471, 2435, 2436, 2473, 2472, 2436, 2437, 2474, 2473, 2437, 2438, 2475, 2474, 2438, 2439, 2476, 2475, 2439, 2440, 2477, 2476, 2440, 2441, 2478, 2477, 2442, 2443, 2480, 2479, 2443, 2444, 2481, 2480, 2444, 2445, 2482, 2481, 2445, 2446, 2483, 2482, 2446, 2447, 2484, 2483, 2447, 2448, 2485, 2484, 2448, 2449, 2486, 2485, 2449, 2450, 2487, 2486, 2450, 2451, 2488, 2487, 2451, 2452, 2489, 2488, 2452, 2453, 2490, 2489, 2453, 2454, 2491, 2490, 2454, 2455, 2492, 2491, 2455, 2456, 2493, 2492, 2456, 2457, 2494, 2493, 2457, 2458, 2495, 2494, 2458, 2459, 2496, 2495, 2459, 2460, 2497, 2496, 2460, 2461, 2498, 2497, 2461, 2462, 2499, 2498, 2462, 2463, 2500, 2499, 2463, 2464, 2501, 2500, 2464, 2465, 2502, 2501, 2465, 2466, 2503, 2502, 2466, 2467, 2504, 2503, 2467, 2468, 2505, 2504, 2468, 2469, 2506, 2505, 2469, 2470, 2507, 2506, 2470, 2471, 2508, 2507, 2471, 2472, 2509, 2508, 2472, 2473, 2510, 2509, 2473, 2474, 2511, 2510, 2474, 2475, 2512, 2511, 2475, 2476, 2513, 2512, 2476, 2477, 2514, 2513, 2477, 2478, 2515, 2514, 2479, 2480, 2517, 2516, 2480, 2481, 2518, 2517, 2481, 2482, 2519, 2518, 2482, 2483, 2520, 2519, 2483, 2484, 2521, 2520, 2484, 2485, 2522, 2521, 2485, 2486, 2523, 2522, 2486, 2487, 2524, 2523, 2487, 2488, 2525, 2524, 2488, 2489, 2526, 2525, 2489, 2490, 2527, 2526, 2490, 2491, 2528, 2527, 2491, 2492, 2529, 2528, 2492, 2493, 2530, 2529, 2493, 2494, 2531, 2530, 2494, 2495, 2532, 2531, 2495, 2496, 2533, 2532, 2496, 2497, 2534, 2533, 2497, 2498, 2535, 2534, 2498, 2499, 2536, 2535, 2499, 2500, 2537, 2536, 2500, 2501, 2538, 2537, 2501, 2502, 2539, 2538, 2502, 2503, 2540, 2539, 2503, 2504, 2541, 2540, 2504, 2505, 2542, 2541, 2505, 2506, 2543, 2542, 2506, 2507, 2544, 2543, 2507, 2508, 2545, 2544, 2508, 2509, 2546, 2545, 2509, 2510, 2547, 2546, 2510, 2511, 2548, 2547, 2511, 2512, 2549, 2548, 2512, 2513, 2550, 2549, 2513, 2514, 2551, 2550, 2514, 2515, 2552, 2551, 2516, 2517, 2554, 2553, 2517, 2518, 2555, 2554, 2518, 2519, 2556, 2555, 2519, 2520, 2557, 2556, 2520, 2521, 2558, 2557, 2521, 2522, 2559, 2558, 2522, 2523, 2560, 2559, 2523, 2524, 2561, 2560, 2524, 2525, 2562, 2561, 2525, 2526, 2563, 2562, 2526, 2527, 2564, 2563, 2527, 2528, 2565, 2564, 2528, 2529, 2566, 2565, 2529, 2530, 2567, 2566, 2530, 2531, 2568, 2567, 2531, 2532, 2569, 2568, 2532, 2533, 2570, 2569, 2533, 2534, 2571, 2570, 2534, 2535, 2572, 2571, 2535, 2536, 2573, 2572, 2536, 2537, 2574, 2573, 2537, 2538, 2575, 2574, 2538, 2539, 2576, 2575, 2539, 2540, 2577, 2576, 2540, 2541, 2578, 2577, 2541, 2542, 2579, 2578, 2542, 2543, 2580, 2579, 2543, 2544, 2581, 2580, 2544, 2545, 2582, 2581, 2545, 2546, 2583, 2582, 2546, 2547, 2584, 2583, 2547, 2548, 2585, 2584, 2548, 2549, 2586, 2585, 2549, 2550, 2587, 2586, 2550, 2551, 2588, 2587, 2551, 2552, 2589, 2588, 2553, 2554, 2591, 2590, 2554, 2555, 2592, 2591, 2555, 2556, 2593, 2592, 2556, 2557, 2594, 2593, 2557, 2558, 2595, 2594, 2558, 2559, 2596, 2595, 2559, 2560, 2597, 2596, 2560, 2561, 2598, 2597, 2561, 2562, 2599, 2598, 2562, 2563, 2600, 2599, 2563, 2564, 2601, 2600, 2564, 2565, 2602, 2601, 2565, 2566, 2603, 2602, 2566, 2567, 2604, 2603, 2567, 2568, 2605, 2604, 2568, 2569, 2606, 2605, 2569, 2570, 2607, 2606, 2570, 2571, 2608, 2607, 2571, 2572, 2609, 2608, 2572, 2573, 2610, 2609, 2573, 2574, 2611, 2610, 2574, 2575, 2612, 2611, 2575, 2576, 2613, 2612, 2576, 2577, 2614, 2613, 2577, 2578, 2615, 2614, 2578, 2579, 2616, 2615, 2579, 2580, 2617, 2616, 2580, 2581, 2618, 2617, 2581, 2582, 2619, 2618, 2582, 2583, 2620, 2619, 2583, 2584, 2621, 2620, 2584, 2585, 2622, 2621, 2585, 2586, 2623, 2622, 2586, 2587, 2624, 2623, 2587, 2588, 2625, 2624, 2588, 2589, 2626, 2625, 2590, 2591, 2628, 2627, 2591, 2592, 2629, 2628, 2592, 2593, 2630, 2629, 2593, 2594, 2631, 2630, 2594, 2595, 2632, 2631, 2595, 2596, 2633, 2632, 2596, 2597, 2634, 2633, 2597, 2598, 2635, 2634, 2598, 2599, 2636, 2635, 2599, 2600, 2637, 2636, 2600, 2601, 2638, 2637, 2601, 2602, 2639, 2638, 2602, 2603, 2640, 2639, 2603, 2604, 2641, 2640, 2604, 2605, 2642, 2641, 2605, 2606, 2643, 2642, 2606, 2607, 2644, 2643, 2607, 2608, 2645, 2644, 2608, 2609, 2646, 2645, 2609, 2610, 2647, 2646, 2610, 2611, 2648, 2647, 2611, 2612, 2649, 2648, 2612, 2613, 2650, 2649, 2613, 2614, 2651, 2650, 2614, 2615, 2652, 2651, 2615, 2616, 2653, 2652, 2616, 2617, 2654, 2653, 2617, 2618, 2655, 2654, 2618, 2619, 2656, 2655, 2619, 2620, 2657, 2656, 2620, 2621, 2658, 2657, 2621, 2622, 2659, 2658, 2622, 2623, 2660, 2659, 2623, 2624, 2661, 2660, 2624, 2625, 2662, 2661, 2625, 2626, 2663, 2662, 2627, 2628, 2665, 2664, 2628, 2629, 2666, 2665, 2629, 2630, 2667, 2666, 2630, 2631, 2668, 2667, 2631, 2632, 2669, 2668, 2632, 2633, 2670, 2669, 2633, 2634, 2671, 2670, 2634, 2635, 2672, 2671, 2635, 2636, 2673, 2672, 2636, 2637, 2674, 2673, 2637, 2638, 2675, 2674, 2638, 2639, 2676, 2675, 2639, 2640, 2677, 2676, 2640, 2641, 2678, 2677, 2641, 2642, 2679, 2678, 2642, 2643, 2680, 2679, 2643, 2644, 2681, 2680, 2644, 2645, 2682, 2681, 2645, 2646, 2683, 2682, 2646, 2647, 2684, 2683, 2647, 2648, 2685, 2684, 2648, 2649, 2686, 2685, 2649, 2650, 2687, 2686, 2650, 2651, 2688, 2687, 2651, 2652, 2689, 2688, 2652, 2653, 2690, 2689, 2653, 2654, 2691, 2690, 2654, 2655, 2692, 2691, 2655, 2656, 2693, 2692, 2656, 2657, 2694, 2693, 2657, 2658, 2695, 2694, 2658, 2659, 2696, 2695, 2659, 2660, 2697, 2696, 2660, 2661, 2698, 2697, 2661, 2662, 2699, 2698, 2662, 2663, 2700, 2699, 2664, 2665, 2702, 2701, 2665, 2666, 2703, 2702, 2666, 2667, 2704, 2703, 2667, 2668, 2705, 2704, 2668, 2669, 2706, 2705, 2669, 2670, 2707, 2706, 2670, 2671, 2708, 2707, 2671, 2672, 2709, 2708, 2672, 2673, 2710, 2709, 2673, 2674, 2711, 2710, 2674, 2675, 2712, 2711, 2675, 2676, 2713, 2712, 2676, 2677, 2714, 2713, 2677, 2678, 2715, 2714, 2678, 2679, 2716, 2715, 2679, 2680, 2717, 2716, 2680, 2681, 2718, 2717, 2681, 2682, 2719, 2718, 2682, 2683, 2720, 2719, 2683, 2684, 2721, 2720, 2684, 2685, 2722, 2721, 2685, 2686, 2723, 2722, 2686, 2687, 2724, 2723, 2687, 2688, 2725, 2724, 2688, 2689, 2726, 2725, 2689, 2690, 2727, 2726, 2690, 2691, 2728, 2727, 2691, 2692, 2729, 2728, 2692, 2693, 2730, 2729, 2693, 2694, 2731, 2730, 2694, 2695, 2732, 2731, 2695, 2696, 2733, 2732, 2696, 2697, 2734, 2733, 2697, 2698, 2735, 2734, 2698, 2699, 2736, 2735, 2699, 2700, 2737, 2736, 2701, 2702, 2739, 2738, 2702, 2703, 2740, 2739, 2703, 2704, 2741, 2740, 2704, 2705, 2742, 2741, 2705, 2706, 2743, 2742, 2706, 2707, 2744, 2743, 2707, 2708, 2745, 2744, 2708, 2709, 2746, 2745, 2709, 2710, 2747, 2746, 2710, 2711, 2748, 2747, 2711, 2712, 2749, 2748, 2712, 2713, 2750, 2749, 2713, 2714, 2751, 2750, 2714, 2715, 2752, 2751, 2715, 2716, 2753, 2752, 2716, 2717, 2754, 2753, 2717, 2718, 2755, 2754, 2718, 2719, 2756, 2755, 2719, 2720, 2757, 2756, 2720, 2721, 2758, 2757, 2721, 2722, 2759, 2758, 2722, 2723, 2760, 2759, 2723, 2724, 2761, 2760, 2724, 2725, 2762, 2761, 2725, 2726, 2763, 2762, 2726, 2727, 2764, 2763, 2727, 2728, 2765, 2764, 2728, 2729, 2766, 2765, 2729, 2730, 2767, 2766, 2730, 2731, 2768, 2767, 2731, 2732, 2769, 2768, 2732, 2733, 2770, 2769, 2733, 2734, 2771, 2770, 2734, 2735, 2772, 2771, 2735, 2736, 2773, 2772, 2736, 2737, 2774, 2773, 2738, 2739, 2776, 2775, 2739, 2740, 2777, 2776, 2740, 2741, 2778, 2777, 2741, 2742, 2779, 2778, 2742, 2743, 2780, 2779, 2743, 2744, 2781, 2780, 2744, 2745, 2782, 2781, 2745, 2746, 2783, 2782, 2746, 2747, 2784, 2783, 2747, 2748, 2785, 2784, 2748, 2749, 2786, 2785, 2749, 2750, 2787, 2786, 2750, 2751, 2788, 2787, 2751, 2752, 2789, 2788, 2752, 2753, 2790, 2789, 2753, 2754, 2791, 2790, 2754, 2755, 2792, 2791, 2755, 2756, 2793, 2792, 2756, 2757, 2794, 2793, 2757, 2758, 2795, 2794, 2758, 2759, 2796, 2795, 2759, 2760, 2797, 2796, 2760, 2761, 2798, 2797, 2761, 2762, 2799, 2798, 2762, 2763, 2800, 2799, 2763, 2764, 2801, 2800, 2764, 2765, 2802, 2801, 2765, 2766, 2803, 2802, 2766, 2767, 2804, 2803, 2767, 2768, 2805, 2804, 2768, 2769, 2806, 2805, 2769, 2770, 2807, 2806, 2770, 2771, 2808, 2807, 2771, 2772, 2809, 2808, 2772, 2773, 2810, 2809, 2773, 2774, 2811, 2810, 2775, 2776, 2813, 2812, 2776, 2777, 2814, 2813, 2777, 2778, 2815, 2814, 2778, 2779, 2816, 2815, 2779, 2780, 2817, 2816, 2780, 2781, 2818, 2817, 2781, 2782, 2819, 2818, 2782, 2783, 2820, 2819, 2783, 2784, 2821, 2820, 2784, 2785, 2822, 2821, 2785, 2786, 2823, 2822, 2786, 2787, 2824, 2823, 2787, 2788, 2825, 2824, 2788, 2789, 2826, 2825, 2789, 2790, 2827, 2826, 2790, 2791, 2828, 2827, 2791, 2792, 2829, 2828, 2792, 2793, 2830, 2829, 2793, 2794, 2831, 2830, 2794, 2795, 2832, 2831, 2795, 2796, 2833, 2832, 2796, 2797, 2834, 2833, 2797, 2798, 2835, 2834, 2798, 2799, 2836, 2835, 2799, 2800, 2837, 2836, 2800, 2801, 2838, 2837, 2801, 2802, 2839, 2838, 2802, 2803, 2840, 2839, 2803, 2804, 2841, 2840, 2804, 2805, 2842, 2841, 2805, 2806, 2843, 2842, 2806, 2807, 2844, 2843, 2807, 2808, 2845, 2844, 2808, 2809, 2846, 2845, 2809, 2810, 2847, 2846, 2810, 2811, 2848, 2847, 2812, 2813, 2850, 2849, 2813, 2814, 2851, 2850, 2814, 2815, 2852, 2851, 2815, 2816, 2853, 2852, 2816, 2817, 2854, 2853, 2817, 2818, 2855, 2854, 2818, 2819, 2856, 2855, 2819, 2820, 2857, 2856, 2820, 2821, 2858, 2857, 2821, 2822, 2859, 2858, 2822, 2823, 2860, 2859, 2823, 2824, 2861, 2860, 2824, 2825, 2862, 2861, 2825, 2826, 2863, 2862, 2826, 2827, 2864, 2863, 2827, 2828, 2865, 2864, 2828, 2829, 2866, 2865, 2829, 2830, 2867, 2866, 2830, 2831, 2868, 2867, 2831, 2832, 2869, 2868, 2832, 2833, 2870, 2869, 2833, 2834, 2871, 2870, 2834, 2835, 2872, 2871, 2835, 2836, 2873, 2872, 2836, 2837, 2874, 2873, 2837, 2838, 2875, 2874, 2838, 2839, 2876, 2875, 2839, 2840, 2877, 2876, 2840, 2841, 2878, 2877, 2841, 2842, 2879, 2878, 2842, 2843, 2880, 2879, 2843, 2844, 2881, 2880, 2844, 2845, 2882, 2881, 2845, 2846, 2883, 2882, 2846, 2847, 2884, 2883, 2847, 2848, 2885, 2884, 2849, 2850, 2887, 2886, 2850, 2851, 2888, 2887, 2851, 2852, 2889, 2888, 2852, 2853, 2890, 2889, 2853, 2854, 2891, 2890, 2854, 2855, 2892, 2891, 2855, 2856, 2893, 2892, 2856, 2857, 2894, 2893, 2857, 2858, 2895, 2894, 2858, 2859, 2896, 2895, 2859, 2860, 2897, 2896, 2860, 2861, 2898, 2897, 2861, 2862, 2899, 2898, 2862, 2863, 2900, 2899, 2863, 2864, 2901, 2900, 2864, 2865, 2902, 2901, 2865, 2866, 2903, 2902, 2866, 2867, 2904, 2903, 2867, 2868, 2905, 2904, 2868, 2869, 2906, 2905, 2869, 2870, 2907, 2906, 2870, 2871, 2908, 2907, 2871, 2872, 2909, 2908, 2872, 2873, 2910, 2909, 2873, 2874, 2911, 2910, 2874, 2875, 2912, 2911, 2875, 2876, 2913, 2912, 2876, 2877, 2914, 2913, 2877, 2878, 2915, 2914, 2878, 2879, 2916, 2915, 2879, 2880, 2917, 2916, 2880, 2881, 2918, 2917, 2881, 2882, 2919, 2918, 2882, 2883, 2920, 2919, 2883, 2884, 2921, 2920, 2884, 2885, 2922, 2921, 2886, 2887, 2924, 2923, 2887, 2888, 2925, 2924, 2888, 2889, 2926, 2925, 2889, 2890, 2927, 2926, 2890, 2891, 2928, 2927, 2891, 2892, 2929, 2928, 2892, 2893, 2930, 2929, 2893, 2894, 2931, 2930, 2894, 2895, 2932, 2931, 2895, 2896, 2933, 2932, 2896, 2897, 2934, 2933, 2897, 2898, 2935, 2934, 2898, 2899, 2936, 2935, 2899, 2900, 2937, 2936, 2900, 2901, 2938, 2937, 2901, 2902, 2939, 2938, 2902, 2903, 2940, 2939, 2903, 2904, 2941, 2940, 2904, 2905, 2942, 2941, 2905, 2906, 2943, 2942, 2906, 2907, 2944, 2943, 2907, 2908, 2945, 2944, 2908, 2909, 2946, 2945, 2909, 2910, 2947, 2946, 2910, 2911, 2948, 2947, 2911, 2912, 2949, 2948, 2912, 2913, 2950, 2949, 2913, 2914, 2951, 2950, 2914, 2915, 2952, 2951, 2915, 2916, 2953, 2952, 2916, 2917, 2954, 2953, 2917, 2918, 2955, 2954, 2918, 2919, 2956, 2955, 2919, 2920, 2957, 2956, 2920, 2921, 2958, 2957, 2921, 2922, 2959, 2958, 2923, 2924, 2961, 2960, 2924, 2925, 2962, 2961, 2925, 2926, 2963, 2962, 2926, 2927, 2964, 2963, 2927, 2928, 2965, 2964, 2928, 2929, 2966, 2965, 2929, 2930, 2967, 2966, 2930, 2931, 2968, 2967, 2931, 2932, 2969, 2968, 2932, 2933, 2970, 2969, 2933, 2934, 2971, 2970, 2934, 2935, 2972, 2971, 2935, 2936, 2973, 2972, 2936, 2937, 2974, 2973, 2937, 2938, 2975, 2974, 2938, 2939, 2976, 2975, 2939, 2940, 2977, 2976, 2940, 2941, 2978, 2977, 2941, 2942, 2979, 2978, 2942, 2943, 2980, 2979, 2943, 2944, 2981, 2980, 2944, 2945, 2982, 2981, 2945, 2946, 2983, 2982, 2946, 2947, 2984, 2983, 2947, 2948, 2985, 2984, 2948, 2949, 2986, 2985, 2949, 2950, 2987, 2986, 2950, 2951, 2988, 2987, 2951, 2952, 2989, 2988, 2952, 2953, 2990, 2989, 2953, 2954, 2991, 2990, 2954, 2955, 2992, 2991, 2955, 2956, 2993, 2992, 2956, 2957, 2994, 2993, 2957, 2958, 2995, 2994, 2958, 2959, 2996, 2995, 2960, 2961, 2998, 2997, 2961, 2962, 2999, 2998, 2962, 2963, 3000, 2999, 2963, 2964, 3001, 3000, 2964, 2965, 3002, 3001, 2965, 2966, 3003, 3002, 2966, 2967, 3004, 3003, 2967, 2968, 3005, 3004, 2968, 2969, 3006, 3005, 2969, 2970, 3007, 3006, 2970, 2971, 3008, 3007, 2971, 2972, 3009, 3008, 2972, 2973, 3010, 3009, 2973, 2974, 3011, 3010, 2974, 2975, 3012, 3011, 2975, 2976, 3013, 3012, 2976, 2977, 3014, 3013, 2977, 2978, 3015, 3014, 2978, 2979, 3016, 3015, 2979, 2980, 3017, 3016, 2980, 2981, 3018, 3017, 2981, 2982, 3019, 3018, 2982, 2983, 3020, 3019, 2983, 2984, 3021, 3020, 2984, 2985, 3022, 3021, 2985, 2986, 3023, 3022, 2986, 2987, 3024, 3023, 2987, 2988, 3025, 3024, 2988, 2989, 3026, 3025, 2989, 2990, 3027, 3026, 2990, 2991, 3028, 3027, 2991, 2992, 3029, 3028, 2992, 2993, 3030, 3029, 2993, 2994, 3031, 3030, 2994, 2995, 3032, 3031, 2995, 2996, 3033, 3032, 2997, 2998, 3035, 3034, 2998, 2999, 3036, 3035, 2999, 3000, 3037, 3036, 3000, 3001, 3038, 3037, 3001, 3002, 3039, 3038, 3002, 3003, 3040, 3039, 3003, 3004, 3041, 3040, 3004, 3005, 3042, 3041, 3005, 3006, 3043, 3042, 3006, 3007, 3044, 3043, 3007, 3008, 3045, 3044, 3008, 3009, 3046, 3045, 3009, 3010, 3047, 3046, 3010, 3011, 3048, 3047, 3011, 3012, 3049, 3048, 3012, 3013, 3050, 3049, 3013, 3014, 3051, 3050, 3014, 3015, 3052, 3051, 3015, 3016, 3053, 3052, 3016, 3017, 3054, 3053, 3017, 3018, 3055, 3054, 3018, 3019, 3056, 3055, 3019, 3020, 3057, 3056, 3020, 3021, 3058, 3057, 3021, 3022, 3059, 3058, 3022, 3023, 3060, 3059, 3023, 3024, 3061, 3060, 3024, 3025, 3062, 3061, 3025, 3026, 3063, 3062, 3026, 3027, 3064, 3063, 3027, 3028, 3065, 3064, 3028, 3029, 3066, 3065, 3029, 3030, 3067, 3066, 3030, 3031, 3068, 3067, 3031, 3032, 3069, 3068, 3032, 3033, 3070, 3069, 3034, 3035, 3072, 3071, 3035, 3036, 3073, 3072, 3036, 3037, 3074, 3073, 3037, 3038, 3075, 3074, 3038, 3039, 3076, 3075, 3039, 3040, 3077, 3076, 3040, 3041, 3078, 3077, 3041, 3042, 3079, 3078, 3042, 3043, 3080, 3079, 3043, 3044, 3081, 3080, 3044, 3045, 3082, 3081, 3045, 3046, 3083, 3082, 3046, 3047, 3084, 3083, 3047, 3048, 3085, 3084, 3048, 3049, 3086, 3085, 3049, 3050, 3087, 3086, 3050, 3051, 3088, 3087, 3051, 3052, 3089, 3088, 3052, 3053, 3090, 3089, 3053, 3054, 3091, 3090, 3054, 3055, 3092, 3091, 3055, 3056, 3093, 3092, 3056, 3057, 3094, 3093, 3057, 3058, 3095, 3094, 3058, 3059, 3096, 3095, 3059, 3060, 3097, 3096, 3060, 3061, 3098, 3097, 3061, 3062, 3099, 3098, 3062, 3063, 3100, 3099, 3063, 3064, 3101, 3100, 3064, 3065, 3102, 3101, 3065, 3066, 3103, 3102, 3066, 3067, 3104, 3103, 3067, 3068, 3105, 3104, 3068, 3069, 3106, 3105, 3069, 3070, 3107, 3106, 3071, 3072, 3109, 3108, 3072, 3073, 3110, 3109, 3073, 3074, 3111, 3110, 3074, 3075, 3112, 3111, 3075, 3076, 3113, 3112, 3076, 3077, 3114, 3113, 3077, 3078, 3115, 3114, 3078, 3079, 3116, 3115, 3079, 3080, 3117, 3116, 3080, 3081, 3118, 3117, 3081, 3082, 3119, 3118, 3082, 3083, 3120, 3119, 3083, 3084, 3121, 3120, 3084, 3085, 3122, 3121, 3085, 3086, 3123, 3122, 3086, 3087, 3124, 3123, 3087, 3088, 3125, 3124, 3088, 3089, 3126, 3125, 3089, 3090, 3127, 3126, 3090, 3091, 3128, 3127, 3091, 3092, 3129, 3128, 3092, 3093, 3130, 3129, 3093, 3094, 3131, 3130, 3094, 3095, 3132, 3131, 3095, 3096, 3133, 3132, 3096, 3097, 3134, 3133, 3097, 3098, 3135, 3134, 3098, 3099, 3136, 3135, 3099, 3100, 3137, 3136, 3100, 3101, 3138, 3137, 3101, 3102, 3139, 3138, 3102, 3103, 3140, 3139, 3103, 3104, 3141, 3140, 3104, 3105, 3142, 3141, 3105, 3106, 3143, 3142, 3106, 3107, 3144, 3143, 3108, 3109, 3146, 3145, 3109, 3110, 3147, 3146, 3110, 3111, 3148, 3147, 3111, 3112, 3149, 3148, 3112, 3113, 3150, 3149, 3113, 3114, 3151, 3150, 3114, 3115, 3152, 3151, 3115, 3116, 3153, 3152, 3116, 3117, 3154, 3153, 3117, 3118, 3155, 3154, 3118, 3119, 3156, 3155, 3119, 3120, 3157, 3156, 3120, 3121, 3158, 3157, 3121, 3122, 3159, 3158, 3122, 3123, 3160, 3159, 3123, 3124, 3161, 3160, 3124, 3125, 3162, 3161, 3125, 3126, 3163, 3162, 3126, 3127, 3164, 3163, 3127, 3128, 3165, 3164, 3128, 3129, 3166, 3165, 3129, 3130, 3167, 3166, 3130, 3131, 3168, 3167, 3131, 3132, 3169, 3168, 3132, 3133, 3170, 3169, 3133, 3134, 3171, 3170, 3134, 3135, 3172, 3171, 3135, 3136, 3173, 3172, 3136, 3137, 3174, 3173, 3137, 3138, 3175, 3174, 3138, 3139, 3176, 3175, 3139, 3140, 3177, 3176, 3140, 3141, 3178, 3177, 3141, 3142, 3179, 3178, 3142, 3143, 3180, 3179, 3143, 3144, 3181, 3180, 3145, 3146, 3183, 3182, 3146, 3147, 3184, 3183, 3147, 3148, 3185, 3184, 3148, 3149, 3186, 3185, 3149, 3150, 3187, 3186, 3150, 3151, 3188, 3187, 3151, 3152, 3189, 3188, 3152, 3153, 3190, 3189, 3153, 3154, 3191, 3190, 3154, 3155, 3192, 3191, 3155, 3156, 3193, 3192, 3156, 3157, 3194, 3193, 3157, 3158, 3195, 3194, 3158, 3159, 3196, 3195, 3159, 3160, 3197, 3196, 3160, 3161, 3198, 3197, 3161, 3162, 3199, 3198, 3162, 3163, 3200, 3199, 3163, 3164, 3201, 3200, 3164, 3165, 3202, 3201, 3165, 3166, 3203, 3202, 3166, 3167, 3204, 3203, 3167, 3168, 3205, 3204, 3168, 3169, 3206, 3205, 3169, 3170, 3207, 3206, 3170, 3171, 3208, 3207, 3171, 3172, 3209, 3208, 3172, 3173, 3210, 3209, 3173, 3174, 3211, 3210, 3174, 3175, 3212, 3211, 3175, 3176, 3213, 3212, 3176, 3177, 3214, 3213, 3177, 3178, 3215, 3214, 3178, 3179, 3216, 3215, 3179, 3180, 3217, 3216, 3180, 3181, 3218, 3217, 3182, 3183, 3220, 3219, 3183, 3184, 3221, 3220, 3184, 3185, 3222, 3221, 3185, 3186, 3223, 3222, 3186, 3187, 3224, 3223, 3187, 3188, 3225, 3224, 3188, 3189, 3226, 3225, 3189, 3190, 3227, 3226, 3190, 3191, 3228, 3227, 3191, 3192, 3229, 3228, 3192, 3193, 3230, 3229, 3193, 3194, 3231, 3230, 3194, 3195, 3232, 3231, 3195, 3196, 3233, 3232, 3196, 3197, 3234, 3233, 3197, 3198, 3235, 3234, 3198, 3199, 3236, 3235, 3199, 3200, 3237, 3236, 3200, 3201, 3238, 3237, 3201, 3202, 3239, 3238, 3202, 3203, 3240, 3239, 3203, 3204, 3241, 3240, 3204, 3205, 3242, 3241, 3205, 3206, 3243, 3242, 3206, 3207, 3244, 3243, 3207, 3208, 3245, 3244, 3208, 3209, 3246, 3245, 3209, 3210, 3247, 3246, 3210, 3211, 3248, 3247, 3211, 3212, 3249, 3248, 3212, 3213, 3250, 3249, 3213, 3214, 3251, 3250, 3214, 3215, 3252, 3251, 3215, 3216, 3253, 3252, 3216, 3217, 3254, 3253, 3217, 3218, 3255, 3254, 3219, 3220, 3257, 3256, 3220, 3221, 3258, 3257, 3221, 3222, 3259, 3258, 3222, 3223, 3260, 3259, 3223, 3224, 3261, 3260, 3224, 3225, 3262, 3261, 3225, 3226, 3263, 3262, 3226, 3227, 3264, 3263, 3227, 3228, 3265, 3264, 3228, 3229, 3266, 3265, 3229, 3230, 3267, 3266, 3230, 3231, 3268, 3267, 3231, 3232, 3269, 3268, 3232, 3233, 3270, 3269, 3233, 3234, 3271, 3270, 3234, 3235, 3272, 3271, 3235, 3236, 3273, 3272, 3236, 3237, 3274, 3273, 3237, 3238, 3275, 3274, 3238, 3239, 3276, 3275, 3239, 3240, 3277, 3276, 3240, 3241, 3278, 3277, 3241, 3242, 3279, 3278, 3242, 3243, 3280, 3279, 3243, 3244, 3281, 3280, 3244, 3245, 3282, 3281, 3245, 3246, 3283, 3282, 3246, 3247, 3284, 3283, 3247, 3248, 3285, 3284, 3248, 3249, 3286, 3285, 3249, 3250, 3287, 3286, 3250, 3251, 3288, 3287, 3251, 3252, 3289, 3288, 3252, 3253, 3290, 3289, 3253, 3254, 3291, 3290, 3254, 3255, 3292, 3291, 3256, 3257, 3294, 3293, 3257, 3258, 3295, 3294, 3258, 3259, 3296, 3295, 3259, 3260, 3297, 3296, 3260, 3261, 3298, 3297, 3261, 3262, 3299, 3298, 3262, 3263, 3300, 3299, 3263, 3264, 3301, 3300, 3264, 3265, 3302, 3301, 3265, 3266, 3303, 3302, 3266, 3267, 3304, 3303, 3267, 3268, 3305, 3304, 3268, 3269, 3306, 3305, 3269, 3270, 3307, 3306, 3270, 3271, 3308, 3307, 3271, 3272, 3309, 3308, 3272, 3273, 3310, 3309, 3273, 3274, 3311, 3310, 3274, 3275, 3312, 3311, 3275, 3276, 3313, 3312, 3276, 3277, 3314, 3313, 3277, 3278, 3315, 3314, 3278, 3279, 3316, 3315, 3279, 3280, 3317, 3316, 3280, 3281, 3318, 3317, 3281, 3282, 3319, 3318, 3282, 3283, 3320, 3319, 3283, 3284, 3321, 3320, 3284, 3285, 3322, 3321, 3285, 3286, 3323, 3322, 3286, 3287, 3324, 3323, 3287, 3288, 3325, 3324, 3288, 3289, 3326, 3325, 3289, 3290, 3327, 3326, 3290, 3291, 3328, 3327, 3291, 3292, 3329, 3328, 3293, 3294, 3331, 3330, 3294, 3295, 3332, 3331, 3295, 3296, 3333, 3332, 3296, 3297, 3334, 3333, 3297, 3298, 3335, 3334, 3298, 3299, 3336, 3335, 3299, 3300, 3337, 3336, 3300, 3301, 3338, 3337, 3301, 3302, 3339, 3338, 3302, 3303, 3340, 3339, 3303, 3304, 3341, 3340, 3304, 3305, 3342, 3341, 3305, 3306, 3343, 3342, 3306, 3307, 3344, 3343, 3307, 3308, 3345, 3344, 3308, 3309, 3346, 3345, 3309, 3310, 3347, 3346, 3310, 3311, 3348, 3347, 3311, 3312, 3349, 3348, 3312, 3313, 3350, 3349, 3313, 3314, 3351, 3350, 3314, 3315, 3352, 3351, 3315, 3316, 3353, 3352, 3316, 3317, 3354, 3353, 3317, 3318, 3355, 3354, 3318, 3319, 3356, 3355, 3319, 3320, 3357, 3356, 3320, 3321, 3358, 3357, 3321, 3322, 3359, 3358, 3322, 3323, 3360, 3359, 3323, 3324, 3361, 3360, 3324, 3325, 3362, 3361, 3325, 3326, 3363, 3362, 3326, 3327, 3364, 3363, 3327, 3328, 3365, 3364, 3328, 3329, 3366, 3365, 3330, 3331, 3368, 3367, 3331, 3332, 3369, 3368, 3332, 3333, 3370, 3369, 3333, 3334, 3371, 3370, 3334, 3335, 3372, 3371, 3335, 3336, 3373, 3372, 3336, 3337, 3374, 3373, 3337, 3338, 3375, 3374, 3338, 3339, 3376, 3375, 3339, 3340, 3377, 3376, 3340, 3341, 3378, 3377, 3341, 3342, 3379, 3378, 3342, 3343, 3380, 3379, 3343, 3344, 3381, 3380, 3344, 3345, 3382, 3381, 3345, 3346, 3383, 3382, 3346, 3347, 3384, 3383, 3347, 3348, 3385, 3384, 3348, 3349, 3386, 3385, 3349, 3350, 3387, 3386, 3350, 3351, 3388, 3387, 3351, 3352, 3389, 3388, 3352, 3353, 3390, 3389, 3353, 3354, 3391, 3390, 3354, 3355, 3392, 3391, 3355, 3356, 3393, 3392, 3356, 3357, 3394, 3393, 3357, 3358, 3395, 3394, 3358, 3359, 3396, 3395, 3359, 3360, 3397, 3396, 3360, 3361, 3398, 3397, 3361, 3362, 3399, 3398, 3362, 3363, 3400, 3399, 3363, 3364, 3401, 3400, 3364, 3365, 3402, 3401, 3365, 3366, 3403, 3402, 3367, 3368, 3405, 3404, 3368, 3369, 3406, 3405, 3369, 3370, 3407, 3406, 3370, 3371, 3408, 3407, 3371, 3372, 3409, 3408, 3372, 3373, 3410, 3409, 3373, 3374, 3411, 3410, 3374, 3375, 3412, 3411, 3375, 3376, 3413, 3412, 3376, 3377, 3414, 3413, 3377, 3378, 3415, 3414, 3378, 3379, 3416, 3415, 3379, 3380, 3417, 3416, 3380, 3381, 3418, 3417, 3381, 3382, 3419, 3418, 3382, 3383, 3420, 3419, 3383, 3384, 3421, 3420, 3384, 3385, 3422, 3421, 3385, 3386, 3423, 3422, 3386, 3387, 3424, 3423, 3387, 3388, 3425, 3424, 3388, 3389, 3426, 3425, 3389, 3390, 3427, 3426, 3390, 3391, 3428, 3427, 3391, 3392, 3429, 3428, 3392, 3393, 3430, 3429, 3393, 3394, 3431, 3430, 3394, 3395, 3432, 3431, 3395, 3396, 3433, 3432, 3396, 3397, 3434, 3433, 3397, 3398, 3435, 3434, 3398, 3399, 3436, 3435, 3399, 3400, 3437, 3436, 3400, 3401, 3438, 3437, 3401, 3402, 3439, 3438, 3402, 3403, 3440, 3439, 3404, 3405, 3442, 3441, 3405, 3406, 3443, 3442, 3406, 3407, 3444, 3443, 3407, 3408, 3445, 3444, 3408, 3409, 3446, 3445, 3409, 3410, 3447, 3446, 3410, 3411, 3448, 3447, 3411, 3412, 3449, 3448, 3412, 3413, 3450, 3449, 3413, 3414, 3451, 3450, 3414, 3415, 3452, 3451, 3415, 3416, 3453, 3452, 3416, 3417, 3454, 3453, 3417, 3418, 3455, 3454, 3418, 3419, 3456, 3455, 3419, 3420, 3457, 3456, 3420, 3421, 3458, 3457, 3421, 3422, 3459, 3458, 3422, 3423, 3460, 3459, 3423, 3424, 3461, 3460, 3424, 3425, 3462, 3461, 3425, 3426, 3463, 3462, 3426, 3427, 3464, 3463, 3427, 3428, 3465, 3464, 3428, 3429, 3466, 3465, 3429, 3430, 3467, 3466, 3430, 3431, 3468, 3467, 3431, 3432, 3469, 3468, 3432, 3433, 3470, 3469, 3433, 3434, 3471, 3470, 3434, 3435, 3472, 3471, 3435, 3436, 3473, 3472, 3436, 3437, 3474, 3473, 3437, 3438, 3475, 3474, 3438, 3439, 3476, 3475, 3439, 3440, 3477, 3476, 3441, 3442, 3479, 3478, 3442, 3443, 3480, 3479, 3443, 3444, 3481, 3480, 3444, 3445, 3482, 3481, 3445, 3446, 3483, 3482, 3446, 3447, 3484, 3483, 3447, 3448, 3485, 3484, 3448, 3449, 3486, 3485, 3449, 3450, 3487, 3486, 3450, 3451, 3488, 3487, 3451, 3452, 3489, 3488, 3452, 3453, 3490, 3489, 3453, 3454, 3491, 3490, 3454, 3455, 3492, 3491, 3455, 3456, 3493, 3492, 3456, 3457, 3494, 3493, 3457, 3458, 3495, 3494, 3458, 3459, 3496, 3495, 3459, 3460, 3497, 3496, 3460, 3461, 3498, 3497, 3461, 3462, 3499, 3498, 3462, 3463, 3500, 3499, 3463, 3464, 3501, 3500, 3464, 3465, 3502, 3501, 3465, 3466, 3503, 3502, 3466, 3467, 3504, 3503, 3467, 3468, 3505, 3504, 3468, 3469, 3506, 3505, 3469, 3470, 3507, 3506, 3470, 3471, 3508, 3507, 3471, 3472, 3509, 3508, 3472, 3473, 3510, 3509, 3473, 3474, 3511, 3510, 3474, 3475, 3512, 3511, 3475, 3476, 3513, 3512, 3476, 3477, 3514, 3513, 3478, 3479, 3516, 3515, 3479, 3480, 3517, 3516, 3480, 3481, 3518, 3517, 3481, 3482, 3519, 3518, 3482, 3483, 3520, 3519, 3483, 3484, 3521, 3520, 3484, 3485, 3522, 3521, 3485, 3486, 3523, 3522, 3486, 3487, 3524, 3523, 3487, 3488, 3525, 3524, 3488, 3489, 3526, 3525, 3489, 3490, 3527, 3526, 3490, 3491, 3528, 3527, 3491, 3492, 3529, 3528, 3492, 3493, 3530, 3529, 3493, 3494, 3531, 3530, 3494, 3495, 3532, 3531, 3495, 3496, 3533, 3532, 3496, 3497, 3534, 3533, 3497, 3498, 3535, 3534, 3498, 3499, 3536, 3535, 3499, 3500, 3537, 3536, 3500, 3501, 3538, 3537, 3501, 3502, 3539, 3538, 3502, 3503, 3540, 3539, 3503, 3504, 3541, 3540, 3504, 3505, 3542, 3541, 3505, 3506, 3543, 3542, 3506, 3507, 3544, 3543, 3507, 3508, 3545, 3544, 3508, 3509, 3546, 3545, 3509, 3510, 3547, 3546, 3510, 3511, 3548, 3547, 3511, 3512, 3549, 3548, 3512, 3513, 3550, 3549, 3513, 3514, 3551, 3550, 3515, 3516, 3553, 3552, 3516, 3517, 3554, 3553, 3517, 3518, 3555, 3554, 3518, 3519, 3556, 3555, 3519, 3520, 3557, 3556, 3520, 3521, 3558, 3557, 3521, 3522, 3559, 3558, 3522, 3523, 3560, 3559, 3523, 3524, 3561, 3560, 3524, 3525, 3562, 3561, 3525, 3526, 3563, 3562, 3526, 3527, 3564, 3563, 3527, 3528, 3565, 3564, 3528, 3529, 3566, 3565, 3529, 3530, 3567, 3566, 3530, 3531, 3568, 3567, 3531, 3532, 3569, 3568, 3532, 3533, 3570, 3569, 3533, 3534, 3571, 3570, 3534, 3535, 3572, 3571, 3535, 3536, 3573, 3572, 3536, 3537, 3574, 3573, 3537, 3538, 3575, 3574, 3538, 3539, 3576, 3575, 3539, 3540, 3577, 3576, 3540, 3541, 3578, 3577, 3541, 3542, 3579, 3578, 3542, 3543, 3580, 3579, 3543, 3544, 3581, 3580, 3544, 3545, 3582, 3581, 3545, 3546, 3583, 3582, 3546, 3547, 3584, 3583, 3547, 3548, 3585, 3584, 3548, 3549, 3586, 3585, 3549, 3550, 3587, 3586, 3550, 3551, 3588, 3587, 3552, 3553, 3590, 3589, 3553, 3554, 3591, 3590, 3554, 3555, 3592, 3591, 3555, 3556, 3593, 3592, 3556, 3557, 3594, 3593, 3557, 3558, 3595, 3594, 3558, 3559, 3596, 3595, 3559, 3560, 3597, 3596, 3560, 3561, 3598, 3597, 3561, 3562, 3599, 3598, 3562, 3563, 3600, 3599, 3563, 3564, 3601, 3600, 3564, 3565, 3602, 3601, 3565, 3566, 3603, 3602, 3566, 3567, 3604, 3603, 3567, 3568, 3605, 3604, 3568, 3569, 3606, 3605, 3569, 3570, 3607, 3606, 3570, 3571, 3608, 3607, 3571, 3572, 3609, 3608, 3572, 3573, 3610, 3609, 3573, 3574, 3611, 3610, 3574, 3575, 3612, 3611, 3575, 3576, 3613, 3612, 3576, 3577, 3614, 3613, 3577, 3578, 3615, 3614, 3578, 3579, 3616, 3615, 3579, 3580, 3617, 3616, 3580, 3581, 3618, 3617, 3581, 3582, 3619, 3618, 3582, 3583, 3620, 3619, 3583, 3584, 3621, 3620, 3584, 3585, 3622, 3621, 3585, 3586, 3623, 3622, 3586, 3587, 3624, 3623, 3587, 3588, 3625, 3624, 37, 0, 1813, 1850, 74, 37, 1850, 1887, 111, 74, 1887, 1924, 148, 111, 1924, 1961, 185, 148, 1961, 1998, 222, 185, 1998, 2035, 259, 222, 2035, 2072, 296, 259, 2072, 2109, 333, 296, 2109, 2146, 370, 333, 2146, 2183, 407, 370, 2183, 2220, 444, 407, 2220, 2257, 481, 444, 2257, 2294, 518, 481, 2294, 2331, 555, 518, 2331, 2368, 592, 555, 2368, 2405, 629, 592, 2405, 2442, 666, 629, 2442, 2479, 703, 666, 2479, 2516, 740, 703, 2516, 2553, 777, 740, 2553, 2590, 814, 777, 2590, 2627, 851, 814, 2627, 2664, 888, 851, 2664, 2701, 925, 888, 2701, 2738, 962, 925, 2738, 2775, 999, 962, 2775, 2812, 1036, 999, 2812, 2849, 1073, 1036, 2849, 2886, 1110, 1073, 2886, 2923, 1147, 1110, 2923, 2960, 1184, 1147, 2960, 2997, 1221, 1184, 2997, 3034, 1258, 1221, 3034, 3071, 1295, 1258, 3071, 3108, 1332, 1295, 3108, 3145, 1369, 1332, 3145, 3182, 1406, 1369, 3182, 3219, 1443, 1406, 3219, 3256, 1480, 1443, 3256, 3293, 1517, 1480, 3293, 3330, 1554, 1517, 3330, 3367, 1591, 1554, 3367, 3404, 1628, 1591, 3404, 3441, 1665, 1628, 3441, 3478, 1702, 1665, 3478, 3515, 1739, 1702, 3515, 3552, 1776, 1739, 3552, 3589, 1777, 1776, 3589, 3590, 1778, 1777, 3590, 3591, 1779, 1778, 3591, 3592, 1780, 1779, 3592, 3593, 1781, 1780, 3593, 3594, 1782, 1781, 3594, 3595, 1783, 1782, 3595, 3596, 1784, 1783, 3596, 3597, 1785, 1784, 3597, 3598, 1786, 1785, 3598, 3599, 1787, 1786, 3599, 3600, 1788, 1787, 3600, 3601, 1789, 1788, 3601, 3602, 1790, 1789, 3602, 3603, 1791, 1790, 3603, 3604, 1792, 1791, 3604, 3605, 1793, 1792, 3605, 3606, 1794, 1793, 3606, 3607, 1795, 1794, 3607, 3608, 1796, 1795, 3608, 3609, 1797, 1796, 3609, 3610, 1798, 1797, 3610, 3611, 1799, 1798, 3611, 3612, 1800, 1799, 3612, 3613, 1801, 1800, 3613, 3614, 1802, 1801, 3614, 3615, 1803, 1802, 3615, 3616, 1804, 1803, 3616, 3617, 1805, 1804, 3617, 3618, 1806, 1805, 3618, 3619, 1807, 1806, 3619, 3620, 1808, 1807, 3620, 3621, 1809, 1808, 3621, 3622, 1810, 1809, 3622, 3623, 1811, 1810, 3623, 3624, 1812, 1811, 3624, 3625, 1775, 1812, 3625, 3588, 1738, 1775, 3588, 3551, 1701, 1738, 3551, 3514, 1664, 1701, 3514, 3477, 1627, 1664, 3477, 3440, 1590, 1627, 3440, 3403, 1553, 1590, 3403, 3366, 1516, 1553, 3366, 3329, 1479, 1516, 3329, 3292, 1442, 1479, 3292, 3255, 1405, 1442, 3255, 3218, 1368, 1405, 3218, 3181, 1331, 1368, 3181, 3144, 1294, 1331, 3144, 3107, 1257, 1294, 3107, 3070, 1220, 1257, 3070, 3033, 1183, 1220, 3033, 2996, 1146, 1183, 2996, 2959, 1109, 1146, 2959, 2922, 1072, 1109, 2922, 2885, 1035, 1072, 2885, 2848, 998, 1035, 2848, 2811, 961, 998, 2811, 2774, 924, 961, 2774, 2737, 887, 924, 2737, 2700, 850, 887, 2700, 2663, 813, 850, 2663, 2626, 776, 813, 2626, 2589, 739, 776, 2589, 2552, 702, 739, 2552, 2515, 665, 702, 2515, 2478, 628, 665, 2478, 2441, 591, 628, 2441, 2404, 554, 591, 2404, 2367, 517, 554, 2367, 2330, 480, 517, 2330, 2293, 443, 480, 2293, 2256, 406, 443, 2256, 2219, 369, 406, 2219, 2182, 332, 369, 2182, 2145, 295, 332, 2145, 2108, 258, 295, 2108, 2071, 221, 258, 2071, 2034, 184, 221, 2034, 1997, 147, 184, 1997, 1960, 110, 147, 1960, 1923, 73, 110, 1923, 1886, 36, 73, 1886, 1849, 35, 36, 1849, 1848, 34, 35, 1848, 1847, 33, 34, 1847, 1846, 32, 33, 1846, 1845, 31, 32, 1845, 1844, 30, 31, 1844, 1843, 29, 30, 1843, 1842, 28, 29, 1842, 1841, 27, 28, 1841, 1840, 26, 27, 1840, 1839, 25, 26, 1839, 1838, 24, 25, 1838, 1837, 23, 24, 1837, 1836, 22, 23, 1836, 1835, 21, 22, 1835, 1834, 20, 21, 1834, 1833, 19, 20, 1833, 1832, 18, 19, 1832, 1831, 17, 18, 1831, 1830, 16, 17, 1830, 1829, 15, 16, 1829, 1828, 14, 15, 1828, 1827, 13, 14, 1827, 1826, 12, 13, 1826, 1825, 11, 12, 1825, 1824, 10, 11, 1824, 1823, 9, 10, 1823, 1822, 8, 9, 1822, 1821, 7, 8, 1821, 1820, 6, 7, 1820, 1819, 5, 6, 1819, 1818, 4, 5, 1818, 1817, 3, 4, 1817, 1816, 2, 3, 1816, 1815, 1, 2, 1815, 1814, 0, 1, 1814, 1813]
            rel material:binding = </ParcelSoftA03/Looks/PolyBag>
            rel material:binding:physics = </ParcelSoftA03/GraspPhysicsMaterial>
            normal3f[] normals = [(-0.12112168, -0.12383768, 0.9848826), (-0.11801656, -0.0059451424, 0.99299383), (-0.11612365, -0.0059458963, 0.993217), (-0.11484604, -0.0045075933, 0.9933731), (-0.11441409, -0.0019981733, 0.99343115), (-0.11487743, 0.0009729991, 0.9933792), (-0.11613533, 0.0037210498, 0.9932264), (-0.1179728, 0.0056330273, 0.99300086), (-0.12008073, 0.0062685893, 0.9927443), (-0.122073136, 0.005427899, 0.99250627), (-0.12353554, 0.0032110086, 0.99233496), (-0.12412415, 0.00005853309, 0.9922667), (-0.123688035, -0.0032838997, 0.9923157), (-0.12234098, -0.0059338002, 0.9924704), (-0.12042352, -0.0071492232, 0.9926969), (-0.11837543, -0.0065923515, 0.99294704), (-0.11660288, -0.0044377833, 0.9931687), (-0.11540548, -0.0012757139, 0.99331766), (-0.11496147, 0.0021133076, 0.99336773), (-0.11533118, 0.00497819, 0.9933146), (-0.116450936, 0.00672733, 0.99317366), (-0.11811974, 0.0069795917, 0.9929748), (-0.12000205, 0.005600463, 0.99275786), (-0.12167552, 0.0027666935, 0.99256605), (-0.12273581, -0.0009697221, 0.9924389), (-0.122929715, -0.0047154767, 0.99240416), (-0.1222467, -0.007451708, 0.99247175), (-0.1209114, -0.008387701, 0.99262786), (-0.119288, -0.007264924, 0.99283314), (-0.11776195, -0.0044259536, 0.993032), (-0.116652146, -0.00063182885, 0.99317265), (-0.11616279, 0.0032206841, 0.993225), (-0.11636177, 0.006318012, 0.9931868), (-0.117177255, 0.008034857, 0.99307853), (-0.11841375, 0.0079799965, 0.99293226), (-0.11979144, 0.006055203, 0.9927806), (-0.119266264, 0.12175642, 0.98536843), (-0.0032682754, -0.118431285, 0.9929569), (-0.03750296, -0.0385775, 0.9985516), (-0.14282447, -0.07570473, 0.9868485), (-0.25419512, -0.056652367, 0.9654923), (-0.32136783, -0.031958707, 0.946415), (-0.36035016, -0.018191148, 0.9326397), (-0.3863258, -0.0050382363, 0.9223486), (-0.4034349, 0.0037080909, 0.91500086), (-0.42094895, 0.0016988148, 0.90708274), (-0.44945323, -0.008440723, 0.893264), (-0.48648113, -0.015680889, 0.87355036), (-0.51628804, -0.014454998, 0.856293), (-0.52795815, -0.011136731, 0.8491974), (-0.526098, -0.013809818, 0.8503118), (-0.52217317, -0.019230852, 0.8526226), (-0.5190425, -0.015835093, 0.85460174), (-0.5099928, -0.0013500069, 0.86017764), (-0.49328595, 0.011932468, 0.86978537), (-0.4799669, 0.013625046, 0.87718076), (-0.4821192, 0.009045112, 0.87605894), (-0.4970646, 0.009357046, 0.8676631), (-0.51109886, 0.014734394, 0.8593956), (-0.51562554, 0.016257908, 0.85665977), (-0.51236445, 0.009363257, 0.8587171), (-0.505663, -0.0014549751, 0.86272985), (-0.49636194, -0.010427775, 0.868053), (-0.48497126, -0.016863607, 0.8743675), (-0.47451535, -0.019859875, 0.8800232), (-0.46402, -0.012742765, 0.88573307), (-0.44347346, 0.008254554, 0.8962495), (-0.4029468, 0.032969773, 0.91462934), (-0.34660843, 0.045018103, 0.936929), (-0.29042566, 0.04244378, 0.9559558), (-0.23049518, 0.049510296, 0.9718131), (-0.13633148, 0.06835452, 0.9883023), (-0.03791733, 0.038863294, 0.99852484), (0.00077182194, 0.11839994, 0.9929657), (-0.003510043, -0.11682212, 0.99314666), (-0.075111024, -0.14828442, 0.9860883), (-0.26392156, -0.2665998, 0.92696816), (-0.44124177, -0.17952232, 0.8792482), (-0.53079796, -0.094833255, 0.8421759), (-0.5790316, -0.06429351, 0.81276613), (-0.6184576, -0.038632207, 0.78486794), (-0.65023154, -0.017853092, 0.7595263), (-0.67509824, -0.017781492, 0.73751354), (-0.6978824, -0.035589013, 0.7153276), (-0.7200564, -0.046064015, 0.6923849), (-0.7373397, -0.035813916, 0.6745721), (-0.7460555, -0.021124939, 0.6655486), (-0.7488866, -0.02197739, 0.66233367), (-0.7498263, -0.029487522, 0.6609773), (-0.7477266, -0.017383497, 0.66377914), (-0.738263, 0.014610343, 0.6743547), (-0.72445166, 0.03330355, 0.6885206), (-0.7196962, 0.01739408, 0.6940712), (-0.731195, -0.0077509554, 0.6821245), (-0.7496645, -0.0063029276, 0.66178805), (-0.7596868, 0.018482879, 0.65002644), (-0.7553163, 0.036804292, 0.65432614), (-0.7423992, 0.030863088, 0.66924644), (-0.7295229, 0.010211154, 0.6838802), (-0.72033805, -0.0072063357, 0.69358575), (-0.7131005, -0.017671539, 0.7008391), (-0.70510614, -0.020912323, 0.70879334), (-0.6929004, -0.0031079757, 0.7210266), (-0.66863835, 0.044863693, 0.7422331), (-0.6247184, 0.1002386, 0.7743895), (-0.56625265, 0.124707386, 0.8147429), (-0.50524575, 0.1166005, 0.855062), (-0.4212838, 0.1552944, 0.89353436), (-0.2571936, 0.24456073, 0.9349019), (-0.07413479, 0.15014584, 0.98588043), (0.0015983195, 0.11909587, 0.9928815), (-0.003267662, -0.11548533, 0.99330384), (-0.057744008, -0.26697737, 0.9619713), (-0.18678732, -0.45010486, 0.8732217), (-0.3232166, -0.30799165, 0.89480287), (-0.39700395, -0.16549666, 0.9027728), (-0.44012976, -0.13406008, 0.8878703), (-0.4902039, -0.111028194, 0.8645073), (-0.5400097, -0.076324396, 0.838191), (-0.5726865, -0.056937452, 0.8177948), (-0.5837695, -0.065003745, 0.80931306), (-0.5821251, -0.07374663, 0.809748), (-0.5819657, -0.059535217, 0.81103116), (-0.59092337, -0.039091155, 0.80578005), (-0.6045542, -0.037135687, 0.7956979), (-0.6119342, -0.036708586, 0.79005635), (-0.6070797, -0.0041070804, 0.79463035), (-0.59409237, 0.045388147, 0.80311525), (-0.5894009, 0.049567137, 0.8063186), (-0.60530907, -0.009986855, 0.7959279), (-0.633722, -0.064257994, 0.7708874), (-0.6587918, -0.046715822, 0.7508735), (-0.6621493, 0.026008075, 0.74892044), (-0.63842076, 0.08510328, 0.7649682), (-0.6041572, 0.08549412, 0.79226565), (-0.5785073, 0.04459529, 0.81445724), (-0.5688562, 0.008564972, 0.82239246), (-0.56729776, -0.004962014, 0.8234978), (-0.5602105, 0.00049013, 0.8283501), (-0.5408862, 0.036057018, 0.84032255), (-0.5103172, 0.1082673, 0.85314393), (-0.47487852, 0.17915115, 0.86162364), (-0.4429074, 0.20003164, 0.8739682), (-0.4085914, 0.18682921, 0.89339125), (-0.33333933, 0.27430314, 0.90202147), (-0.18502058, 0.42744258, 0.8849069), (-0.05206576, 0.27189383, 0.9609178), (0.002235225, 0.11983452, 0.99279135), (-0.0025786487, -0.11456947, 0.9934119), (-0.032412462, -0.33848888, 0.940412), (-0.09843887, -0.54710084, 0.83125836), (-0.1810483, -0.387493, 0.90391964), (-0.23925222, -0.21716036, 0.9463613), (-0.27721494, -0.19303508, 0.94121695), (-0.31777868, -0.1813527, 0.93065995), (-0.35998648, -0.13747859, 0.92277265), (-0.38819298, -0.08722395, 0.9174411), (-0.39181024, -0.06626637, 0.91765654), (-0.38027042, -0.06934918, 0.9222717), (-0.37629274, -0.071576014, 0.9237319), (-0.38994282, -0.066933304, 0.91840327), (-0.40406922, -0.059101034, 0.9128171), (-0.3983945, -0.034871634, 0.91655105), (-0.3781802, 0.01542678, 0.92560345), (-0.37197226, 0.053693846, 0.92668957), (-0.39826238, 0.02132732, 0.91702354), (-0.438573, -0.0684147, 0.8960877), (-0.46553683, -0.12009203, 0.87684286), (-0.4717413, -0.06568464, 0.879287), (-0.45289722, 0.061138526, 0.88946396), (-0.4193021, 0.15224706, 0.8949897), (-0.39426026, 0.1455, 0.90740764), (-0.38343143, 0.07588467, 0.9204466), (-0.38002998, 0.017938534, 0.9248002), (-0.37400022, 0.005907636, 0.9274098), (-0.35487342, 0.029448943, 0.93445045), (-0.32450482, 0.079261854, 0.9425573), (-0.3006744, 0.14847037, 0.9420995), (-0.29710752, 0.20690255, 0.93215793), (-0.30227336, 0.22684017, 0.9258371), (-0.28516835, 0.23721072, 0.9286604), (-0.21025258, 0.37536633, 0.9027148), (-0.09522409, 0.54015726, 0.8361594), (-0.022317898, 0.34556055, 0.93813103), (0.0025657904, 0.120431416, 0.99271834), (-0.0015428015, -0.11416208, 0.99346095), (-0.01879479, -0.37448698, 0.92704165), (-0.05702999, -0.5924872, 0.80355865), (-0.11670069, -0.4359586, 0.8923682), (-0.1754316, -0.2610193, 0.94925904), (-0.2135929, -0.23093672, 0.9492346), (-0.23679003, -0.2171538, 0.9469819), (-0.25778908, -0.17182843, 0.9507995), (-0.28120965, -0.10790138, 0.9535609), (-0.29982746, -0.06744724, 0.9516062), (-0.31249452, -0.067523696, 0.9475166), (-0.32728216, -0.085639216, 0.9410379), (-0.34278122, -0.08742968, 0.93533796), (-0.3406492, -0.05655641, 0.9384879), (-0.31072938, -0.0037076445, 0.9504912), (-0.27877873, 0.036794167, 0.9596503), (-0.28716427, 0.02522304, 0.9575492), (-0.3355267, -0.043588597, 0.94102174), (-0.3756156, -0.11614998, 0.9194684), (-0.37449694, -0.120946184, 0.9193063), (-0.33893746, -0.030321505, 0.94032013), (-0.30103278, 0.10144197, 0.9482029), (-0.29481474, 0.17402042, 0.939575), (-0.3172762, 0.15160206, 0.9361371), (-0.33761862, 0.079273246, 0.9379389), (-0.33705857, 0.026808914, 0.9411019), (-0.31673378, 0.027368749, 0.9481195), (-0.28220487, 0.066406645, 0.95705307), (-0.24582553, 0.11461521, 0.962514), (-0.22965227, 0.15607966, 0.9606763), (-0.24200991, 0.18982661, 0.95152354), (-0.25620615, 0.22439326, 0.94021595), (-0.23082224, 0.28460377, 0.93044174), (-0.14336243, 0.46073285, 0.8758838), (-0.047587402, 0.6033746, 0.7960368), (-0.005521912, 0.3799037, 0.92500955), (0.002510546, 0.12074621, 0.99268025), (-0.00030374934, -0.11428906, 0.9934475), (-0.010607942, -0.39424053, 0.9189461), (-0.035032514, -0.6188035, 0.7847643), (-0.08181519, -0.4759422, 0.8756628), (-0.136048, -0.30487847, 0.94262403), (-0.16642287, -0.25316805, 0.9530002), (-0.17024297, -0.22411692, 0.9595775), (-0.17346112, -0.1883508, 0.9666619), (-0.20069842, -0.13965853, 0.96964717), (-0.24613072, -0.09979223, 0.9640857), (-0.28851387, -0.09306953, 0.95294166), (-0.31549215, -0.105751075, 0.9430172), (-0.3218459, -0.092136286, 0.94229835), (-0.30176726, -0.029940842, 0.9529114), (-0.26231387, 0.040284373, 0.96414137), (-0.23908609, 0.048177276, 0.96980244), (-0.26142275, -0.023257004, 0.9649442), (-0.3067296, -0.10823776, 0.9456223), (-0.32340342, -0.12850365, 0.9374951), (-0.28439036, -0.06522754, 0.95648706), (-0.21444628, 0.040461194, 0.9758974), (-0.18240704, 0.11953875, 0.9759294), (-0.2199517, 0.13843611, 0.965638), (-0.28448758, 0.111040205, 0.95222735), (-0.3208438, 0.06989416, 0.9445497), (-0.3154656, 0.046587043, 0.94779277), (-0.28571323, 0.06111253, 0.9563646), (-0.2502593, 0.10473098, 0.96249765), (-0.22148272, 0.1425106, 0.96469486), (-0.2103691, 0.15537769, 0.96519566), (-0.21652459, 0.16980255, 0.961397), (-0.21509618, 0.2286537, 0.9494478), (-0.1740166, 0.34067804, 0.9239354), (-0.088936076, 0.53261036, 0.84167486), (-0.018813847, 0.64130455, 0.76705575), (0.0030101484, 0.3931408, 0.91947335), (0.0020566224, 0.12072004, 0.9926845), (0.00097389607, -0.11492365, 0.9933739), (-0.008394664, -0.40884393, 0.9125657), (-0.031153215, -0.6386799, 0.7688416), (-0.07341302, -0.50830156, 0.8580443), (-0.11479549, -0.3375679, 0.9342751), (-0.12871586, -0.2579101, 0.9575566), (-0.11939138, -0.21332029, 0.9696598), (-0.120156564, -0.20185591, 0.97201675), (-0.15877463, -0.19037515, 0.96878684), (-0.22254248, -0.16036734, 0.9616429), (-0.27463233, -0.13265434, 0.9523549), (-0.29280773, -0.115825936, 0.9491301), (-0.27943164, -0.07631207, 0.9571282), (-0.24973434, 0.0036893506, 0.9683074), (-0.22745271, 0.06673276, 0.97149986), (-0.23546214, 0.03625732, 0.97120696), (-0.26739785, -0.07079428, 0.9609821), (-0.28819406, -0.1399614, 0.9472882), (-0.26725233, -0.094461046, 0.95898557), (-0.19814813, 0.025636705, 0.97983676), (-0.12977959, 0.105764665, 0.9858859), (-0.1283458, 0.098263934, 0.9868493), (-0.19512089, 0.06056496, 0.9789074), (-0.26726866, 0.051900323, 0.96222335), (-0.2939688, 0.065308236, 0.9535813), (-0.2773626, 0.07623065, 0.9577363), (-0.24782357, 0.09303576, 0.96432763), (-0.22743095, 0.1278317, 0.9653674), (-0.21686111, 0.15740372, 0.9634289), (-0.20805863, 0.16055954, 0.9648483), (-0.19359818, 0.17264569, 0.9657708), (-0.16518208, 0.2525527, 0.9533793), (-0.11750106, 0.3922805, 0.91231), (-0.056668762, 0.57997066, 0.8126639), (-0.01292788, 0.6635422, 0.74802715), (0.0013672322, 0.39898008, 0.9169586), (0.0012752841, 0.12039171, 0.9927257), (0.002126563, -0.11599766, 0.9932472), (-0.010724639, -0.4272755, 0.90405786), (-0.039761677, -0.6600128, 0.7502014), (-0.08352149, -0.5322796, 0.84243846), (-0.1089263, -0.35103726, 0.93000424), (-0.10648736, -0.24978054, 0.9624293), (-0.098496296, -0.20392212, 0.97401965), (-0.11250388, -0.2259455, 0.96762156), (-0.1582962, -0.250357, 0.955125), (-0.21560654, -0.22195973, 0.9509194), (-0.24932796, -0.15869647, 0.9553277), (-0.24040674, -0.099651024, 0.9655435), (-0.2042494, -0.04230985, 0.9780041), (-0.17923823, 0.02222255, 0.98355466), (-0.19515346, 0.05048156, 0.9794727), (-0.24289808, -0.0054644663, 0.97003645), (-0.27825654, -0.10175, 0.9551022), (-0.26791525, -0.12447219, 0.95536804), (-0.2119725, -0.023617655, 0.9769902), (-0.14167158, 0.107173145, 0.98409504), (-0.112197354, 0.12844574, 0.9853494), (-0.14445387, 0.043993723, 0.9885331), (-0.20633863, -0.018913005, 0.9782978), (-0.24814442, 0.011773343, 0.96865153), (-0.24649194, 0.07876788, 0.96593857), (-0.21856666, 0.10961354, 0.96964604), (-0.1971689, 0.11129701, 0.9740315), (-0.19693448, 0.12743382, 0.9720995), (-0.20428757, 0.15773019, 0.96611995), (-0.19573507, 0.1769342, 0.96456313), (-0.16139783, 0.20501116, 0.96536064), (-0.1143717, 0.29034328, 0.9500631), (-0.07836446, 0.4225752, 0.90293366), (-0.053081453, 0.59978926, 0.7983954), (-0.027775435, 0.678901, 0.7337042), (-0.008501795, 0.41118762, 0.91151106), (0.0003176492, 0.11987192, 0.9927893), (0.003009377, -0.117409624, 0.993079), (-0.0141105605, -0.45381805, 0.8909826), (-0.050127808, -0.6856796, 0.72617537), (-0.097327754, -0.54898083, 0.830149), (-0.11145901, -0.34697172, 0.93122905), (-0.10429189, -0.24140957, 0.9648029), (-0.11356917, -0.2132505, 0.9703743), (-0.14440554, -0.26069808, 0.9545593), (-0.18086591, -0.29668725, 0.93769085), (-0.2066304, -0.25452673, 0.9447328), (-0.2036484, -0.15147214, 0.96725565), (-0.16475487, -0.05457588, 0.98482347), (-0.11778124, -0.0019976005, 0.9930376), (-0.11102595, 0.011347539, 0.9937527), (-0.16490492, -0.012729744, 0.98622733), (-0.23964684, -0.06974969, 0.96835136), (-0.27131924, -0.11094829, 0.9560734), (-0.2373852, -0.06970465, 0.9689115), (-0.16971184, 0.052983467, 0.9840684), (-0.13224953, 0.14127657, 0.9810968), (-0.15353939, 0.10007598, 0.9830618), (-0.19907832, -0.014007524, 0.9798835), (-0.2247597, -0.05737538, 0.97272354), (-0.21811499, 0.013956238, 0.9758233), (-0.18827145, 0.109423086, 0.9760023), (-0.15847254, 0.13816331, 0.9776489), (-0.14693102, 0.115501694, 0.9823801), (-0.15603435, 0.11112413, 0.9814809), (-0.1689055, 0.1489926, 0.974306), (-0.15981092, 0.19992006, 0.9666915), (-0.12107766, 0.25164333, 0.9602166), (-0.07901582, 0.32404304, 0.94273674), (-0.06850743, 0.42380172, 0.90316045), (-0.072528355, 0.5973524, 0.7986925), (-0.051378164, 0.69466454, 0.7174967), (-0.02049444, 0.4372463, 0.89910823), (-0.00062612747, 0.11928439, 0.99285996), (0.0035086998, -0.119028546, 0.99288464), (-0.015033586, -0.4864164, 0.8735978), (-0.052327175, -0.71354145, 0.6986562), (-0.10029162, -0.5614597, 0.82140404), (-0.1128598, -0.33656436, 0.93487275), (-0.11784502, -0.24816343, 0.96152353), (-0.15127155, -0.24584413, 0.9574328), (-0.18814838, -0.29259148, 0.9375449), (-0.19824715, -0.30929914, 0.930071), (-0.18020134, -0.24350418, 0.9530127), (-0.14134079, -0.112177506, 0.98358476), (-0.09268761, -0.000045187717, 0.99569523), (-0.06019951, 0.025455542, 0.99786174), (-0.07601668, -0.026697421, 0.99674904), (-0.14398225, -0.09998472, 0.9845162), (-0.21598369, -0.1352567, 0.96698326), (-0.23523861, -0.10089145, 0.96668696), (-0.19387548, -0.002119193, 0.98102385), (-0.14818217, 0.09927314, 0.98396486), (-0.16031611, 0.11824155, 0.979958), (-0.21429296, 0.042511024, 0.9758439), (-0.24372259, -0.040988833, 0.96897846), (-0.22245808, -0.037386842, 0.97422516), (-0.1760787, 0.052947167, 0.9829511), (-0.13963524, 0.13993758, 0.980265), (-0.12363438, 0.15416333, 0.9802797), (-0.11758207, 0.117306136, 0.9861104), (-0.115205966, 0.10051293, 0.9882433), (-0.11436177, 0.14267717, 0.9831402), (-0.10527237, 0.21863231, 0.9701122), (-0.083879136, 0.2863875, 0.95443517), (-0.06988114, 0.33704013, 0.93889326), (-0.08524755, 0.40072754, 0.91222274), (-0.098006755, 0.5849277, 0.8051424), (-0.06739312, 0.7143808, 0.6965043), (-0.027759628, 0.47379237, 0.88019896), (-0.0013829144, 0.11871524, 0.9929274), (0.0035512876, -0.120696194, 0.9926831), (-0.012016563, -0.5184995, 0.8549935), (-0.042962708, -0.7388135, 0.67253906), (-0.08596429, -0.5731054, 0.81496036), (-0.10643896, -0.3353289, 0.9360691), (-0.13442446, -0.27845356, 0.95099616), (-0.18429041, -0.29127622, 0.93872), (-0.21151964, -0.30669436, 0.92800754), (-0.18806376, -0.28105772, 0.9410837), (-0.13084948, -0.19361043, 0.97231346), (-0.078303546, -0.06487811, 0.99481624), (-0.054086808, 0.03015103, 0.9980809), (-0.05944601, 0.023559878, 0.9979535), (-0.09208065, -0.07477913, 0.9929397), (-0.14108907, -0.17132966, 0.975059), (-0.17752677, -0.17527512, 0.9683816), (-0.17449474, -0.07754907, 0.98159957), (-0.14400285, 0.045890074, 0.98851264), (-0.14283346, 0.09633979, 0.9850468), (-0.19492851, 0.056041077, 0.97921515), (-0.24811871, -0.0068723042, 0.96870524), (-0.24378335, -0.020300305, 0.96961725), (-0.1856788, 0.02753481, 0.98222464), (-0.12959272, 0.0983882, 0.98667395), (-0.11637378, 0.14663659, 0.98232114), (-0.12660903, 0.15336324, 0.9800255), (-0.12061532, 0.13152899, 0.9839472), (-0.090871915, 0.11871061, 0.9887619), (-0.061988905, 0.15093823, 0.9865977), (-0.053187795, 0.2231314, 0.9733362), (-0.06233626, 0.28968927, 0.9550886), (-0.08367362, 0.32387227, 0.9423935), (-0.11099099, 0.36995497, 0.92239594), (-0.10864851, 0.57900107, 0.8080552), (-0.065361656, 0.73638594, 0.67339706), (-0.026761701, 0.50975806, 0.8599015), (-0.001842069, 0.11820206, 0.9929879), (0.0031125862, -0.12223347, 0.9924965), (-0.0061445283, -0.54316515, 0.8396034), (-0.02584368, -0.7574776, 0.6523495), (-0.05933669, -0.58653915, 0.8077444), (-0.09277605, -0.3542125, 0.9305515), (-0.1406167, -0.32657734, 0.9346519), (-0.18921892, -0.33206674, 0.92408216), (-0.19517949, -0.29550844, 0.93518966), (-0.14250784, -0.21840419, 0.9653969), (-0.068967514, -0.12788896, 0.98938763), (-0.035411756, -0.042869348, 0.9984529), (-0.059785068, 0.010122119, 0.99815995), (-0.11056352, -0.013298408, 0.9937801), (-0.14894126, -0.11166912, 0.98252046), (-0.15731004, -0.1946469, 0.9681767), (-0.13950896, -0.17078313, 0.97538215), (-0.10953628, -0.04847252, 0.9928002), (-0.100365125, 0.054887973, 0.9934355), (-0.14008148, 0.05026853, 0.9888631), (-0.2030987, -0.01086199, 0.979098), (-0.22944023, -0.021221405, 0.97309136), (-0.19153127, 0.03946032, 0.9806929), (-0.12378889, 0.10110199, 0.9871447), (-0.09273516, 0.11610858, 0.98889786), (-0.11907691, 0.115496606, 0.9861446), (-0.15557064, 0.1362826, 0.97837865), (-0.14740148, 0.16358502, 0.97545516), (-0.092630096, 0.1723282, 0.98067456), (-0.038161237, 0.17841163, 0.98321563), (-0.028168995, 0.21177176, 0.9769131), (-0.061531283, 0.2592786, 0.9638405), (-0.10407781, 0.2931372, 0.95038855), (-0.1222426, 0.3534836, 0.92741907), (-0.09278604, 0.5903661, 0.80178463), (-0.046469945, 0.75551826, 0.6534774), (-0.018777201, 0.53446573, 0.84498155), (-0.001973038, 0.11776326, 0.9930397), (0.0022251029, -0.12345615, 0.99234754), (-0.000023669601, -0.5565676, 0.8308023), (-0.008578825, -0.7684861, 0.639809), (-0.033642586, -0.60397553, 0.7962925), (-0.07914982, -0.3923693, 0.916396), (-0.13122317, -0.37497574, 0.91770023), (-0.15964651, -0.35243127, 0.92212), (-0.13889456, -0.25953928, 0.95569223), (-0.07448099, -0.14308938, 0.98690325), (-0.018870216, -0.07918292, 0.9966815), (-0.025359495, -0.065117724, 0.9975553), (-0.09551121, -0.06160058, 0.9935205), (-0.17713273, -0.076224096, 0.9812308), (-0.21154654, -0.12504667, 0.96933556), (-0.18177232, -0.16132861, 0.9700164), (-0.116152674, -0.11974221, 0.985987), (-0.066392265, -0.020832842, 0.9975761), (-0.07396489, 0.028626794, 0.9968499), (-0.12741093, -0.012028683, 0.99177706), (-0.17017655, -0.051175427, 0.98408383), (-0.16094595, 0.0026888126, 0.9869596), (-0.10927695, 0.10757702, 0.98817295), (-0.06758835, 0.14439529, 0.9872091), (-0.07853041, 0.09196789, 0.9926605), (-0.13392116, 0.05416091, 0.98951083), (-0.18083575, 0.10995035, 0.97734815), (-0.1722327, 0.2037907, 0.9637454), (-0.114326246, 0.24230245, 0.96344125), (-0.055510502, 0.21740513, 0.9745017), (-0.042394497, 0.19358397, 0.9801673), (-0.07591395, 0.2127417, 0.974155), (-0.11098714, 0.26456723, 0.9579593), (-0.10483768, 0.3641585, 0.92541754), (-0.056271438, 0.61548424, 0.7861378), (-0.020902487, 0.76729316, 0.6409558), (-0.008451168, 0.54336035, 0.83945704), (-0.0018122072, 0.11743911, 0.9930784), (0.0009844949, -0.12420164, 0.9922565), (0.0037124676, -0.558947, 0.8291951), (0.001614843, -0.7739211, 0.63328), (-0.021670347, -0.6270041, 0.7787145), (-0.07372138, -0.4379881, 0.8959529), (-0.11161565, -0.40454176, 0.9076827), (-0.10687345, -0.34227496, 0.93350196), (-0.06345078, -0.2087585, 0.97590667), (-0.014706488, -0.08767957, 0.99604017), (-0.0023217732, -0.07033913, 0.99752045), (-0.04545635, -0.12358009, 0.99129295), (-0.13120623, -0.15755075, 0.97875565), (-0.21371402, -0.14515726, 0.9660516), (-0.24061282, -0.11840619, 0.96337193), (-0.19477408, -0.08854427, 0.97684336), (-0.11194282, -0.040943947, 0.9928708), (-0.059454065, 0.0012654591, 0.9982302), (-0.06886197, -0.009877618, 0.9975773), (-0.102724545, -0.05639978, 0.99310964), (-0.10648092, -0.051050674, 0.99300337), (-0.07254228, 0.045340758, 0.9963342), (-0.040947665, 0.1458972, 0.98845196), (-0.048244536, 0.13897644, 0.9891198), (-0.09131819, 0.04096214, 0.99497896), (-0.14175655, -0.00579256, 0.9898846), (-0.17293471, 0.08749252, 0.9810396), (-0.16837025, 0.23343757, 0.95768386), (-0.13703822, 0.2948562, 0.945664), (-0.10267419, 0.25165108, 0.9623563), (-0.08655954, 0.18451099, 0.9790113), (-0.092398584, 0.18168427, 0.9790063), (-0.09362964, 0.25820193, 0.96154314), (-0.063388616, 0.39604792, 0.9160393), (-0.017623879, 0.64128757, 0.7670982), (-0.001215491, 0.7708323, 0.6370369), (-0.0012521046, 0.53924316, 0.8421492), (-0.0014291714, 0.117310025, 0.9930943), (-0.00045214192, -0.124362, 0.9922368), (0.003546927, -0.5539193, 0.8325628), (0.0012860576, -0.77750725, 0.6288727), (-0.026982171, -0.6546872, 0.7554182), (-0.078784905, -0.47676045, 0.87549555), (-0.092174664, -0.40397772, 0.9101131), (-0.05392105, -0.30083367, 0.95215106), (-0.0034106255, -0.16239125, 0.98672056), (0.009486558, -0.07619799, 0.9970476), (-0.02313117, -0.10180534, 0.9945354), (-0.07917099, -0.18871175, 0.97883594), (-0.14086866, -0.23649892, 0.9613658), (-0.19443333, -0.19983901, 0.9603437), (-0.21285383, -0.1061761, 0.97129804), (-0.17860915, -0.014168868, 0.98381805), (-0.118676886, 0.03137135, 0.99243724), (-0.0824441, 0.016960235, 0.9964514), (-0.08053718, -0.032935582, 0.9962073), (-0.075372025, -0.060131233, 0.99534076), (-0.041690856, -0.017151525, 0.9989833), (-0.008503867, 0.0756543, 0.99709785), (-0.021222852, 0.13195771, 0.99102813), (-0.075672254, 0.09153887, 0.9929221), (-0.122033715, -0.0012093756, 0.9925252), (-0.12979028, -0.024260098, 0.9912446), (-0.12021485, 0.083210215, 0.9892545), (-0.12390052, 0.23529208, 0.963995), (-0.14153434, 0.30323467, 0.9423464), (-0.15025473, 0.26671216, 0.9519917), (-0.133569, 0.19839254, 0.97097874), (-0.09865774, 0.19279535, 0.9762667), (-0.058120888, 0.28143153, 0.9578195), (-0.017937759, 0.43073067, 0.90230227), (0.0053523346, 0.6567792, 0.7540639), (0.0037735717, 0.76883054, 0.63944143), (-0.00085451704, 0.5309154, 0.8474244), (-0.00089098484, 0.11747453, 0.9930755), (-0.0018816682, -0.123911835, 0.99229145), (-0.00032888702, -0.546769, 0.83728343), (-0.0074688126, -0.78227437, 0.6228893), (-0.04166707, -0.68280137, 0.72941494), (-0.08818138, -0.5001562, 0.86143357), (-0.08028883, -0.3736102, 0.9241045), (-0.024070732, -0.24024266, 0.9704144), (0.015076092, -0.13811436, 0.99030155), (-0.0074689635, -0.10949419, 0.99395937), (-0.064786956, -0.15443206, 0.985877), (-0.10544732, -0.22949305, 0.9675814), (-0.117781825, -0.26934478, 0.95581424), (-0.12350218, -0.22599515, 0.96626776), (-0.13129286, -0.10333348, 0.9859434), (-0.13030109, 0.022456411, 0.9912201), (-0.121026404, 0.06627604, 0.9904343), (-0.11308178, 0.026131202, 0.993242), (-0.098097146, -0.025482537, 0.9948505), (-0.058613833, -0.022919271, 0.9980176), (-0.008191746, 0.028383825, 0.9995635), (0.0024215896, 0.07176047, 0.99741894), (-0.053728346, 0.06736187, 0.9962809), (-0.13027482, 0.027208779, 0.9911045), (-0.15019825, -0.0015516462, 0.9886547), (-0.09741937, 0.022726486, 0.9949839), (-0.039087057, 0.10483585, 0.9937211), (-0.049811494, 0.20156005, 0.9782087), (-0.117720604, 0.2577547, 0.9590122), (-0.16859548, 0.25801498, 0.9513169), (-0.1548283, 0.23646908, 0.9592239), (-0.09015719, 0.2478921, 0.96458346), (-0.023444729, 0.32461944, 0.9455541), (0.009574996, 0.45213187, 0.8918997), (0.004874483, 0.65788037, 0.75310665), (-0.0067707375, 0.7657649, 0.643085), (-0.0068455194, 0.52929425, 0.8484107), (-0.00024385405, 0.11799739, 0.99301386), (-0.003085834, -0.12291854, 0.992412), (-0.006135041, -0.5421344, 0.8402694), (-0.018196136, -0.7887674, 0.6144224), (-0.052124497, -0.70607364, 0.70621747), (-0.089854054, -0.5078799, 0.8567288), (-0.07482053, -0.3267551, 0.9421428), (-0.026512932, -0.18294182, 0.98276615), (-0.009582535, -0.14054184, 0.9900284), (-0.04887636, -0.16619629, 0.9848806), (-0.10059635, -0.20156875, 0.97429484), (-0.10999626, -0.23132652, 0.9666379), (-0.073189326, -0.24898764, 0.9657373), (-0.033761654, -0.21849914, 0.9752529), (-0.031054761, -0.11629327, 0.9927293), (-0.06511823, 0.004212781, 0.99786866), (-0.10672161, 0.05308223, 0.992871), (-0.12686029, 0.027429817, 0.99154127), (-0.10889255, 0.0064234934, 0.9940328), (-0.05995147, 0.03372172, 0.99763155), (-0.0201277, 0.06117736, 0.997924), (-0.037153896, 0.032884903, 0.9987683), (-0.11043858, -0.021469282, 0.99365103), (-0.17254394, -0.022145562, 0.98475283), (-0.15335265, 0.048381854, 0.9869864), (-0.055904213, 0.12409745, 0.990694), (0.029543186, 0.14630386, 0.98879844), (0.019494874, 0.14225729, 0.98963773), (-0.06982325, 0.16996057, 0.9829741), (-0.14281583, 0.23044734, 0.9625475), (-0.13678029, 0.284274, 0.9489359), (-0.07129857, 0.32109487, 0.94435936), (-0.0081806425, 0.36859384, 0.9295545), (0.007619932, 0.45459276, 0.8906668), (-0.015530393, 0.6465285, 0.76273173), (-0.024587478, 0.7659411, 0.64244044), (-0.014357893, 0.5409517, 0.84093106), (0.00047717956, 0.11885721, 0.9929112), (-0.0038724053, -0.121528365, 0.9925804), (-0.011423307, -0.5421306, 0.8402166), (-0.024214106, -0.79513, 0.60595536), (-0.047749043, -0.7204572, 0.69185364), (-0.07171287, -0.50540036, 0.8598998), (-0.065764695, -0.2877312, 0.95545053), (-0.04964495, -0.15214926, 0.9871099), (-0.056373473, -0.16072433, 0.9853881), (-0.08783173, -0.21510032, 0.97263426), (-0.11060247, -0.22368988, 0.96836454), (-0.090477064, -0.19939587, 0.97573316), (-0.029596895, -0.19108127, 0.9811279), (0.0276128, -0.18710604, 0.98195153), (0.03626041, -0.13845444, 0.9897048), (-0.009954601, -0.053025115, 0.99854356), (-0.07426759, 0.0045894696, 0.9972278), (-0.11073018, 0.019091478, 0.9936671), (-0.103700295, 0.040455546, 0.9937855), (-0.075094044, 0.07780057, 0.9941368), (-0.065480486, 0.06685644, 0.9956116), (-0.09764619, -0.020378625, 0.9950125), (-0.14895816, -0.09155419, 0.984596), (-0.16843562, -0.034514304, 0.9851082), (-0.11886178, 0.12660071, 0.98480666), (-0.023968171, 0.23101017, 0.9726561), (0.04655221, 0.18907402, 0.98085874), (0.0440593, 0.086122885, 0.9953098), (-0.01971065, 0.07943229, 0.9966454), (-0.07976389, 0.19577198, 0.9774001), (-0.08624633, 0.31945705, 0.9436677), (-0.05114256, 0.3772418, 0.92470163), (-0.018578611, 0.39642516, 0.91787905), (-0.020961555, 0.4421277, 0.8967072), (-0.0430915, 0.63067937, 0.7748462), (-0.036647774, 0.77182585, 0.63477695), (-0.017036738, 0.56343114, 0.82598734), (0.0012171579, 0.11992443, 0.9927823), (-0.004114901, -0.11993335, 0.9927734), (-0.014331321, -0.54617983, 0.83754534), (-0.02259659, -0.7986818, 0.60132915), (-0.026338302, -0.72309613, 0.6902451), (-0.029303972, -0.49912122, 0.86603653), (-0.04113079, -0.28045255, 0.9589862), (-0.06874759, -0.16157693, 0.9844626), (-0.09519758, -0.1845924, 0.97819376), (-0.10425256, -0.23321025, 0.9668218), (-0.09142175, -0.215044, 0.97231585), (-0.057408225, -0.15539351, 0.9861831), (-0.010452781, -0.13185461, 0.991214), (0.029928613, -0.15262596, 0.98783076), (0.040532753, -0.15517321, 0.9870554), (0.0122773545, -0.110270076, 0.99382585), (-0.035295647, -0.049454447, 0.99815255), (-0.06930122, 0.0022031495, 0.99759334), (-0.08092759, 0.05301608, 0.995309), (-0.09018181, 0.08486296, 0.99230313), (-0.11405582, 0.045741905, 0.99242073), (-0.14030148, -0.05676488, 0.98848027), (-0.14129598, -0.10783828, 0.9840764), (-0.107287765, -0.005152297, 0.99421465), (-0.054068975, 0.19137397, 0.9800268), (-0.014918848, 0.28874713, 0.95728916), (0.0020062681, 0.21196687, 0.9772748), (0.0076671815, 0.06403584, 0.9979181), (0.00532654, 0.037228473, 0.9992926), (-0.007926045, 0.1711435, 0.98521423), (-0.025124574, 0.3249491, 0.94539773), (-0.036945928, 0.39359754, 0.9185401), (-0.046645712, 0.39997384, 0.9153388), (-0.060229912, 0.42608613, 0.90267545), (-0.06084123, 0.62326324, 0.7796418), (-0.0336089, 0.7827468, 0.6214321), (-0.011518041, 0.58725953, 0.80931675), (0.0018724964, 0.12098542, 0.99265254), (-0.003778191, -0.1183328, 0.99296683), (-0.014321852, -0.5524276, 0.83343786), (-0.015134878, -0.79756016, 0.6030495), (0.0051306323, -0.711941, 0.70222056), (0.027839085, -0.49196997, 0.87016696), (0.0021175183, -0.31222057, 0.95000726), (-0.0623959, -0.2100581, 0.97569585), (-0.103769034, -0.20349123, 0.9735622), (-0.09326347, -0.21548676, 0.9720429), (-0.056029294, -0.18361986, 0.98139924), (-0.030008346, -0.12800556, 0.99131936), (-0.024252879, -0.108097024, 0.99384445), (-0.020052506, -0.13278568, 0.9909419), (-0.008397001, -0.15341802, 0.9881257), (-0.0013854232, -0.13315205, 0.99109465), (-0.0074556037, -0.07935356, 0.99681866), (-0.022413865, -0.016811915, 0.9996074), (-0.047842972, 0.034602348, 0.9982553), (-0.090662345, 0.050275803, 0.9946118), (-0.13511448, 0.010474063, 0.99077463), (-0.14031875, -0.053762194, 0.9886457), (-0.08595004, -0.057582334, 0.99463403), (-0.009980254, 0.05279751, 0.99855536), (0.015487556, 0.20617387, 0.9783928), (-0.027531628, 0.2687198, 0.9628248), (-0.07823971, 0.20105015, 0.9764514), (-0.06845349, 0.08959209, 0.9936234), (-0.0055741714, 0.07008464, 0.99752545), (0.03801903, 0.17191078, 0.9843786), (0.020773211, 0.2985336, 0.954173), (-0.031227512, 0.36550266, 0.93028635), (-0.07546313, 0.38136664, 0.9213386), (-0.08779655, 0.42075327, 0.9029166), (-0.057003953, 0.63434136, 0.7709485), (-0.015791368, 0.795102, 0.60627013), (0.00038501565, 0.602601, 0.79804254), (0.0022932983, 0.121806, 0.99255127), (-0.0029220383, -0.11690308, 0.993139), (-0.011970043, -0.55930364, 0.82887644), (-0.0064427783, -0.7917654, 0.6107913), (0.033182234, -0.6870879, 0.7258162), (0.077816784, -0.48258707, 0.87238425), (0.051622387, -0.3673685, 0.92864174), (-0.026251677, -0.28194547, 0.9590712), (-0.07706015, -0.2188983, 0.9727), (-0.06377006, -0.17608859, 0.98230654), (-0.027064491, -0.14884378, 0.9884903), (-0.024206331, -0.13431229, 0.9906434), (-0.057496578, -0.13006411, 0.9898371), (-0.08214477, -0.13167246, 0.9878839), (-0.06929324, -0.13036436, 0.98904175), (-0.032684363, -0.1129659, 0.9930611), (-0.001344343, -0.07403339, 0.99725485), (0.0064027, -0.028942166, 0.9995606), (-0.018299073, -0.004120346, 0.99982405), (-0.07070226, -0.008844706, 0.9974583), (-0.11411509, -0.021765338, 0.9932291), (-0.09612893, -0.009302611, 0.99532545), (-0.008137689, 0.04271484, 0.99905413), (0.0749399, 0.11160328, 0.99092317), (0.060919404, 0.16003062, 0.98523045), (-0.048377287, 0.17148066, 0.983999), (-0.14527082, 0.15851675, 0.9766109), (-0.1357649, 0.14995748, 0.9793266), (-0.039401304, 0.16309549, 0.9858232), (0.04010039, 0.2005598, 0.97886044), (0.03345235, 0.25375283, 0.9666905), (-0.032350164, 0.30513477, 0.9517596), (-0.08715267, 0.35228288, 0.93182683), (-0.08689782, 0.43433735, 0.89654887), (-0.032915954, 0.6615409, 0.74918634), (0.007821657, 0.80472624, 0.59359455), (0.013083699, 0.60441715, 0.7965606), (0.0023295165, 0.12220902, 0.9925017), (-0.0016830075, -0.115782015, 0.9932732), (-0.008153865, -0.56608427, 0.824307), (-0.00083271385, -0.78355706, 0.62131923), (0.043740332, -0.6530184, 0.7560779), (0.09801481, -0.4678771, 0.8783417), (0.08574372, -0.4186157, 0.9041067), (0.023602603, -0.35326758, 0.93522453), (-0.027746683, -0.23952627, 0.9704933), (-0.033110388, -0.14481346, 0.98890483), (-0.02299272, -0.13230602, 0.9909422), (-0.041681733, -0.16660844, 0.98514175), (-0.08421671, -0.17408699, 0.98112243), (-0.11020623, -0.13856429, 0.9842025), (-0.09552433, -0.09628665, 0.9907593), (-0.053404845, -0.069016844, 0.996185), (-0.013142234, -0.04641221, 0.9988359), (0.0049842377, -0.029840942, 0.99954224), (-0.00613824, -0.039411917, 0.9992042), (-0.038396634, -0.061039414, 0.9973965), (-0.059405714, -0.03690119, 0.9975516), (-0.028583035, 0.055709004, 0.9980378), (0.04962503, 0.1456352, 0.98809296), (0.103779726, 0.14611742, 0.98380864), (0.06357155, 0.07284751, 0.99531496), (-0.058159236, 0.0348432, 0.9976991), (-0.15617523, 0.10311271, 0.98233247), (-0.15074086, 0.21431772, 0.9650622), (-0.06797361, 0.26651517, 0.96143085), (0.0060269255, 0.24285552, 0.9700438), (0.011384866, 0.21296549, 0.9769934), (-0.035576753, 0.24145864, 0.96975875), (-0.07166529, 0.32949874, 0.94143224), (-0.05597044, 0.4621062, 0.8850566), (-0.0015419663, 0.69167244, 0.7222097), (0.025656438, 0.8094179, 0.5866723), (0.020430764, 0.593988, 0.8042144), (0.0019028243, 0.122130744, 0.99251217), (-0.00024280915, -0.115065694, 0.99335784), (-0.003404754, -0.5724524, 0.81993085), (0.00045462057, -0.776856, 0.62967813), (0.030324645, -0.6196722, 0.7842747), (0.077305436, -0.4458095, 0.8917835), (0.08786618, -0.44492522, 0.8912469), (0.061599426, -0.40341648, 0.9129407), (0.020234983, -0.27332127, 0.96171), (-0.01646251, -0.15147282, 0.98832434), (-0.044757083, -0.14443481, 0.9885016), (-0.069046654, -0.19785939, 0.9777956), (-0.084360614, -0.20068197, 0.9760174), (-0.0824746, -0.13570684, 0.9873103), (-0.06438029, -0.06665021, 0.9956972), (-0.042337146, -0.03525495, 0.99848115), (-0.027051622, -0.024748532, 0.99932766), (-0.01986683, -0.024936227, 0.99949163), (-0.016222822, -0.05130743, 0.99855113), (-0.011168342, -0.07791902, 0.99689716), (0.0018075929, -0.028720621, 0.99958587), (0.028709488, 0.107000686, 0.9938444), (0.0589538, 0.2029981, 0.9774028), (0.065145, 0.14688298, 0.98700637), (0.02469676, -0.009684529, 0.9996481), (-0.045075923, -0.07106647, 0.99645257), (-0.09765003, 0.059817944, 0.9934215), (-0.10035482, 0.25321734, 0.96219015), (-0.06879307, 0.3302219, 0.94139314), (-0.03816351, 0.27558914, 0.96051764), (-0.028688593, 0.19540507, 0.98030293), (-0.035041474, 0.20885421, 0.97731876), (-0.03304845, 0.32620394, 0.9447215), (-0.009205234, 0.48978716, 0.87179345), (0.02247805, 0.7119853, 0.7018345), (0.030007102, 0.80939376, 0.58649915), (0.018992977, 0.57807285, 0.81576407), (0.0010616813, 0.121627554, 0.9925752), (0.0012053852, -0.11481061, 0.9933867), (0.0020863274, -0.57779276, 0.8161809), (-0.00007074618, -0.7753005, 0.6315925), (0.0004268784, -0.6003812, 0.79971385), (0.022433538, -0.41859296, 0.9078968), (0.05441297, -0.4374956, 0.89757276), (0.069426596, -0.42255145, 0.903676), (0.045582835, -0.31864154, 0.94677866), (-0.016206501, -0.20457038, 0.9787177), (-0.07391929, -0.17896847, 0.98107404), (-0.08681523, -0.20175225, 0.97558147), (-0.05533543, -0.18069415, 0.98198146), (-0.011582473, -0.109302394, 0.99394107), (0.010465404, -0.05190886, 0.99859697), (0.0010147219, -0.037212446, 0.99930686), (-0.025844563, -0.03426762, 0.99907845), (-0.04637709, -0.02740688, 0.998548), (-0.039737623, -0.03737199, 0.998511), (-0.0031297083, -0.050489575, 0.9987197), (0.039010957, -0.0004032626, 0.9992387), (0.051274914, 0.1203638, 0.9914048), (0.023302918, 0.19387738, 0.98074895), (-0.017334742, 0.119073525, 0.99273413), (-0.032778006, -0.040628426, 0.99863654), (-0.014289313, -0.09129088, 0.99572176), (0.006230871, 0.049792852, 0.99874014), (-0.003671562, 0.24956746, 0.96835047), (-0.03762905, 0.33030164, 0.94312507), (-0.06504271, 0.28067222, 0.95759726), (-0.060839333, 0.20639285, 0.9765759), (-0.026965532, 0.22437295, 0.9741302), (0.0114831105, 0.34411758, 0.93885636), (0.032247845, 0.5045015, 0.86280835), (0.03139424, 0.7168164, 0.69655484), (0.020772165, 0.8062006, 0.5912775), (0.010172762, 0.56570023, 0.82454824), (-0.00001807125, 0.120828666, 0.9926734), (0.0024831984, -0.11503522, 0.9933583), (0.007947999, -0.580979, 0.8138797), (0.0015044722, -0.7798426, 0.6259738), (-0.027200643, -0.6048787, 0.7958529), (-0.041325133, -0.39612955, 0.9172642), (-0.003357104, -0.39866695, 0.91708964), (0.044277795, -0.40926573, 0.91134024), (0.042408593, -0.36222178, 0.93112665), (-0.020931026, -0.28319687, 0.9588334), (-0.08421212, -0.21945931, 0.9719804), (-0.079879574, -0.17002647, 0.9821966), (-0.010669653, -0.11086787, 0.9937779), (0.0623247, -0.06004736, 0.99624795), (0.085871324, -0.05252639, 0.9949207), (0.055095248, -0.07524287, 0.995642), (-0.0027050388, -0.07985096, 0.99680316), (-0.051076904, -0.049172822, 0.99748343), (-0.057550043, -0.014043006, 0.99824387), (-0.014711719, 0.006207658, 0.9998725), (0.037672397, 0.038336962, 0.99855447), (0.036938563, 0.09570637, 0.994724), (-0.02946545, 0.12630369, 0.9915539), (-0.094025895, 0.07929099, 0.9924072), (-0.07714831, -0.0026856456, 0.997016), (0.018882778, -0.015402859, 0.99970305), (0.10283003, 0.08016513, 0.9914633), (0.095030695, 0.20566759, 0.97399694), (0.013668501, 0.26624656, 0.96380806), (-0.06002638, 0.25342506, 0.9654908), (-0.06546466, 0.23571043, 0.9696159), (-0.012064891, 0.2759373, 0.9610999), (0.0415962, 0.37310034, 0.92685807), (0.05227872, 0.5024073, 0.86304915), (0.026197044, 0.70689166, 0.7068365), (0.005383844, 0.80176324, 0.59761757), (-0.00047971483, 0.5625538, 0.82676053), (-0.0010912219, 0.11986559, 0.9927895), (0.0034422292, -0.115718186, 0.9932761), (0.013175012, -0.5809093, 0.81386167), (0.0069279913, -0.78804886, 0.6155737), (-0.03587758, -0.6310559, 0.77490723), (-0.08170984, -0.39261547, 0.9160658), (-0.059753694, -0.34478036, 0.9367796), (-0.0007741498, -0.36866215, 0.9295631), (0.021267124, -0.3867616, 0.9219345), (-0.01534173, -0.3515819, 0.9360314), (-0.058273092, -0.2506863, 0.9663129), (-0.043501444, -0.117606096, 0.9921071), (0.027833737, -0.020314237, 0.99940616), (0.09614115, -0.005808892, 0.9953508), (0.11679272, -0.060128797, 0.99133444), (0.08866381, -0.124597706, 0.9882379), (0.033500735, -0.1409231, 0.98945355), (-0.023094866, -0.090785295, 0.99560267), (-0.05069036, -0.005336383, 0.99870014), (-0.030923702, 0.060273975, 0.9977027), (0.007592215, 0.07540817, 0.99712384), (0.003268781, 0.054617148, 0.998502), (-0.06199839, 0.036020953, 0.99742603), (-0.118771695, 0.046184465, 0.9918469), (-0.08345523, 0.08218432, 0.9931168), (0.039006796, 0.11963211, 0.9920517), (0.14497101, 0.1380178, 0.9797625), (0.1474913, 0.1449573, 0.9783832), (0.06033162, 0.1623875, 0.9848809), (-0.025900632, 0.20383333, 0.9786629), (-0.039559294, 0.26555467, 0.96328384), (0.0048701107, 0.33235544, 0.94314164), (0.046654996, 0.39870057, 0.9158937), (0.04701491, 0.4887339, 0.87116516), (0.014740466, 0.6882359, 0.7253372), (-0.0056338906, 0.79768556, 0.6030473), (-0.0069753486, 0.5669179, 0.8237448), (-0.0019284611, 0.118825756, 0.99291325), (0.0039705453, -0.11679428, 0.9931482), (0.016217647, -0.5774553, 0.81626123), (0.014258623, -0.79594654, 0.605199), (-0.022745254, -0.66529393, 0.74623495), (-0.07956677, -0.4141354, 0.90673095), (-0.08580035, -0.3032268, 0.94904786), (-0.041327734, -0.31530482, 0.94809014), (-0.00029881834, -0.38098878, 0.9245796), (0.0075456593, -0.3828707, 0.92377114), (0.0020765173, -0.2643951, 0.9644122), (0.013811109, -0.07600026, 0.99701214), (0.044546217, 0.042194024, 0.9981159), (0.07227166, 0.028662127, 0.99697304), (0.08381113, -0.06402011, 0.99442303), (0.08074654, -0.15222138, 0.98504245), (0.0636977, -0.18315391, 0.9810185), (0.029016748, -0.13736802, 0.99009496), (-0.011622549, -0.026253182, 0.9995878), (-0.030610867, 0.08107558, 0.9962378), (-0.024007184, 0.09919739, 0.99477816), (-0.023830354, 0.026720518, 0.99935883), (-0.051596563, -0.029490687, 0.9982325), (-0.07623747, 0.030091787, 0.9966355), (-0.045000196, 0.16619296, 0.98506594), (0.040966313, 0.2425532, 0.9692728), (0.119152874, 0.19668733, 0.9731992), (0.1298807, 0.09674794, 0.9867983), (0.07618598, 0.06808147, 0.9947666), (0.019066503, 0.15496324, 0.9877362), (0.0038597537, 0.28112972, 0.959662), (0.018805055, 0.36550972, 0.9306176), (0.031137925, 0.41047713, 0.9113391), (0.025895294, 0.47430894, 0.8799775), (0.0074055935, 0.6712188, 0.74122226), (-0.0056025404, 0.7942918, 0.6075106), (-0.0066872076, 0.57148707, 0.8205838), (-0.0023862629, 0.11775896, 0.99303937), (0.0039961664, -0.11815142, 0.9929876), (0.015647708, -0.5721658, 0.8199887), (0.01931592, -0.8005307, 0.59898037), (0.0020063592, -0.6923943, 0.72151655), (-0.03938277, -0.450808, 0.8917517), (-0.0680474, -0.2949597, 0.9530836), (-0.05477792, -0.27103573, 0.9610094), (-0.008663007, -0.34473285, 0.93866086), (0.042306166, -0.36763835, 0.92900604), (0.075378604, -0.25924248, 0.96286625), (0.07354437, -0.073282726, 0.9945958), (0.04126587, 0.039872088, 0.9983523), (0.007872247, 0.023959752, 0.99968195), (0.0024429935, -0.058095258, 0.99830806), (0.032437965, -0.13561165, 0.9902309), (0.0716575, -0.17902404, 0.9812317), (0.08207559, -0.16512682, 0.9828513), (0.050060216, -0.07162681, 0.99617445), (-0.00040261837, 0.055571966, 0.99845463), (-0.030272862, 0.100747526, 0.99445134), (-0.026434124, 0.02906265, 0.999228), (-0.0049638343, -0.039522648, 0.99920636), (0.0127614355, 0.033600274, 0.9993539), (0.022987306, 0.2066792, 0.9781387), (0.03374148, 0.2974158, 0.95415163), (0.04683736, 0.22696713, 0.9727755), (0.05394201, 0.0789466, 0.99541837), (0.05351969, 0.029108237, 0.9981425), (0.051618088, 0.13250156, 0.9898378), (0.044678662, 0.27791634, 0.9595657), (0.02822146, 0.3643133, 0.9308487), (0.010776264, 0.4061095, 0.9137609), (0.006392355, 0.4696354, 0.8828373), (0.010037396, 0.6649722, 0.74680066), (0.00404234, 0.790434, 0.61253387), (-0.0013606696, 0.56905, 0.8223018), (-0.0024332465, 0.11672395, 0.99316144), (0.003492898, -0.11963328, 0.992812), (0.011063988, -0.56802857, 0.82293445), (0.018381948, -0.8009589, 0.59843713), (0.024204822, -0.70394844, 0.7098385), (0.015281335, -0.48364738, 0.8751295), (-0.017286735, -0.3198011, 0.94732696), (-0.034989767, -0.25315598, 0.9667925), (-0.00026687366, -0.2896046, 0.95714635), (0.07450737, -0.31126967, 0.94739634), (0.13160594, -0.23939209, 0.9619622), (0.11677815, -0.11388811, 0.9866065), (0.03317759, -0.032433387, 0.99892306), (-0.05400404, -0.024525136, 0.9982395), (-0.0807226, -0.045806974, 0.9956835), (-0.03231308, -0.07414213, 0.996724), (0.053007018, -0.11979442, 0.99138266), (0.1128541, -0.15466109, 0.98150086), (0.11088827, -0.117321, 0.98688376), (0.055827707, -0.006763842, 0.9984175), (-0.0008580304, 0.0750373, 0.99718034), (-0.003671053, 0.054873265, 0.9984866), (0.049581382, 0.006622941, 0.9987481), (0.10083173, 0.055650804, 0.99334586), (0.09207276, 0.1908117, 0.9772991), (0.030421054, 0.26837152, 0.962835), (-0.028156342, 0.21066909, 0.9771519), (-0.03588987, 0.09149956, 0.99515814), (0.008990244, 0.05890228, 0.99822325), (0.05899341, 0.1482123, 0.9871945), (0.06722802, 0.2626786, 0.9625385), (0.035371557, 0.33529276, 0.94144976), (0.00316482, 0.39125526, 0.92027676), (0.0027190023, 0.4771857, 0.8787983), (0.019492792, 0.6700404, 0.74206865), (0.015232191, 0.7849129, 0.61941886), (0.004463907, 0.55708796, 0.8304415), (-0.0021294502, 0.115833126, 0.9932664), (0.0024904755, -0.12105207, 0.99264306), (0.0037029025, -0.5679076, 0.823084), (0.010535439, -0.7983782, 0.60206413), (0.033298325, -0.6991004, 0.71424776), (0.05685453, -0.49863583, 0.864945), (0.037982617, -0.35930637, 0.93244636), (0.00468804, -0.26419914, 0.96445674), (0.018360628, -0.23574111, 0.97164243), (0.08899544, -0.23288308, 0.96842414), (0.14998354, -0.21136302, 0.9658316), (0.13278043, -0.17632174, 0.97533584), (0.036868613, -0.14408495, 0.98887825), (-0.06946106, -0.10181206, 0.9923757), (-0.11385333, -0.03905226, 0.9927297), (-0.0752412, 0.0055927127, 0.9971497), (0.01829899, -0.021724865, 0.99959654), (0.10982572, -0.10000424, 0.9889072), (0.14701428, -0.1355038, 0.9798089), (0.11622688, -0.07772328, 0.990177), (0.053344876, 0.02344251, 0.99830097), (0.031728316, 0.079531774, 0.9963273), (0.08183386, 0.081999205, 0.993267), (0.14394514, 0.09267542, 0.9852365), (0.13332039, 0.13792583, 0.9814286), (0.03872694, 0.1708644, 0.9845332), (-0.062272243, 0.15181892, 0.9864447), (-0.08522841, 0.11927602, 0.9891963), (-0.02571197, 0.13417245, 0.99062437), (0.046272486, 0.19228894, 0.98024684), (0.06802614, 0.2482947, 0.96629304), (0.043628242, 0.2984488, 0.953428), (0.01704653, 0.3755325, 0.92665243), (0.016930321, 0.48901528, 0.8721109), (0.027215773, 0.67852145, 0.7340762), (0.018745843, 0.7779812, 0.6280078), (0.006050461, 0.5394516, 0.8419949), (-0.0015756167, 0.11525669, 0.9933345), (0.0010858573, -0.12221343, 0.9925032), (-0.0037731505, -0.5722928, 0.8200407), (-0.0011397933, -0.79505134, 0.60654104), (0.025960058, -0.68238914, 0.730528), (0.068184, -0.49291405, 0.86740226), (0.06999222, -0.39211163, 0.9172511), (0.041661706, -0.2917304, 0.9555928), (0.03694074, -0.20143072, 0.9788059), (0.081192955, -0.16032653, 0.983719), (0.12929465, -0.18117157, 0.97491527), (0.12306342, -0.22875099, 0.9656751), (0.058409333, -0.2428821, 0.96829575), (-0.021734748, -0.17893709, 0.9836204), (-0.070907295, -0.049467273, 0.9962556), (-0.066084504, 0.062055852, 0.99588245), (-0.009641423, 0.073550306, 0.9972449), (0.077124685, -0.013703952, 0.99692726), (0.14604068, -0.11069077, 0.98306644), (0.15419193, -0.12581412, 0.97999775), (0.10746981, -0.042286914, 0.99330866), (0.06486234, 0.0780262, 0.9948391), (0.0806349, 0.1471992, 0.9858146), (0.12812641, 0.13699219, 0.98225087), (0.13042131, 0.08591108, 0.9877295), (0.056537278, 0.053856783, 0.9969468), (-0.034977812, 0.07657727, 0.99644995), (-0.063889734, 0.14357829, 0.9875745), (-0.022862254, 0.21004313, 0.9774248), (0.031701628, 0.23969148, 0.9703314), (0.05612073, 0.24527767, 0.96782714), (0.054070562, 0.2773836, 0.9592365), (0.0465178, 0.36671877, 0.92916816), (0.03986917, 0.4931127, 0.8690514), (0.026737856, 0.6808031, 0.7319783), (0.010183291, 0.7712459, 0.6364559), (0.0012450182, 0.5249815, 0.8511127), (-0.00086066144, 0.11517673, 0.99334466), (-0.0005524061, -0.12295087, 0.9924126), (-0.0084129535, -0.5781457, 0.8158902), (-0.010422128, -0.7929674, 0.60917497), (0.008055589, -0.6628099, 0.74874437), (0.048244603, -0.47227708, 0.88012886), (0.067815006, -0.405391, 0.9116245), (0.059733372, -0.31655377, 0.94669193), (0.04977263, -0.19146912, 0.9802358), (0.062058028, -0.11646077, 0.9912546), (0.087313816, -0.15473655, 0.9840899), (0.09908526, -0.24857517, 0.96353126), (0.09023726, -0.28955415, 0.95289856), (0.068464406, -0.22554308, 0.9718245), (0.03511725, -0.07912608, 0.99624586), (-0.0010442068, 0.063787974, 0.99796295), (-0.009558767, 0.121647045, 0.99252737), (0.034418404, 0.07186241, 0.9968205), (0.10973495, -0.046428856, 0.99287593), (0.15488012, -0.13273455, 0.97897583), (0.13923427, -0.101269655, 0.98506767), (0.08907181, 0.041461777, 0.9951619), (0.060314354, 0.17152512, 0.98333174), (0.07267114, 0.17424287, 0.98201746), (0.08920224, 0.06739505, 0.9937308), (0.07357384, -0.018210478, 0.9971235), (0.03913385, 0.022844242, 0.99897283), (0.019815607, 0.15206052, 0.98817253), (0.023120807, 0.24850203, 0.9683554), (0.03376058, 0.26552564, 0.96351254), (0.046425633, 0.25457695, 0.9659375), (0.06431905, 0.2837861, 0.95672804), (0.07521061, 0.36691558, 0.9272089), (0.05875525, 0.4816088, 0.8744145), (0.017722478, 0.67070097, 0.7415161), (-0.006668354, 0.7664737, 0.64224106), (-0.007638867, 0.5225331, 0.8525848), (-0.000034855013, 0.11571387, 0.9932826), (-0.0021963741, -0.123160705, 0.9923843), (-0.008441583, -0.58009833, 0.8145027), (-0.011318215, -0.79229957, 0.6100273), (-0.0065973536, -0.6513878, 0.7587163), (0.012762319, -0.44854018, 0.8936715), (0.04009108, -0.39570096, 0.91750395), (0.05808339, -0.32223672, 0.94487554), (0.05874483, -0.1955595, 0.97893083), (0.0501192, -0.10755584, 0.99293494), (0.051426988, -0.138406, 0.9890395), (0.075605735, -0.23167878, 0.9698498), (0.11862, -0.27439716, 0.9542722), (0.15650465, -0.22548369, 0.9615942), (0.15255305, -0.11589997, 0.98147583), (0.0942545, 0.006578412, 0.9955264), (0.025057996, 0.10117553, 0.99455297), (0.0073755123, 0.11959416, 0.99279547), (0.055396665, 0.032758843, 0.9979269), (0.12038531, -0.0963013, 0.9880453), (0.14234959, -0.13145602, 0.98104835), (0.10781322, -0.01655081, 0.9940334), (0.04912188, 0.1446462, 0.98826337), (0.019061336, 0.1868051, 0.98221207), (0.035929967, 0.089169934, 0.9953682), (0.0800922, -0.011035686, 0.9967264), (0.11746856, 0.019713212, 0.99288094), (0.1222115, 0.14463489, 0.9819089), (0.09359655, 0.23629932, 0.967162), (0.059246525, 0.25744244, 0.96447563), (0.050402977, 0.26692587, 0.9623981), (0.0712016, 0.30940887, 0.9482597), (0.08797987, 0.3722183, 0.92396593), (0.06429667, 0.45454317, 0.8884011), (0.0054441425, 0.647472, 0.76206976), (-0.021484274, 0.7646952, 0.64403385), (-0.014691213, 0.5345394, 0.8450158), (0.0008769367, 0.1168649, 0.99314743), (-0.0035925976, -0.122825064, 0.9924218), (-0.0041958867, -0.5731634, 0.81943035), (-0.0019527519, -0.7908903, 0.6119548), (-0.004388285, -0.653963, 0.7565138), (-0.011550279, -0.43571198, 0.900012), (0.010038303, -0.36777872, 0.92985916), (0.049141977, -0.300859, 0.95240164), (0.06982237, -0.19742413, 0.9778285), (0.057852533, -0.1236297, 0.9906406), (0.042324837, -0.13636146, 0.9897546), (0.06465151, -0.19142458, 0.9793757), (0.13171166, -0.21180767, 0.96839535), (0.20317456, -0.18473531, 0.96155757), (0.22475483, -0.14162493, 0.9640683), (0.1752252, -0.07992832, 0.98127854), (0.08290994, 0.02138736, 0.9963275), (0.012718406, 0.10925522, 0.99393237), (0.011776383, 0.09126571, 0.9957569), (0.06953817, -0.028910192, 0.9971603), (0.12655708, -0.11723412, 0.98500735), (0.12913576, -0.06584937, 0.9894381), (0.07098212, 0.07799769, 0.9944234), (0.00708325, 0.16285706, 0.98662424), (0.0039042402, 0.12873867, 0.99167085), (0.07343225, 0.06260151, 0.9953335), (0.15837167, 0.06903278, 0.9849634), (0.18966763, 0.13466576, 0.97256947), (0.15566047, 0.18773589, 0.96980673), (0.09977455, 0.21976368, 0.9704375), (0.070354864, 0.26975033, 0.9603567), (0.07456141, 0.33339393, 0.9398346), (0.080565445, 0.37490928, 0.9235541), (0.05466328, 0.4197489, 0.9059927), (-0.0020280378, 0.61739314, 0.78665215), (-0.023830106, 0.76578677, 0.64265287), (-0.014259017, 0.55468416, 0.8319388), (0.0018303083, 0.118482195, 0.9929545), (-0.0045125503, -0.12201379, 0.9925181), (0.0019069115, -0.5552424, 0.8316864), (0.014015458, -0.78545403, 0.6187613), (0.01793956, -0.6654447, 0.74623156), (-0.0026354925, -0.44068238, 0.89765924), (0.0048565827, -0.33345756, 0.9427526), (0.050399404, -0.2562428, 0.96529764), (0.08722726, -0.18662341, 0.9785515), (0.08350391, -0.14780368, 0.98548526), (0.06219563, -0.14736153, 0.9871253), (0.07122737, -0.15095913, 0.9859706), (0.12656717, -0.13487728, 0.9827456), (0.19467072, -0.1253477, 0.9728264), (0.22888896, -0.14525115, 0.96255493), (0.20832102, -0.15035546, 0.9664345), (0.13892895, -0.07809134, 0.98721856), (0.05134404, 0.04583112, 0.9976288), (0.0037857185, 0.104803704, 0.99448574), (0.032626543, 0.044983473, 0.9984548), (0.10945771, -0.055420734, 0.99244523), (0.15730631, -0.077284485, 0.9845211), (0.12852898, 0.00074341265, 0.9917055), (0.05210464, 0.10158005, 0.9934619), (0.014526999, 0.15087406, 0.98844624), (0.061147965, 0.15388243, 0.98619527), (0.14667019, 0.14599767, 0.97835195), (0.19408247, 0.13828133, 0.97119015), (0.18035257, 0.13722242, 0.97398305), (0.13688421, 0.17286584, 0.97538716), (0.099924654, 0.25616363, 0.96145475), (0.07808576, 0.33647874, 0.938448), (0.061058644, 0.3668915, 0.92825776), (0.036613345, 0.38984957, 0.9201504), (0.00181286, 0.5933133, 0.8049696), (-0.0099477535, 0.7682136, 0.6401163), (-0.00486472, 0.57203794, 0.8202127), (0.0027155601, 0.120304406, 0.99273336), (-0.0048039826, -0.12086521, 0.9926573), (0.0064249625, -0.52862525, 0.848831), (0.029278938, -0.7735223, 0.6330924), (0.051360287, -0.6737396, 0.7371818), (0.042186435, -0.4560219, 0.8889681), (0.04003672, -0.30585912, 0.9512346), (0.074050866, -0.20499268, 0.9759582), (0.1096406, -0.16573295, 0.9800569), (0.11329009, -0.16691282, 0.9794414), (0.09622144, -0.16416062, 0.98172945), (0.092048645, -0.12892011, 0.9873736), (0.113620885, -0.08195168, 0.9901385), (0.14733979, -0.07632719, 0.9861365), (0.17726298, -0.12689555, 0.97594845), (0.19078554, -0.17486483, 0.96593124), (0.1709149, -0.14852059, 0.9740276), (0.10832002, -0.039962236, 0.99331254), (0.04021423, 0.07263844, 0.9965473), (0.034894794, 0.1003278, 0.9943423), (0.10686304, 0.03819697, 0.99353975), (0.18710649, -0.039949782, 0.981527), (0.19805267, -0.054162893, 0.9786938), (0.13567078, 0.017136669, 0.9906058), (0.067326255, 0.13031109, 0.9891846), (0.05870148, 0.20919181, 0.9761111), (0.10039552, 0.21311209, 0.97185594), (0.14333488, 0.16107965, 0.97647756), (0.16041425, 0.11842754, 0.9799195), (0.15426482, 0.14406636, 0.9774698), (0.12864982, 0.22989883, 0.96467394), (0.08658639, 0.31011903, 0.9467465), (0.04460859, 0.34332067, 0.9381583), (0.022578418, 0.3753756, 0.9265977), (0.017428696, 0.58752406, 0.80901897), (0.014910581, 0.76954836, 0.63841444), (0.009923142, 0.5773182, 0.81645894), (0.0033499259, 0.122024566, 0.9925214), (-0.0044242367, -0.119554594, 0.99281776), (0.006865391, -0.49989414, 0.8660593), (0.036770597, -0.7547447, 0.6549873), (0.08179986, -0.668247, 0.7394287), (0.104940526, -0.46483648, 0.8791556), (0.10752139, -0.29174352, 0.950434), (0.118011825, -0.17100199, 0.97817767), (0.13065821, -0.1494431, 0.98009956), (0.13163286, -0.17691451, 0.97538406), (0.12490184, -0.17605622, 0.976424), (0.119073264, -0.12689683, 0.984743), (0.11065067, -0.07243164, 0.9912165), (0.10089517, -0.061641674, 0.9929856), (0.10927797, -0.09959493, 0.9890092), (0.14410436, -0.1499821, 0.9781305), (0.17452942, -0.16331823, 0.9710132), (0.16149211, -0.10507185, 0.9812646), (0.109900825, 0.016277684, 0.9938093), (0.081378706, 0.12334515, 0.9890215), (0.12429945, 0.12968855, 0.98373294), (0.20564564, 0.03179005, 0.9781101), (0.24612164, -0.06940447, 0.9667508), (0.21521437, -0.061550744, 0.9746252), (0.14237168, 0.066423714, 0.98758197), (0.08023716, 0.20183715, 0.9761269), (0.05923813, 0.23984596, 0.96900195), (0.0755624, 0.19296327, 0.9782921), (0.114127144, 0.14330938, 0.9830755), (0.14870036, 0.1509509, 0.9772932), (0.14770703, 0.20337322, 0.9678956), (0.102407224, 0.25913745, 0.96039605), (0.045206714, 0.30505088, 0.9512625), (0.02387457, 0.37729555, 0.9257851), (0.038701892, 0.60123247, 0.79813635), (0.03975781, 0.76786965, 0.6393712), (0.023683174, 0.5665677, 0.82367474), (0.003528658, 0.12336938, 0.9923546), (-0.0034437238, -0.11826234, 0.9929764), (0.0036815437, -0.47716314, 0.878807), (0.033908322, -0.7311914, 0.68132913), (0.09846218, -0.6435085, 0.7590797), (0.15961628, -0.4530652, 0.8770716), (0.17833935, -0.28936812, 0.94045794), (0.16546409, -0.17227136, 0.9710531), (0.14335215, -0.15492104, 0.97747105), (0.13205878, -0.18075983, 0.9746211), (0.13791047, -0.17298606, 0.9752213), (0.1452694, -0.12972242, 0.9808511), (0.12966497, -0.0956089, 0.98693764), (0.09358153, -0.08542499, 0.9919401), (0.07490805, -0.084910884, 0.9935688), (0.104233555, -0.09770028, 0.9897424), (0.1617296, -0.12520486, 0.9788602), (0.19691095, -0.121240586, 0.9728961), (0.18614285, -0.031059947, 0.98203164), (0.15474004, 0.113889545, 0.9813688), (0.15517339, 0.18393265, 0.9706132), (0.20259097, 0.10402492, 0.97372264), (0.25141495, -0.048145793, 0.9666812), (0.25631207, -0.10651463, 0.9607074), (0.21079104, -0.012830561, 0.9774469), (0.12995161, 0.13722625, 0.98197836), (0.05950245, 0.21588564, 0.97460395), (0.039737724, 0.21470773, 0.9758696), (0.075985886, 0.19547127, 0.97776127), (0.13146512, 0.19000915, 0.9729406), (0.15435651, 0.18949479, 0.96967304), (0.12339486, 0.20061639, 0.9718677), (0.06832137, 0.25907996, 0.9634364), (0.0446508, 0.3859683, 0.9214308), (0.0580201, 0.6227719, 0.7802492), (0.054464746, 0.762535, 0.6446503), (0.0305397, 0.54205555, 0.83978754), (0.0031165292, 0.124160744, 0.99225724), (-0.0020212643, -0.11714958, 0.9931122), (0.00047917574, -0.46519408, 0.8852086), (0.025202766, -0.70682436, 0.70693994), (0.09827056, -0.5990309, 0.7946728), (0.1870967, -0.41626424, 0.8897859), (0.2218845, -0.29241803, 0.93019295), (0.19580904, -0.20894997, 0.9581225), (0.14612347, -0.18815888, 0.97120756), (0.122618414, -0.18230346, 0.97556657), (0.14002067, -0.14978406, 0.97875375), (0.1681001, -0.11842196, 0.97863096), (0.1682917, -0.12197908, 0.97816104), (0.13572569, -0.1285605, 0.98236996), (0.10235066, -0.09618759, 0.99008703), (0.10586628, -0.05475202, 0.9928719), (0.15432064, -0.060812466, 0.9861475), (0.21459174, -0.08743671, 0.9727822), (0.24368788, -0.045391038, 0.96879095), (0.22549294, 0.08269058, 0.97072923), (0.18780676, 0.18273315, 0.96505815), (0.18091606, 0.14255533, 0.9731122), (0.21487895, -0.005088535, 0.9766274), (0.25248155, -0.103309065, 0.9620708), (0.25286564, -0.06728207, 0.9651591), (0.19659254, 0.048531253, 0.97928345), (0.11385708, 0.15105632, 0.9819463), (0.065264374, 0.21095811, 0.9753139), (0.07668719, 0.24251752, 0.96711135), (0.12132355, 0.23842949, 0.96355176), (0.15273298, 0.19244432, 0.96934915), (0.14408119, 0.15632452, 0.97714037), (0.107935846, 0.21691714, 0.97020453), (0.08087097, 0.38789564, 0.9181486), (0.07231429, 0.6367414, 0.76767904), (0.055595234, 0.75346655, 0.6551316), (0.028369585, 0.5113607, 0.8588978), (0.0021266493, 0.12433714, 0.99223775), (-0.00036438825, -0.116342895, 0.99320906), (0.0016697748, -0.46189627, 0.8869324), (0.020556279, -0.6856478, 0.72764313), (0.0877041, -0.5411365, 0.8363488), (0.1821319, -0.359714, 0.9151141), (0.22457322, -0.2943001, 0.92895335), (0.19926059, -0.26229507, 0.9441909), (0.14631471, -0.23614061, 0.9606402), (0.12316165, -0.18177637, 0.9755965), (0.1474125, -0.11068592, 0.98286223), (0.18902843, -0.085819624, 0.9782143), (0.21196696, -0.12581684, 0.96914405), (0.20519316, -0.16090801, 0.96540374), (0.18041937, -0.12573703, 0.9755199), (0.1605285, -0.04703297, 0.98591), (0.17415492, -0.008552296, 0.9846811), (0.22513309, -0.026411276, 0.97397), (0.27306235, -0.025265725, 0.9616645), (0.27083284, 0.045011155, 0.9615735), (0.21390083, 0.12924244, 0.968268), (0.1582402, 0.13164358, 0.9785857), (0.16322608, 0.04142929, 0.9857184), (0.2208617, -0.051861778, 0.9739253), (0.26762238, -0.071090735, 0.9608977), (0.2588029, -0.01906078, 0.96574205), (0.20331572, 0.073230416, 0.9763709), (0.14731722, 0.17814407, 0.97291434), (0.12502031, 0.25743806, 0.95817304), (0.13320574, 0.26803285, 0.9541565), (0.15107849, 0.20436068, 0.967167), (0.15971246, 0.14021994, 0.9771542), (0.15068871, 0.190479, 0.9700571), (0.124079876, 0.3744802, 0.9188954), (0.08476389, 0.63232887, 0.77004886), (0.0482828, 0.740095, 0.67076683), (0.020302966, 0.48350555, 0.8751058), (0.0007351158, 0.12392974, 0.99229074), (0.0013094295, -0.115926094, 0.993257), (0.009382791, -0.45918316, 0.8882921), (0.02896273, -0.6685138, 0.7431356), (0.08140787, -0.48488772, 0.87077934), (0.15581958, -0.2987088, 0.94153774), (0.19485687, -0.28967074, 0.93708146), (0.18496802, -0.3044651, 0.9343917), (0.15875033, -0.27248493, 0.9489733), (0.15423213, -0.17565319, 0.9722954), (0.17731035, -0.071208574, 0.9815754), (0.21177952, -0.04435715, 0.9763103), (0.24517861, -0.10127584, 0.96417356), (0.26800472, -0.16054861, 0.9499461), (0.27010503, -0.14934759, 0.9511775), (0.24898869, -0.07181888, 0.96583986), (0.22922738, 0.004723745, 0.97336143), (0.24467, 0.026144095, 0.9692539), (0.28216007, 0.011525123, 0.95929813), (0.2881163, 0.0132716475, 0.95750344), (0.23444033, 0.047248926, 0.9709816), (0.16001275, 0.08092061, 0.98379254), (0.1400803, 0.07578239, 0.9872358), (0.19460896, 0.028951136, 0.98045355), (0.26720345, -0.024747895, 0.9633223), (0.3015288, -0.038192775, 0.9526918), (0.29009202, 0.017395906, 0.95684063), (0.25129133, 0.12836409, 0.959362), (0.20566842, 0.2304285, 0.9511063), (0.17037089, 0.2598404, 0.9505034), (0.1580613, 0.21032149, 0.9647702), (0.17045674, 0.15132716, 0.9736758), (0.18547915, 0.18674743, 0.9647398), (0.16663426, 0.34698245, 0.92294973), (0.10244903, 0.6049422, 0.7896513), (0.043292888, 0.7207962, 0.6917937), (0.012821438, 0.4624513, 0.886552), (-0.000778361, 0.12301404, 0.99240464), (0.0028001016, -0.115936175, 0.9932527), (0.022188362, -0.4470273, 0.8942451), (0.05261672, -0.65106916, 0.75719243), (0.0942708, -0.44654664, 0.88978034), (0.13416071, -0.25433803, 0.9577646), (0.16103052, -0.27517888, 0.947811), (0.17793834, -0.31169027, 0.93337405), (0.19852966, -0.27278548, 0.94136816), (0.22318329, -0.16024424, 0.96151495), (0.23658088, -0.051541016, 0.9702438), (0.24269412, -0.019547831, 0.9699059), (0.26427284, -0.06268197, 0.96240884), (0.30496466, -0.12389923, 0.94426984), (0.33775637, -0.14465302, 0.9300517), (0.33713347, -0.102791615, 0.93582845), (0.30838218, -0.020502899, 0.9510416), (0.2870859, 0.0420913, 0.95697963), (0.29272783, 0.03955211, 0.95537746), (0.29575735, -0.0058123153, 0.95524544), (0.2627795, -0.025359482, 0.9645226), (0.20736347, 0.020791758, 0.978043), (0.1795512, 0.09009531, 0.9796143), (0.20861621, 0.10271914, 0.9725883), (0.27121067, 0.045265198, 0.96145505), (0.32493773, -0.011321024, 0.9456676), (0.3490965, 0.0025808883, 0.93708324), (0.33769044, 0.08359528, 0.9375377), (0.2902707, 0.17087162, 0.94156563), (0.22561285, 0.21020071, 0.9512699), (0.1812836, 0.19765328, 0.9633636), (0.18421717, 0.17657669, 0.9668944), (0.21170318, 0.20430073, 0.9557421), (0.20571852, 0.31539318, 0.92639464), (0.13238727, 0.55557394, 0.82086), (0.05088158, 0.69212204, 0.7199848), (0.011486604, 0.44324026, 0.8963293), (-0.0021270048, 0.12167458, 0.9925678), (0.0039391005, -0.11636208, 0.99319905), (0.036325537, -0.41723323, 0.9080732), (0.08698294, -0.62476164, 0.77595544), (0.13261504, -0.4286472, 0.8936861), (0.14686501, -0.23794217, 0.96011156), (0.1625445, -0.24931756, 0.9546832), (0.20817396, -0.27242532, 0.9393871), (0.27303237, -0.22700526, 0.93483794), (0.3189266, -0.13607137, 0.93796074), (0.31915116, -0.06236623, 0.9456495), (0.29279804, -0.030762566, 0.9556793), (0.28692332, -0.03342003, 0.9573704), (0.32515466, -0.063981615, 0.9434939), (0.37896, -0.10415463, 0.9195331), (0.4059749, -0.11180123, 0.9070198), (0.39326462, -0.05973808, 0.91748255), (0.35837367, 0.017768344, 0.93340915), (0.3332232, 0.041086823, 0.94195235), (0.32663485, -0.010964878, 0.945087), (0.32039294, -0.057392705, 0.94554454), (0.30465284, -0.01618156, 0.952326), (0.28502455, 0.083725624, 0.9548565), (0.28020585, 0.1359673, 0.95026183), (0.3039001, 0.09942536, 0.9475016), (0.3461524, 0.03704099, 0.9374468), (0.38389024, 0.023008833, 0.923092), (0.39309403, 0.05812632, 0.9176592), (0.3588502, 0.10088014, 0.9279277), (0.290721, 0.13240921, 0.94760174), (0.23003487, 0.16350074, 0.9593495), (0.21794409, 0.19900359, 0.9554569), (0.24200223, 0.2325604, 0.9419929), (0.24563667, 0.29052743, 0.92480075), (0.17766942, 0.49024686, 0.8532828), (0.0757375, 0.6476577, 0.75815785), (0.018064307, 0.41462028, 0.9098152), (-0.0030993272, 0.12000776, 0.9927681), (0.0045953887, -0.11714617, 0.99310404), (0.048733164, -0.3645017, 0.92992663), (0.12820534, -0.5775062, 0.8062568), (0.1985708, -0.41296476, 0.8888362), (0.21844539, -0.23628598, 0.9468107), (0.23824465, -0.20850125, 0.94856036), (0.30266437, -0.19054055, 0.93385684), (0.3830762, -0.14622611, 0.9120694), (0.42849952, -0.108025625, 0.8970611), (0.42126104, -0.093441606, 0.90211296), (0.38322055, -0.07260893, 0.92079854), (0.357232, -0.029657928, 0.9335447), (0.3749913, -0.0066589713, 0.9270044), (0.42669576, -0.03895315, 0.9035559), (0.47193068, -0.08575531, 0.8774551), (0.48452598, -0.08149039, 0.87097293), (0.46435466, -0.023719296, 0.88533163), (0.43259594, 0.017980149, 0.9014086), (0.41968527, -0.005687672, 0.90765184), (0.4305733, -0.04348712, 0.9015073), (0.44398373, -0.017954897, 0.89585495), (0.43610013, 0.061457828, 0.8977971), (0.40954646, 0.11730137, 0.90471655), (0.39299944, 0.109468795, 0.91299945), (0.40366596, 0.07343674, 0.9119544), (0.42947263, 0.05424525, 0.9014492), (0.44281614, 0.04879292, 0.8952838), (0.4241644, 0.041425146, 0.9046372), (0.37588945, 0.05370475, 0.925107), (0.3248208, 0.117067404, 0.9385024), (0.30071554, 0.2037883, 0.93168694), (0.30406135, 0.25212872, 0.91868263), (0.30202538, 0.27175477, 0.91374505), (0.24015845, 0.41491932, 0.87759095), (0.1181915, 0.5767032, 0.80835897), (0.031367365, 0.36427703, 0.93076223), (-0.003595484, 0.118152566, 0.99298894), (0.004680186, -0.11818935, 0.99298006), (0.06716765, -0.27706492, 0.9585007), (0.20793885, -0.4753625, 0.8548637), (0.34823012, -0.34747863, 0.8706287), (0.42247626, -0.1981652, 0.8844458), (0.47077265, -0.13343154, 0.87210613), (0.5302253, -0.08280293, 0.84380376), (0.58262426, -0.057394717, 0.8107125), (0.60905933, -0.074149996, 0.78965086), (0.60975176, -0.10726928, 0.78529996), (0.5984351, -0.102845244, 0.79454285), (0.58807516, -0.04384903, 0.80761683), (0.58774424, 0.016404804, 0.80888045), (0.6071215, 0.015831774, 0.7944513), (0.63832784, -0.031517915, 0.7691191), (0.66185385, -0.05927928, 0.7472854), (0.6679733, -0.038607873, 0.7431831), (0.65951174, -0.00279777, 0.751689), (0.65300095, 0.0056461464, 0.757336), (0.659778, -0.006082853, 0.751436), (0.6695688, -0.0007705531, 0.74274963), (0.66509974, 0.028393207, 0.74621457), (0.64273274, 0.056312118, 0.76401806), (0.61640185, 0.06588069, 0.78467095), (0.601858, 0.064298615, 0.79601043), (0.5999148, 0.057654995, 0.79798377), (0.5997442, 0.036069162, 0.79937845), (0.5924057, 0.0046033515, 0.80562663), (0.5773812, 0.0049239034, 0.81645983), (0.5564213, 0.07128058, 0.8278372), (0.52646255, 0.16845244, 0.83334327), (0.49196166, 0.22303548, 0.84156334), (0.45382655, 0.22622822, 0.86189455), (0.37105763, 0.30959308, 0.8754818), (0.20529482, 0.4486059, 0.86983144), (0.057104733, 0.27448887, 0.95989317), (-0.0036135819, 0.11631628, 0.99320567), (0.004155767, -0.119360805, 0.99284226), (0.07736726, -0.14848624, 0.9858834), (0.2791473, -0.27756387, 0.9192579), (0.4799323, -0.19747595, 0.85479134), (0.5911508, -0.101972625, 0.80008894), (0.64720076, -0.047952686, 0.7608099), (0.6777191, -0.011959209, 0.7352236), (0.69319296, -0.009533007, 0.720689), (0.7048645, -0.04244329, 0.70807105), (0.72072333, -0.07978536, 0.68861616), (0.7400285, -0.08173482, 0.6675906), (0.7533464, -0.0420226, 0.6562799), (0.75389045, 0.0067382297, 0.6569656), (0.749295, 0.024759302, 0.6617734), (0.7525717, 0.0056337263, 0.65848625), (0.76547766, -0.017705176, 0.6432189), (0.7796476, -0.017321737, 0.6259789), (0.7875015, -0.0004757198, 0.6163125), (0.78897023, 0.010723977, 0.61433786), (0.78809965, 0.008526157, 0.61548865), (0.78584874, 0.0021210222, 0.6184151), (0.77976435, 0.00067591324, 0.62607276), (0.76845956, 0.0054885466, 0.6398748), (0.75366473, 0.015332595, 0.6570802), (0.73826027, 0.027662043, 0.67394847), (0.7248771, 0.033234797, 0.688076), (0.7172471, 0.021698806, 0.69648093), (0.7184952, 0.0016358242, 0.69553), (0.72512376, 0.00267827, 0.68861336), (0.72377163, 0.041346, 0.68879974), (0.6985554, 0.0966546, 0.708998), (0.6449443, 0.13017477, 0.75306135), (0.56982183, 0.12930699, 0.8115311), (0.45853806, 0.16286261, 0.87362385), (0.2664933, 0.24184123, 0.93300277), (0.07248364, 0.14244138, 0.98714566), (-0.003234291, 0.1147911, 0.99338436), (0.0030490994, -0.12051239, 0.99270713), (0.037452504, -0.03713341, 0.99860823), (0.15103239, -0.075097874, 0.9856721), (0.28557256, -0.05639131, 0.95669657), (0.37702882, -0.027061643, 0.9258061), (0.42435056, -0.007057975, 0.9054705), (0.43952465, 0.004774964, 0.89821786), (0.43864378, 0.0008075453, 0.89866066), (0.44538397, -0.017909002, 0.89516056), (0.4734901, -0.037343714, 0.88000715), (0.5128655, -0.04068081, 0.85750455), (0.54112095, -0.024303678, 0.8405935), (0.5456575, -0.00068622926, 0.83800805), (0.5328509, 0.013122802, 0.84610736), (0.522255, 0.010677488, 0.8527225), (0.52875274, 0.0017232026, 0.8487742), (0.5481255, -0.00090604025, 0.8363956), (0.564979, 0.0036825961, 0.825097), (0.5698885, 0.0074939025, 0.8216879), (0.56422836, 0.0052172234, 0.8256023), (0.554314, -0.0014820853, 0.8323063), (0.54474574, -0.007444634, 0.8385682), (0.5357856, -0.008360219, 0.84431267), (0.5246593, -0.0028328467, 0.8513076), (0.50910753, 0.006388256, 0.8606792), (0.49188533, 0.012699619, 0.8705674), (0.48220837, 0.011012842, 0.87598735), (0.48793718, 0.005469957, 0.8728616), (0.50274295, 0.0073220734, 0.864405), (0.50597876, 0.021158291, 0.8622864), (0.47849584, 0.038178306, 0.87725943), (0.417249, 0.04532103, 0.90766144), (0.3375385, 0.03972371, 0.94047314), (0.24762434, 0.042948663, 0.96790373), (0.13457476, 0.059728086, 0.9891017), (0.034998566, 0.034006808, 0.9988086), (-0.0025301776, 0.11382842, 0.9934972), (0.120057374, -0.11933621, 0.9855684), (0.11900944, 0.001985288, 0.99289113), (0.11985054, 0.0036942393, 0.9927851), (0.120672554, 0.0043134955, 0.992683), (0.121156186, 0.003914626, 0.9926257), (0.120910704, 0.0026466816, 0.99265987), (0.11992079, 0.0007674065, 0.9927832), (0.11859975, -0.0012655356, 0.9929413), (0.11751715, -0.0028907114, 0.99306667), (0.11705452, -0.0036556195, 0.99311876), (0.117257185, -0.0033677549, 0.9930959), (0.11792438, -0.0021080796, 0.99302036), (0.11880115, -0.0001918521, 0.9929181), (0.11972122, 0.001858914, 0.9928058), (0.12061724, 0.0034059142, 0.99269325), (0.12141166, 0.003928045, 0.9925945), (0.12190753, 0.003281349, 0.992536), (0.121822126, 0.001743479, 0.99255043), (0.12097967, -0.0002010786, 0.992655), (0.11950114, -0.002088334, 0.9928319), (0.1177979, -0.0035194196, 0.9930314), (0.11635883, -0.0041297944, 0.99319863), (0.11552683, -0.0036700978, 0.9932976), (0.11544345, -0.0021634684, 0.9933117), (0.1161344, 0.00005276271, 0.9932335), (0.11757136, 0.0024609035, 0.99306136), (0.11961374, 0.0045163627, 0.99281025), (0.12189484, 0.0056948, 0.9925267), (0.12380897, 0.0055503645, 0.99229056), (0.124705516, 0.0039376016, 0.992186), (0.124210656, 0.0012237658, 0.9922551), (0.12243611, -0.0018279079, 0.99247473), (0.11991446, -0.004436257, 0.9927743), (0.1173436, -0.0060674734, 0.99307287), (0.11530999, -0.006380766, 0.9933091), (0.114087425, -0.0051054247, 0.9934576), (0.11095302, 0.10884618, 0.98784715), (-0.12112168, -0.12383768, -0.9848826), (-0.11801656, -0.0059451424, -0.99299383), (-0.11612365, -0.0059458963, -0.993217), (-0.11484604, -0.0045075933, -0.9933731), (-0.11441409, -0.0019981733, -0.99343115), (-0.11487743, 0.0009729991, -0.9933792), (-0.11613533, 0.0037210498, -0.9932264), (-0.1179728, 0.0056330273, -0.99300086), (-0.12008073, 0.0062685893, -0.9927443), (-0.122073136, 0.005427899, -0.99250627), (-0.12353554, 0.0032110086, -0.99233496), (-0.12412415, 0.00005853309, -0.9922667), (-0.123688035, -0.0032838997, -0.9923157), (-0.12234098, -0.0059338002, -0.9924704), (-0.12042352, -0.0071492232, -0.9926969), (-0.11837543, -0.0065923515, -0.99294704), (-0.11660288, -0.0044377833, -0.9931687), (-0.11540548, -0.0012757139, -0.99331766), (-0.11496147, 0.0021133076, -0.99336773), (-0.11533118, 0.00497819, -0.9933146), (-0.116450936, 0.00672733, -0.99317366), (-0.11811974, 0.0069795917, -0.9929748), (-0.12000205, 0.005600463, -0.99275786), (-0.12167552, 0.0027666935, -0.99256605), (-0.12273581, -0.0009697221, -0.9924389), (-0.122929715, -0.0047154767, -0.99240416), (-0.1222467, -0.007451708, -0.99247175), (-0.1209114, -0.008387701, -0.99262786), (-0.119288, -0.007264924, -0.99283314), (-0.11776195, -0.0044259536, -0.993032), (-0.116652146, -0.00063182885, -0.99317265), (-0.11616279, 0.0032206841, -0.993225), (-0.11636177, 0.006318012, -0.9931868), (-0.117177255, 0.008034857, -0.99307853), (-0.11841375, 0.0079799965, -0.99293226), (-0.11979144, 0.006055203, -0.9927806), (-0.119266264, 0.12175642, -0.98536843), (-0.0032682754, -0.118431285, -0.9929569), (-0.024539275, -0.025242379, -0.9993801), (-0.09130211, -0.046870574, -0.9947196), (-0.15812995, -0.031057933, -0.9869298), (-0.19247752, -0.013296026, -0.9812113), (-0.2074244, -0.005399202, -0.97823614), (-0.21956271, -0.0032432524, -0.975593), (-0.23791006, -0.005173222, -0.9712734), (-0.26561433, -0.007966218, -0.9640465), (-0.29821175, -0.008699511, -0.9544601), (-0.32584837, -0.006492976, -0.94539976), (-0.33923417, -0.0026381982, -0.94069827), (-0.3353439, 0.00035853792, -0.9420957), (-0.3195809, -0.00002309327, -0.947559), (-0.30329427, -0.0047090705, -0.9528853), (-0.2972136, -0.0114055285, -0.9547429), (-0.30482033, -0.0150806, -0.9522905), (-0.32084402, -0.011477404, -0.9470625), (-0.33553827, -0.0007718219, -0.94202626), (-0.34080243, 0.0122353975, -0.9400553), (-0.33424872, 0.021296466, -0.9422443), (-0.32000944, 0.022310076, -0.94715166), (-0.30648562, 0.015107904, -0.9517554), (-0.30137947, 0.0030540188, -0.9534994), (-0.30626535, -0.008764099, -0.95190585), (-0.31510124, -0.015640909, -0.9489292), (-0.31843695, -0.01505641, -0.9478245), (-0.3095868, -0.007816418, -0.95083904), (-0.28806767, 0.0023010345, -0.95760727), (-0.25899208, 0.010879331, -0.96581817), (-0.22944096, 0.015786238, -0.97319454), (-0.20384373, 0.018157639, -0.97883505), (-0.18051921, 0.021070926, -0.98334575), (-0.14608651, 0.031692334, -0.98876405), (-0.08472124, 0.04335731, -0.9954609), (-0.022963593, 0.023532232, -0.9994593), (0.0007776293, 0.118394345, -0.99296635), (-0.003510043, -0.11682212, -0.99314666), (-0.044930484, -0.093256064, -0.99462783), (-0.16402714, -0.16868585, -0.97192603), (-0.2832105, -0.108618, -0.9528872), (-0.34558854, -0.045969527, -0.9372595), (-0.37316185, -0.021905554, -0.92750764), (-0.39311478, -0.01881998, -0.9192968), (-0.41942272, -0.029758204, -0.90730315), (-0.4572644, -0.042093795, -0.88833404), (-0.5007434, -0.043891087, -0.8644823), (-0.5371557, -0.031301793, -0.8429021), (-0.55562794, -0.009778139, -0.8313736), (-0.553124, 0.009707132, -0.8330424), (-0.53581667, 0.015780667, -0.84418684), (-0.5166762, 0.00324624, -0.85617477), (-0.5087121, -0.02068857, -0.8606881), (-0.51680756, -0.03862005, -0.85523003), (-0.5350382, -0.035797436, -0.8440691), (-0.5516176, -0.011434802, -0.83401877), (-0.55681777, 0.021812867, -0.83034825), (-0.5483537, 0.04684362, -0.83493346), (-0.531979, 0.051393054, -0.8451965), (-0.5180549, 0.03365425, -0.854685), (-0.5150665, 0.0033799836, -0.8571436), (-0.52301407, -0.023082167, -0.85201144), (-0.5329043, -0.032217547, -0.8455619), (-0.53317124, -0.020370543, -0.8457621), (-0.51644427, 0.0056211753, -0.8563024), (-0.48285046, 0.03279684, -0.87508845), (-0.4397201, 0.0497272, -0.8967572), (-0.39718556, 0.053885493, -0.916155), (-0.3611779, 0.05288589, -0.93099606), (-0.32741538, 0.059697542, -0.9429928), (-0.2706575, 0.10276664, -0.9571748), (-0.15958785, 0.15734245, -0.974564), (-0.043919127, 0.09030321, -0.99494547), (0.0016145535, 0.119071245, -0.9928844), (-0.003267662, -0.11548533, -0.99330384), (-0.03023942, -0.16202396, -0.98632336), (-0.107864, -0.28998083, -0.9509345), (-0.19485717, -0.19433808, -0.9613862), (-0.25000566, -0.08734282, -0.9642968), (-0.2793538, -0.0468412, -0.95904505), (-0.29939854, -0.042623572, -0.9531756), (-0.31818807, -0.06322842, -0.9459168), (-0.3406247, -0.086884595, -0.9361762), (-0.36677065, -0.09119601, -0.9258308), (-0.39157128, -0.06652683, -0.9177397), (-0.40810087, -0.021582747, -0.9126817), (-0.41309738, 0.021092972, -0.91044253), (-0.40953258, 0.038003575, -0.9115036), (-0.40326643, 0.01955149, -0.9148737), (-0.39879188, -0.02186259, -0.9167808), (-0.39862758, -0.05740729, -0.9153144), (-0.40318882, -0.061248988, -0.9130648), (-0.40920186, -0.02839906, -0.91200185), (-0.41142827, 0.022729598, -0.9111587), (-0.4081738, 0.06293429, -0.9107323), (-0.40312925, 0.07086676, -0.91239506), (-0.40108758, 0.044466127, -0.91495985), (-0.40336448, 0.0012185844, -0.9150386), (-0.40700802, -0.031807687, -0.9128706), (-0.4067935, -0.034225013, -0.9128788), (-0.3976437, -0.0036574332, -0.9175326), (-0.37734672, 0.04380408, -0.9250355), (-0.3486763, 0.08381319, -0.9334882), (-0.31777158, 0.10002143, -0.94287694), (-0.28985748, 0.09417678, -0.952425), (-0.26613554, 0.08379176, -0.96028686), (-0.2416205, 0.09347078, -0.9658586), (-0.1963896, 0.17507073, -0.9647701), (-0.11094077, 0.27664912, -0.9545457), (-0.029942103, 0.16369598, -0.9860563), (0.0022405342, 0.11979168, -0.99279654), (-0.0025786487, -0.11456947, -0.9934119), (-0.016088879, -0.2004324, -0.9795754), (-0.054729536, -0.35678267, -0.93258286), (-0.102103606, -0.25047457, -0.9627239), (-0.14148685, -0.12435982, -0.9820978), (-0.17235872, -0.07522184, -0.9821579), (-0.1969551, -0.06490168, -0.97826195), (-0.21169774, -0.081544116, -0.97392744), (-0.21581787, -0.103353575, -0.97094834), (-0.21346928, -0.107202634, -0.9710502), (-0.21224451, -0.081860915, -0.9737818), (-0.21934192, -0.034824174, -0.97502637), (-0.2369105, 0.011164596, -0.9714673), (-0.25927633, 0.032149903, -0.9652679), (-0.27543464, 0.018551018, -0.9611408), (-0.27610326, -0.018642455, -0.96094716), (-0.26082355, -0.053367224, -0.9639103), (-0.2391354, -0.059997056, -0.9691309), (-0.22388332, -0.030524455, -0.97413784), (-0.22313346, 0.018972322, -0.97460324), (-0.23668991, 0.058931567, -0.96979636), (-0.25722817, 0.067379884, -0.9639988), (-0.27376905, 0.043316472, -0.96081954), (-0.2767392, 0.0050562494, -0.9609318), (-0.26364326, -0.021500388, -0.9643806), (-0.24081439, -0.017700123, -0.97040975), (-0.2188404, 0.017600626, -0.9756019), (-0.20518401, 0.06731013, -0.9764061), (-0.1996766, 0.10719272, -0.973981), (-0.1962095, 0.12233268, -0.9729011), (-0.18809754, 0.115821354, -0.9752973), (-0.17211927, 0.10636239, -0.9793171), (-0.14824297, 0.121738166, -0.9814295), (-0.110702, 0.22726005, -0.96752155), (-0.05576642, 0.35091564, -0.9347451), (-0.013335746, 0.20956378, -0.97770405), (0.0025299806, 0.12040418, -0.99272174), (-0.0015428015, -0.11416208, -0.99346095), (-0.010698454, -0.22046432, -0.9753364), (-0.03530499, -0.39033312, -0.91999656), (-0.06712464, -0.2831127, -0.9567348), (-0.10014759, -0.15671444, -0.9825533), (-0.13464107, -0.108558565, -0.98492986), (-0.16570058, -0.08983847, -0.9820755), (-0.18167734, -0.08970119, -0.9792584), (-0.17693023, -0.09483502, -0.9796438), (-0.15740484, -0.09228084, -0.98321307), (-0.13940947, -0.07587281, -0.9873238), (-0.14065449, -0.048695844, -0.9888605), (-0.16719027, -0.020298496, -0.9857157), (-0.20687304, -0.0013159028, -0.9783669), (-0.23712945, 0.0020053168, -0.971476), (-0.24045394, -0.008492634, -0.9706234), (-0.21472977, -0.022846188, -0.9764063), (-0.17473997, -0.027806928, -0.9842219), (-0.14472191, -0.015989257, -0.98934317), (-0.14344582, 0.0075748023, -0.9896292), (-0.17180523, 0.029127203, -0.98470026), (-0.21230635, 0.037263416, -0.9764924), (-0.24056157, 0.030975271, -0.9701395), (-0.24006455, 0.018428538, -0.970582), (-0.21083938, 0.010580145, -0.9774635), (-0.16934685, 0.015844066, -0.98542917), (-0.13852246, 0.03661915, -0.9896821), (-0.1317992, 0.06763786, -0.98896617), (-0.1446507, 0.09802508, -0.98461527), (-0.16056333, 0.117816426, -0.9799687), (-0.16384615, 0.12530722, -0.97849506), (-0.14829642, 0.13019554, -0.9803353), (-0.117750674, 0.15428592, -0.9809845), (-0.07638963, 0.2686675, -0.9601992), (-0.031505942, 0.39446798, -0.9183694), (-0.005420058, 0.23407143, -0.97220427), (0.0024333128, 0.12078185, -0.9926761), (-0.00030374934, -0.11428906, -0.9934475), (-0.007893202, -0.23446348, -0.97209287), (-0.026865022, -0.41266406, -0.91048706), (-0.052427094, -0.3066063, -0.9503915), (-0.08051656, -0.18643095, -0.9791632), (-0.11218608, -0.1435057, -0.9832702), (-0.14157216, -0.11609981, -0.9830962), (-0.15601024, -0.09418317, -0.98325497), (-0.14901954, -0.07657897, -0.9858645), (-0.1269072, -0.0656163, -0.9897419), (-0.107235834, -0.0625239, -0.9922657), (-0.108068675, -0.06321086, -0.9921318), (-0.134474, -0.059124235, -0.9891517), (-0.17363688, -0.043950457, -0.98382854), (-0.20321715, -0.019791787, -0.97893363), (-0.20603424, 0.0038281507, -0.9785373), (-0.18000154, 0.016825488, -0.9835224), (-0.13974302, 0.015110258, -0.9900725), (-0.109857924, 0.0029664368, -0.99394286), (-0.11010349, -0.009813605, -0.9938717), (-0.14143549, -0.013573796, -0.9898544), (-0.1843191, -0.003606004, -0.98285985), (-0.21173549, 0.017320696, -0.9771735), (-0.20688982, 0.04015598, -0.97753984), (-0.1724372, 0.05479168, -0.9834954), (-0.12816115, 0.05729771, -0.9900968), (-0.09847706, 0.05404176, -0.9936708), (-0.096312836, 0.05697542, -0.9937191), (-0.11589427, 0.073426984, -0.9905438), (-0.13875699, 0.10057244, -0.9852064), (-0.14676303, 0.12976022, -0.9806237), (-0.13229741, 0.15657635, -0.9787652), (-0.09993155, 0.19168791, -0.9763552), (-0.05759281, 0.30748326, -0.949809), (-0.018755874, 0.42478505, -0.9050999), (-0.0013745285, 0.24793547, -0.9687756), (0.001973745, 0.12084239, -0.99266976), (0.00097389607, -0.11492365, -0.9933739), (-0.006610426, -0.24708673, -0.96897084), (-0.025182981, -0.43242204, -0.90131956), (-0.05107375, -0.32667264, -0.9437566), (-0.07499661, -0.21024363, -0.9747682), (-0.0968135, -0.17056325, -0.9805791), (-0.11494079, -0.13563883, -0.98406845), (-0.12339104, -0.096109256, -0.98769313), (-0.119878195, -0.06107499, -0.9909082), (-0.10938873, -0.04525396, -0.9929684), (-0.10208874, -0.054161582, -0.9932998), (-0.106523186, -0.07628091, -0.99137986), (-0.12343057, -0.089451276, -0.9883134), (-0.14504318, -0.07634328, -0.98647565), (-0.15986173, -0.036364604, -0.9864694), (-0.15950109, 0.0131693445, -0.9871099), (-0.1440457, 0.04690908, -0.9884586), (-0.122487664, 0.04711681, -0.991351), (-0.10806487, 0.015300071, -0.9940261), (-0.11091851, -0.026798865, -0.9934681), (-0.13096464, -0.049665194, -0.9901422), (-0.15639591, -0.035448086, -0.9870581), (-0.17057641, 0.010383443, -0.98528975), (-0.16333055, 0.06271129, -0.9845763), (-0.13806924, 0.09383468, -0.9859675), (-0.10851992, 0.09197012, -0.98983073), (-0.08931675, 0.06783452, -0.9936906), (-0.087814614, 0.046467174, -0.99505246), (-0.10072118, 0.04979331, -0.9936679), (-0.116632976, 0.08244713, -0.98974705), (-0.12278423, 0.13134971, -0.98370284), (-0.11223238, 0.17936035, -0.9773606), (-0.08652712, 0.22587754, -0.9703053), (-0.04977886, 0.34206375, -0.9383573), (-0.015520247, 0.4483076, -0.8937446), (-0.0008583132, 0.256709, -0.96648836), (0.0012384885, 0.12057647, -0.99270326), (0.002126563, -0.11599766, -0.9932472), (-0.0061301207, -0.26085103, -0.9653596), (-0.026757874, -0.4542918, -0.890451), (-0.056156542, -0.34684974, -0.93623805), (-0.07643647, -0.22594133, -0.97113746), (-0.08493054, -0.18288101, -0.9794597), (-0.08687215, -0.14239389, -0.98599046), (-0.0873197, -0.09660228, -0.99148536), (-0.091117024, -0.05836506, -0.99412835), (-0.09991121, -0.044501405, -0.9940007), (-0.11105648, -0.05854796, -0.992088), (-0.11956012, -0.08515982, -0.9891679), (-0.121729925, -0.09985757, -0.9875274), (-0.11764829, -0.08490109, -0.98941934), (-0.11098979, -0.03998207, -0.99301696), (-0.10697616, 0.015934017, -0.9941339), (-0.10919797, 0.053878408, -0.9925588), (-0.11695354, 0.052824225, -0.9917315), (-0.12562922, 0.01416175, -0.9919762), (-0.13036084, -0.036056746, -0.99081075), (-0.12980309, -0.062014733, -0.9895986), (-0.12571222, -0.042689294, -0.9911479), (-0.11999432, 0.014065972, -0.99267495), (-0.11390167, 0.07666212, -0.99052984), (-0.10846437, 0.112218484, -0.9877462), (-0.10391409, 0.10811698, -0.98869234), (-0.099632114, 0.076430015, -0.9920846), (-0.09552719, 0.045085277, -0.99440527), (-0.092694126, 0.04101358, -0.99484956), (-0.09183136, 0.073888496, -0.9930295), (-0.09124499, 0.1316012, -0.98709446), (-0.086976364, 0.1921553, -0.97750264), (-0.07475622, 0.24853429, -0.965734), (-0.049215607, 0.369569, -0.927899), (-0.019093813, 0.46916384, -0.8829047), (-0.0030135345, 0.26502547, -0.9642367), (0.00035908786, 0.12004899, -0.99276793), (0.003009377, -0.117409624, -0.993079), (-0.005818889, -0.27663353, -0.9609579), (-0.028104037, -0.4793287, -0.87718534), (-0.059990007, -0.368106, -0.9278465), (-0.07661552, -0.23374462, -0.96927476), (-0.073695324, -0.18012087, -0.98087996), (-0.062645204, -0.13661481, -0.9886415), (-0.05800219, -0.09776609, -0.99351776), (-0.0697893, -0.07172868, -0.9949796), (-0.09522111, -0.065413184, -0.9933046), (-0.120254375, -0.07518593, -0.9898919), (-0.1298521, -0.08765455, -0.9876513), (-0.118171014, -0.08785329, -0.98909926), (-0.09218599, -0.06749661, -0.99345154), (-0.06836598, -0.029767292, -0.9972161), (-0.06346776, 0.010729562, -0.99792624), (-0.083273396, 0.034736507, -0.99592113), (-0.117330715, 0.029848365, -0.99264425), (-0.1448282, 0.00027658424, -0.9894568), (-0.14871229, -0.03294011, -0.98833174), (-0.12754649, -0.04444684, -0.9908362), (-0.09571488, -0.021607326, -0.9951742), (-0.072964706, 0.026619308, -0.99697924), (-0.07098245, 0.07596025, -0.9945811), (-0.08656137, 0.103746615, -0.9908298), (-0.10590739, 0.101997845, -0.989131), (-0.114700645, 0.079519875, -0.99021226), (-0.10675055, 0.05625348, -0.99269325), (-0.08709114, 0.05304904, -0.99478686), (-0.067809105, 0.08028411, -0.99446285), (-0.058990404, 0.13198331, -0.9894951), (-0.060906034, 0.19229676, -0.979445), (-0.06348846, 0.25575584, -0.96465445), (-0.050946724, 0.38843733, -0.9200657), (-0.025226165, 0.4893598, -0.87171704), (-0.006362045, 0.27574965, -0.9612084), (-0.0005194672, 0.11937082, -0.9928496), (0.0035086998, -0.119028546, -0.99288464), (-0.0052570724, -0.2939114, -0.95581824), (-0.026759388, -0.50543046, -0.8624523), (-0.056814864, -0.38866073, -0.9196276), (-0.069224894, -0.23600277, -0.9692836), (-0.06145806, -0.16877434, -0.9837368), (-0.047822114, -0.1254783, -0.99094313), (-0.044977274, -0.10214422, -0.9937523), (-0.061949365, -0.095979184, -0.9934537), (-0.09241336, -0.09783232, -0.9909029), (-0.11881854, -0.095921814, -0.98827183), (-0.124664396, -0.08314923, -0.98870873), (-0.10513595, -0.060359914, -0.99262434), (-0.07088785, -0.034246434, -0.9968962), (-0.043489706, -0.012929721, -0.9989702), (-0.0427004, -0.0019678762, -0.99908596), (-0.072820924, -0.0024393946, -0.99734205), (-0.11769641, -0.010528347, -0.99299383), (-0.14986593, -0.018398939, -0.9885351), (-0.1492089, -0.01773944, -0.98864657), (-0.116162404, -0.004649708, -0.9932194), (-0.071640514, 0.017758308, -0.99727243), (-0.04330519, 0.041952636, -0.9981807), (-0.046235487, 0.061612654, -0.99702865), (-0.0741949, 0.074033216, -0.99449193), (-0.10620985, 0.07906695, -0.9911952), (-0.12122684, 0.0785917, -0.9895087), (-0.110351816, 0.07718002, -0.9908914), (-0.08058062, 0.08193336, -0.9933749), (-0.049902443, 0.09979358, -0.993756), (-0.035259917, 0.1337068, -0.99039346), (-0.04026396, 0.18246935, -0.98238677), (-0.05248462, 0.24962988, -0.96691793), (-0.050340984, 0.3990548, -0.91554415), (-0.029709036, 0.50870925, -0.8604256), (-0.009368058, 0.28930208, -0.957192), (-0.0012663848, 0.11866132, -0.992934), (0.0035512876, -0.120696194, -0.9926831), (-0.0043444163, -0.3112021, -0.95033383), (-0.022117877, -0.5288982, -0.848397), (-0.045191813, -0.40508923, -0.9131596), (-0.052903023, -0.23616613, -0.9702715), (-0.048700307, -0.15945153, -0.9860038), (-0.044888593, -0.119791016, -0.9917838), (-0.050753746, -0.111459084, -0.9924721), (-0.06790018, -0.120451085, -0.9903944), (-0.08897994, -0.12514602, -0.98814017), (-0.102560624, -0.10937482, -0.9886953), (-0.09996446, -0.07282388, -0.99232244), (-0.08094053, -0.030770388, -0.99624383), (-0.05586224, -0.0033488106, -0.9984329), (-0.04109806, -0.0015184726, -0.999154), (-0.0488939, -0.020221137, -0.9985993), (-0.07819187, -0.042155944, -0.99604666), (-0.11326838, -0.048568185, -0.9923766), (-0.13309097, -0.030773645, -0.990626), (-0.12504981, 0.0045460975, -0.99214005), (-0.09341616, 0.03932868, -0.9948501), (-0.057136547, 0.05645982, -0.99676865), (-0.03741497, 0.052825745, -0.9979026), (-0.044224396, 0.041015938, -0.9981793), (-0.07100757, 0.03805448, -0.9967496), (-0.0996325, 0.05181892, -0.9936741), (-0.11196711, 0.076774694, -0.99074167), (-0.10044748, 0.10092382, -0.9898104), (-0.07160493, 0.11616635, -0.9906453), (-0.041652914, 0.12447802, -0.9913477), (-0.026184453, 0.13727458, -0.99018687), (-0.029675562, 0.16960147, -0.9850658), (-0.042410605, 0.23707047, -0.9705663), (-0.04513254, 0.40337032, -0.9139231), (-0.030160153, 0.52560025, -0.8501969), (-0.011006449, 0.30406365, -0.95258814), (-0.0017822259, 0.11802261, -0.9930093), (0.0031125862, -0.12223347, -0.9924965), (-0.0032776254, -0.32669806, -0.9451231), (-0.015399779, -0.546471, -0.8373364), (-0.028347582, -0.41448104, -0.90961635), (-0.03200694, -0.23774494, -0.97080016), (-0.037749693, -0.1618952, -0.98608565), (-0.051327743, -0.12821715, -0.990417), (-0.06859186, -0.12559336, -0.98970777), (-0.0810981, -0.13500407, -0.98752064), (-0.083054855, -0.13334735, -0.9875831), (-0.07485012, -0.10659087, -0.99148166), (-0.061660916, -0.059273507, -0.99633557), (-0.050582007, -0.013174495, -0.998633), (-0.047942564, 0.00744947, -0.99882233), (-0.056674417, -0.006170588, -0.9983736), (-0.07415647, -0.04056875, -0.9964211), (-0.09233711, -0.06825702, -0.99338555), (-0.10186973, -0.06565691, -0.9926287), (-0.09770772, -0.028128454, -0.99481755), (-0.08229983, 0.0264146, -0.9962575), (-0.064192094, 0.06819058, -0.99560505), (-0.052293368, 0.07648388, -0.9956986), (-0.051157795, 0.05383184, -0.9972387), (-0.060124867, 0.023567557, -0.9979126), (-0.07418558, 0.013111679, -0.9971582), (-0.08575082, 0.034552183, -0.9957173), (-0.08784427, 0.07777384, -0.99309343), (-0.07809856, 0.119852796, -0.9897151), (-0.06040804, 0.1425106, -0.9879482), (-0.042442214, 0.14446366, -0.9885995), (-0.031294413, 0.14227457, -0.9893324), (-0.02977477, 0.16146503, -0.98642915), (-0.03474036, 0.2266476, -0.9733571), (-0.036369283, 0.4042249, -0.91393626), (-0.026722006, 0.53840595, -0.84226185), (-0.011024759, 0.31767088, -0.9481369), (-0.002006113, 0.11753369, -0.99306685), (0.0022251029, -0.12345615, -0.99234754), (-0.0024161115, -0.3389176, -0.94081295), (-0.008881993, -0.55683166, -0.83057785), (-0.012423805, -0.41653436, -0.9090351), (-0.014325607, -0.2433565, -0.9698311), (-0.031133754, -0.17982231, -0.9832063), (-0.060384136, -0.15218666, -0.98650545), (-0.08564688, -0.14232868, -0.98610705), (-0.09105849, -0.13504043, -0.98664707), (-0.073451705, -0.117709324, -0.9903279), (-0.044563126, -0.08552648, -0.9953388), (-0.023357576, -0.045887846, -0.9986735), (-0.023770513, -0.015794, -0.99959266), (-0.046321362, -0.010327247, -0.99887323), (-0.07844298, -0.03011815, -0.99646354), (-0.10199411, -0.058301214, -0.99307513), (-0.104020685, -0.07094755, -0.9920414), (-0.0844, -0.053057753, -0.99501836), (-0.056063294, -0.00855821, -0.99839056), (-0.03706695, 0.04117377, -0.9984642), (-0.0376899, 0.071222186, -0.99674815), (-0.053846, 0.0694309, -0.9961325), (-0.07241852, 0.043294776, -0.9964342), (-0.08180724, 0.015530032, -0.9965272), (-0.078872055, 0.010112637, -0.99683344), (-0.06821213, 0.036677647, -0.9969964), (-0.057036534, 0.08419215, -0.9948158), (-0.050356355, 0.12899579, -0.99036574), (-0.048450004, 0.15227285, -0.98715025), (-0.047602642, 0.15281436, -0.98710775), (-0.04382672, 0.14755458, -0.9880824), (-0.03699658, 0.1626529, -0.9859895), (-0.031018557, 0.22460362, -0.9739564), (-0.027568107, 0.40473673, -0.9140176), (-0.021439282, 0.5467411, -0.8370272), (-0.009842244, 0.32841235, -0.94448316), (-0.001917051, 0.117258035, -0.99309963), (0.0009844949, -0.12420164, -0.9922565), (-0.0021067895, -0.3471687, -0.93780035), (-0.004854155, -0.5610915, -0.8277396), (-0.0035400726, -0.41430658, -0.9101305), (-0.0067944573, -0.2537278, -0.9672518), (-0.029810421, -0.20861267, -0.9775439), (-0.06440973, -0.1846036, -0.9807002), (-0.089641705, -0.15784736, -0.9833863), (-0.088373825, -0.12280984, -0.98848766), (-0.059894085, -0.084609695, -0.99461246), (-0.021955913, -0.052889615, -0.99835896), (-0.00012690546, -0.03609463, -0.99934834), (-0.010542877, -0.03714504, -0.9992543), (-0.04893561, -0.051303476, -0.9974835), (-0.092659615, -0.066589564, -0.9934687), (-0.11519465, -0.06899265, -0.9909441), (-0.10313434, -0.0507394, -0.99337244), (-0.06426125, -0.01575659, -0.9978087), (-0.023653718, 0.021612434, -0.99948657), (-0.0069704847, 0.045968033, -0.9989186), (-0.02242904, 0.050600085, -0.9984671), (-0.056996025, 0.03953444, -0.9975913), (-0.08717075, 0.024081329, -0.9959023), (-0.09530702, 0.01734856, -0.9952967), (-0.079471946, 0.028502434, -0.99642956), (-0.052158624, 0.057975627, -0.9969545), (-0.030995531, 0.09600556, -0.9948981), (-0.026922053, 0.1280938, -0.9913966), (-0.037668478, 0.14484304, -0.98873734), (-0.05094516, 0.14840172, -0.98761404), (-0.054488797, 0.15158598, -0.98694104), (-0.045491856, 0.17228958, -0.9839953), (-0.03167836, 0.23213318, -0.972168), (-0.022437448, 0.4075959, -0.9128867), (-0.01686558, 0.55190474, -0.8337366), (-0.008195921, 0.33601204, -0.94182205), (-0.0015325994, 0.11725016, -0.99310124), (-0.00045214192, -0.124362, -0.9922368), (-0.0025338803, -0.35169315, -0.9361119), (-0.004643802, -0.5622541, -0.8269515), (-0.004816061, -0.41293296, -0.91074866), (-0.011696337, -0.2670696, -0.96360624), (-0.03251631, -0.23754637, -0.9708318), (-0.058816142, -0.21328895, -0.97521716), (-0.07491737, -0.16777574, -0.9829744), (-0.0692808, -0.10539524, -0.9920141), (-0.043571733, -0.048914183, -0.99785215), (-0.013848921, -0.02209733, -0.9996599), (-0.0008607621, -0.03268143, -0.99946547), (-0.016135706, -0.06700714, -0.997622), (-0.053096913, -0.09798939, -0.99377), (-0.089934595, -0.10147752, -0.9907644), (-0.10370702, -0.0704547, -0.99210936), (-0.08522464, -0.018256675, -0.9961945), (-0.045938592, 0.02931767, -0.99851394), (-0.011075608, 0.05066247, -0.9986544), (-0.0018779399, 0.042422317, -0.999098), (-0.022181697, 0.01904327, -0.9995726), (-0.057623304, 0.0012732332, -0.99833757), (-0.085941, 0.0029551692, -0.99629587), (-0.0910731, 0.024784265, -0.99553573), (-0.07177392, 0.057369865, -0.9957697), (-0.041305825, 0.088563025, -0.99521375), (-0.018589174, 0.110227354, -0.9937326), (-0.0155829955, 0.121455766, -0.9924745), (-0.02998074, 0.12741922, -0.9913957), (-0.04824364, 0.1357126, -0.98957294), (-0.056386832, 0.1529128, -0.9866297), (-0.04991636, 0.18491597, -0.98148584), (-0.035232, 0.24550968, -0.9687537), (-0.022469923, 0.41423026, -0.9098947), (-0.014611545, 0.55633116, -0.8308322), (-0.0067072255, 0.3415471, -0.93984073), (-0.0009062287, 0.11754992, -0.99306655), (-0.0018816682, -0.123911835, -0.99229145), (-0.0036288518, -0.35347104, -0.93543845), (-0.007953675, -0.5638172, -0.8258613), (-0.014601277, -0.41682306, -0.90887034), (-0.02543833, -0.27963188, -0.95977026), (-0.036415603, -0.25530994, -0.96617323), (-0.044048503, -0.22691844, -0.97291714), (-0.044773947, -0.16869232, -0.9846513), (-0.037844885, -0.091271564, -0.99510664), (-0.027270023, -0.027370244, -0.99925333), (-0.020417906, -0.007474909, -0.9997636), (-0.023530142, -0.037245657, -0.9990291), (-0.037466876, -0.09166078, -0.9950852), (-0.056110363, -0.12929267, -0.9900177), (-0.069364846, -0.12005235, -0.9903413), (-0.06883003, -0.06366955, -0.9955946), (-0.053639814, 0.010176147, -0.9985085), (-0.032746427, 0.06117187, -0.99758995), (-0.018852824, 0.066955194, -0.99757785), (-0.019782018, 0.034733824, -0.9992008), (-0.034394607, -0.0070153633, -0.9993837), (-0.05397428, -0.027404644, -0.9981662), (-0.067647755, -0.011687269, -0.9976408), (-0.06805156, 0.032366063, -0.9971567), (-0.055073887, 0.081688344, -0.9951351), (-0.036077876, 0.11406069, -0.9928185), (-0.02147098, 0.12216315, -0.99227774), (-0.018442947, 0.11547126, -0.99313956), (-0.026819859, 0.11123017, -0.9934327), (-0.039649148, 0.12225326, -0.99170667), (-0.048218552, 0.1508369, -0.987382), (-0.047560275, 0.19394548, -0.97985876), (-0.03853966, 0.25877193, -0.9651693), (-0.02587382, 0.42429373, -0.9051549), (-0.014455109, 0.56233567, -0.8267827), (-0.0055532777, 0.3466734, -0.93796945), (-0.00012351597, 0.11816304, -0.9929942), (-0.003085834, -0.12291854, -0.992412), (-0.0050554657, -0.35378015, -0.93531495), (-0.01284028, -0.5680185, -0.8229156), (-0.027014425, -0.42711246, -0.9037949), (-0.040281314, -0.28755778, -0.95691586), (-0.03828702, -0.25522736, -0.9661227), (-0.024709174, -0.21992259, -0.97520435), (-0.009735863, -0.15993485, -0.98707956), (-0.0045176223, -0.086902656, -0.9962066), (-0.014482614, -0.030748706, -0.9994222), (-0.035379063, -0.017454896, -0.9992215), (-0.05563189, -0.049470782, -0.99722505), (-0.06362273, -0.10070209, -0.9928803), (-0.055763658, -0.13115582, -0.98979217), (-0.0385011, -0.11377938, -0.99275976), (-0.02301812, -0.052199334, -0.99837136), (-0.01812864, 0.020562781, -0.9996242), (-0.025087012, 0.06520786, -0.9975563), (-0.03798719, 0.063775286, -0.997241), (-0.048621364, 0.027001612, -0.99845225), (-0.05156458, -0.015510752, -0.9985492), (-0.047011565, -0.03351566, -0.9983319), (-0.0395276, -0.013159873, -0.9991318), (-0.034131438, 0.03659711, -0.99874705), (-0.032804515, 0.09025318, -0.99537843), (-0.033647373, 0.12314154, -0.99181855), (-0.033375803, 0.12752777, -0.9912733), (-0.030877246, 0.1148548, -0.9929023), (-0.02847195, 0.10554323, -0.99400705), (-0.0294604, 0.11496277, -0.99293286), (-0.034243546, 0.14629738, -0.9886478), (-0.038971115, 0.19554187, -0.97992074), (-0.038112015, 0.2671732, -0.96289456), (-0.028479846, 0.43595585, -0.8995173), (-0.014475975, 0.57083917, -0.8209343), (-0.0044043087, 0.35259172, -0.9357669), (0.0007035679, 0.119037636, -0.99288946), (-0.0038724053, -0.121528365, -0.9925804), (-0.0062815547, -0.3537012, -0.93533736), (-0.01653268, -0.57474864, -0.818163), (-0.0348302, -0.4411785, -0.89674324), (-0.047897268, -0.28892806, -0.9561519), (-0.0355469, -0.23782682, -0.9706569), (-0.007067541, -0.19475141, -0.98082715), (0.017338654, -0.14467955, -0.98932666), (0.018754907, -0.09435463, -0.995362), (-0.007913566, -0.05896587, -0.9982286), (-0.049138818, -0.050153714, -0.99753195), (-0.08004563, -0.06654154, -0.9945677), (-0.080806956, -0.09174033, -0.9924988), (-0.050763454, -0.10269659, -0.99341655), (-0.009690407, -0.08424406, -0.99639803), (0.015489622, -0.04018405, -0.99907225), (0.009696297, 0.008809922, -0.99991417), (-0.020778079, 0.039704956, -0.99899536), (-0.054939702, 0.04176931, -0.99761564), (-0.0722615, 0.021240884, -0.99715954), (-0.06462719, -0.0040244963, -0.9979014), (-0.039348096, -0.014625134, -0.9991185), (-0.013421874, 0.00033051663, -0.9999099), (-0.00253344, 0.037420556, -0.99929637), (-0.011056156, 0.080933, -0.9966582), (-0.029766422, 0.11281567, -0.99316996), (-0.04369954, 0.1242076, -0.9912935), (-0.043934643, 0.119672105, -0.9918409), (-0.03351457, 0.1126273, -0.9930719), (-0.023227243, 0.11722422, -0.9928338), (-0.02144545, 0.14225547, -0.9895976), (-0.027180815, 0.1908673, -0.98123944), (-0.031726133, 0.26951784, -0.9624726), (-0.026039338, 0.4468551, -0.8942273), (-0.012229575, 0.5808491, -0.81391937), (-0.002689008, 0.3592957, -0.9332199), (0.0014464551, 0.12005223, -0.9927665), (-0.004114901, -0.11993335, -0.9927734), (-0.006738552, -0.3537877, -0.9353015), (-0.016753333, -0.58189076, -0.8130944), (-0.033119738, -0.4543283, -0.89021844), (-0.04303758, -0.2846199, -0.9576739), (-0.027125677, -0.21072131, -0.97716975), (0.003644092, -0.16143586, -0.9868765), (0.027180774, -0.12904225, -0.9912665), (0.02430243, -0.11068086, -0.9935588), (-0.008091236, -0.10101926, -0.9948516), (-0.0532283, -0.093478665, -0.9941974), (-0.0835915, -0.08364986, -0.992983), (-0.079115875, -0.07080989, -0.99434733), (-0.041359123, -0.056609504, -0.99753934), (0.0058127022, -0.04290166, -0.9990624), (0.031910844, -0.03010897, -0.9990371), (0.021440359, -0.017203173, -0.9996221), (-0.017000148, -0.0036982114, -0.99984866), (-0.058243692, 0.008630963, -0.9982651), (-0.077851646, 0.016847262, -0.9968226), (-0.06655588, 0.019849958, -0.99758524), (-0.03354405, 0.020406252, -0.9992289), (0.00014506656, 0.024479594, -0.9997003), (0.014782766, 0.037694328, -0.99917996), (0.0041745813, 0.06106656, -0.99812496), (-0.021374274, 0.08917685, -0.9957864), (-0.043392606, 0.11282897, -0.9926665), (-0.049025133, 0.12513705, -0.99092746), (-0.03893164, 0.12684692, -0.991158), (-0.024038468, 0.12770936, -0.9915203), (-0.015481028, 0.14275207, -0.9896374), (-0.016078535, 0.18568501, -0.9824778), (-0.019573377, 0.26850197, -0.9630802), (-0.016597828, 0.45508483, -0.89029336), (-0.00631999, 0.58999896, -0.8073793), (-0.00006201987, 0.36552045, -0.9308033), (0.0019769382, 0.12102879, -0.99264705), (-0.003778191, -0.1183328, -0.99296683), (-0.006031984, -0.3540293, -0.9352149), (-0.012785602, -0.5867324, -0.8096799), (-0.021543516, -0.46216735, -0.886531), (-0.025971442, -0.27762237, -0.9603391), (-0.014258491, -0.18581097, -0.9824821), (0.0053268285, -0.1339162, -0.99097836), (0.018144226, -0.11939298, -0.99268126), (0.01222922, -0.12920654, -0.9915423), (-0.012804649, -0.13985349, -0.9900894), (-0.044134803, -0.13051552, -0.99046344), (-0.06316859, -0.095770024, -0.9933971), (-0.057460357, -0.049062148, -0.99714154), (-0.0295996, -0.01379388, -0.99946666), (0.0036694643, -0.006067884, -0.99997485), (0.022253746, -0.022273853, -0.9995042), (0.015371809, -0.0423319, -0.99898535), (-0.01225955, -0.045235235, -0.9989011), (-0.04386017, -0.023843627, -0.99875313), (-0.06106156, 0.01163533, -0.9980662), (-0.054940917, 0.042571884, -0.99758166), (-0.030515185, 0.055510107, -0.9979917), (-0.0026630405, 0.05074031, -0.9987083), (0.013123597, 0.041299257, -0.99906063), (0.009659533, 0.043316513, -0.9990147), (-0.008690878, 0.06402222, -0.9979106), (-0.029863225, 0.09625852, -0.9949083), (-0.042184725, 0.1245469, -0.99131656), (-0.04115102, 0.13835323, -0.98952764), (-0.030388242, 0.14141743, -0.98948354), (-0.017519908, 0.15076381, -0.9884145), (-0.008523913, 0.18730356, -0.9822651), (-0.004435879, 0.26905861, -0.9631136), (-0.0017697697, 0.45974156, -0.888051), (0.0025642016, 0.59575063, -0.8031654), (0.0032149246, 0.3694331, -0.9292518), (0.00219213, 0.1217736, -0.9925555), (-0.0029220383, -0.11690308, -0.993139), (-0.0041185445, -0.35408035, -0.93520594), (-0.0057347203, -0.58743036, -0.8092544), (-0.0043547107, -0.46237242, -0.8866751), (-0.0027989151, -0.2714501, -0.9624484), (-0.0005641906, -0.17388856, -0.9847652), (-0.00030247803, -0.123674415, -0.9923228), (-0.0032511167, -0.11940704, -0.99284005), (-0.0097206915, -0.14231999, -0.989773), (-0.017978258, -0.16037662, -0.98689216), (-0.024617271, -0.14768696, -0.98872775), (-0.026809024, -0.099929646, -0.99463326), (-0.024144227, -0.037457854, -0.9990065), (-0.018300332, 0.0072118975, -0.9998065), (-0.011294401, 0.01279067, -0.9998544), (-0.005174105, -0.016119456, -0.9998567), (-0.0028780184, -0.05276587, -0.99860275), (-0.007013451, -0.066770315, -0.9977437), (-0.016915364, -0.044424072, -0.99886954), (-0.027648758, 0.0037520195, -0.99961066), (-0.032781538, 0.051358957, -0.99814206), (-0.028773444, 0.07520449, -0.9967529), (-0.016987985, 0.07033733, -0.9973786), (-0.0028919727, 0.050873972, -0.9987009), (0.006178744, 0.038881283, -0.9992247), (0.0045077857, 0.04885385, -0.99879575), (-0.0082523115, 0.07872052, -0.9968626), (-0.025612552, 0.113593034, -0.99319714), (-0.03753761, 0.13889466, -0.9895955), (-0.03683458, 0.15233797, -0.9876418), (-0.023608334, 0.16615956, -0.98581624), (-0.0050037084, 0.20015995, -0.97975045), (0.00931398, 0.27531505, -0.96130896), (0.013664787, 0.46098477, -0.8873028), (0.011731869, 0.5965957, -0.8024562), (0.0062517677, 0.36969247, -0.9291331), (0.0020418735, 0.12213369, -0.9925116), (-0.0016830075, -0.115782015, -0.9932732), (-0.0013549387, -0.35360622, -0.9353934), (0.0020342595, -0.5838676, -0.8118463), (0.011582235, -0.4555719, -0.89012367), (0.01703189, -0.26855114, -0.96311486), (0.009253609, -0.17912696, -0.9837825), (-0.008730798, -0.13396762, -0.99094725), (-0.025237607, -0.12837566, -0.9914044), (-0.029677888, -0.14495185, -0.9889935), (-0.019596217, -0.15614246, -0.9875401), (-0.0021029313, -0.1408178, -0.99003327), (0.0102299005, -0.09679052, -0.9952522), (0.0074872817, -0.0414616, -0.99911207), (-0.009360447, -0.0004540804, -0.9999561), (-0.027953781, 0.009024678, -0.99956846), (-0.033993974, -0.0116086155, -0.9993546), (-0.022711748, -0.043322638, -0.99880296), (-0.00273585, -0.060532443, -0.9981625), (0.011022399, -0.04711847, -0.9988285), (0.008832593, -0.0066182557, -0.9999391), (-0.007196866, 0.04061062, -0.99914914), (-0.02510327, 0.07203701, -0.997086), (-0.031781316, 0.07816069, -0.9964341), (-0.021965852, 0.065964535, -0.9975802), (-0.0022321867, 0.051503714, -0.9986703), (0.012904987, 0.049252387, -0.998703), (0.011565699, 0.06471333, -0.9978369), (-0.0061102407, 0.09353574, -0.9955972), (-0.027518932, 0.12635803, -0.9916029), (-0.0368881, 0.15645215, -0.9869965), (-0.026870694, 0.1852272, -0.9823283), (-0.0036166625, 0.22258572, -0.97490644), (0.017578105, 0.28767905, -0.95756555), (0.023798421, 0.45971954, -0.8877452), (0.017651863, 0.5927905, -0.80516326), (0.007926581, 0.36631197, -0.9304583), (0.0015465033, 0.122043915, -0.9925235), (-0.00024280915, -0.115065694, -0.99335784), (0.0016215511, -0.35258013, -0.9357802), (0.0079508405, -0.57778645, -0.81614923), (0.019919822, -0.44526848, -0.8951755), (0.025369912, -0.2694473, -0.9626809), (0.0117896255, -0.19706582, -0.9803194), (-0.014664667, -0.15817979, -0.9873014), (-0.03612229, -0.14166026, -0.9892561), (-0.037024908, -0.13716353, -0.9898562), (-0.015546266, -0.13188855, -0.99114263), (0.014649374, -0.11658801, -0.99307233), (0.032995243, -0.09015886, -0.9953807), (0.025977505, -0.05834543, -0.9979584), (-0.0029649292, -0.029591631, -0.9995577), (-0.034827653, -0.011808508, -0.99932355), (-0.047926374, -0.009319171, -0.9988074), (-0.033165738, -0.019556591, -0.9992585), (-0.00048800526, -0.03216176, -0.9994826), (0.027852584, -0.033757243, -0.99904186), (0.033226125, -0.016802844, -0.9993066), (0.013440117, 0.015110562, -0.9997955), (-0.016496161, 0.04980387, -0.9986228), (-0.035606045, 0.07443907, -0.9965897), (-0.032000095, 0.08240568, -0.996085), (-0.010252501, 0.075398065, -0.99710083), (0.012819755, 0.062643506, -0.99795365), (0.020580538, 0.057604782, -0.99812734), (0.008535486, 0.071380936, -0.9974126), (-0.01288327, 0.10609465, -0.9942726), (-0.02643747, 0.15362182, -0.987776), (-0.021376608, 0.20219879, -0.9791112), (-0.0014644922, 0.24700134, -0.96901405), (0.018379977, 0.3020235, -0.9531233), (0.02448734, 0.45706296, -0.8890972), (0.017702332, 0.5863938, -0.80983263), (0.0074868156, 0.36085114, -0.93259335), (0.0007937755, 0.12154022, -0.9925862), (0.0012053852, -0.11481061, -0.9933867), (0.0041297046, -0.35140958, -0.9362127), (0.010346879, -0.57221496, -0.8200384), (0.017862633, -0.43661767, -0.8994698), (0.019656803, -0.27289876, -0.96184194), (0.0071125682, -0.21737249, -0.97606283), (-0.014139807, -0.18333893, -0.98294806), (-0.029634908, -0.15303938, -0.9877756), (-0.027212702, -0.12432934, -0.9918678), (-0.0065934355, -0.10175574, -0.9947876), (0.019557517, -0.08922681, -0.99581933), (0.03409258, -0.08442304, -0.99584657), (0.027024781, -0.078708366, -0.9965313), (0.001991838, -0.06330142, -0.99799246), (-0.025758965, -0.03715424, -0.9989775), (-0.038602058, -0.009640131, -0.99920815), (-0.027910693, 0.0057037226, -0.99959415), (-0.000088049426, 0.0021903452, -0.9999976), (0.027067987, -0.013075499, -0.9995481), (0.036350187, -0.022804905, -0.99907887), (0.023083743, -0.011815996, -0.9996637), (-0.0023657405, 0.021661352, -0.9997626), (-0.022672996, 0.063695446, -0.9977118), (-0.026060654, 0.09365125, -0.99526393), (-0.013353679, 0.09816799, -0.99508023), (0.0046604676, 0.080157705, -0.9967713), (0.0155184055, 0.05835439, -0.9981753), (0.013485816, 0.056668162, -0.998302), (0.002845073, 0.08859055, -0.99606407), (-0.0061088474, 0.14754693, -0.9890362), (-0.005572422, 0.21181454, -0.97729397), (0.0034352902, 0.26359522, -0.96462727), (0.012780793, 0.31173134, -0.9500843), (0.015702384, 0.45388788, -0.89092046), (0.011717042, 0.58047926, -0.81419075), (0.0049996036, 0.35574818, -0.93456846), (-0.000085259075, 0.12073173, -0.99268514), (0.0024831984, -0.11503522, -0.9933583), (0.0056841313, -0.35084173, -0.9364175), (0.009150837, -0.570239, -0.8214279), (0.007631107, -0.434202, -0.90078324), (0.004354137, -0.27678218, -0.96092284), (-0.000834368, -0.22941531, -0.9733283), (-0.006037112, -0.196824, -0.98042023), (-0.007775061, -0.15763544, -0.98746675), (-0.0039871633, -0.11454887, -0.99340963), (0.0040812986, -0.08271558, -0.99656487), (0.012434027, -0.07331225, -0.99723154), (0.016725002, -0.08196637, -0.99649477), (0.014613527, -0.09129187, -0.9957169), (0.00692044, -0.08366481, -0.9964699), (-0.0026499687, -0.05360902, -0.99855846), (-0.009014595, -0.012255055, -0.99988425), (-0.008279562, 0.019072222, -0.9997838), (-0.00024046736, 0.023830548, -0.999716), (0.011100247, 0.0034823702, -0.99993235), (0.019642819, -0.021380514, -0.9995784), (0.02087764, -0.025061572, -0.99946785), (0.014450164, 0.0036085278, -0.9998891), (0.0039599957, 0.05222347, -0.99862754), (-0.005301458, 0.0938277, -0.99557436), (-0.009271337, 0.107229374, -0.99419105), (-0.006784279, 0.09126776, -0.9958033), (0.00047229885, 0.06509541, -0.9978789), (0.009114051, 0.056583885, -0.9983562), (0.015801178, 0.084181204, -0.9963252), (0.018438276, 0.14378005, -0.9894379), (0.016489947, 0.21153273, -0.9772318), (0.0109725045, 0.26510882, -0.9641561), (0.0044932086, 0.31128204, -0.95030695), (0.002000089, 0.450667, -0.8926899), (0.002401754, 0.5776371, -0.81629014), (0.0013768079, 0.3530541, -0.9356019), (-0.0009491083, 0.11974984, -0.99280363), (0.0034422292, -0.115718186, -0.9932761), (0.0061311563, -0.35166824, -0.9361046), (0.005817633, -0.57350034, -0.81918466), (-0.004621476, -0.43965805, -0.89815336), (-0.0112913065, -0.27906245, -0.96020657), (-0.006172822, -0.22722961, -0.97382164), (0.0074485024, -0.19234195, -0.9812997), (0.019995617, -0.15412904, -0.9878484), (0.02223758, -0.114245705, -0.9932036), (0.012756377, -0.08534567, -0.99626976), (-0.00064523536, -0.07626861, -0.9970871), (-0.0072331103, -0.08236751, -0.9965758), (-0.0015901563, -0.088531, -0.9960722), (0.012714896, -0.080219194, -0.9966962), (0.025817838, -0.053179525, -0.99825114), (0.028212316, -0.016407184, -0.9994673), (0.0174813, 0.012983238, -0.9997629), (0.0007260622, 0.020987274, -0.99977946), (-0.009763196, 0.007419468, -0.99992484), (-0.00539355, -0.011997713, -0.99991345), (0.011555472, -0.01594915, -0.99980605), (0.02891912, 0.006121008, -0.99956304), (0.03372518, 0.045502022, -0.9983948), (0.022009324, 0.08120294, -0.99645454), (0.0014357714, 0.096152484, -0.99536556), (-0.0144687835, 0.0889125, -0.99593437), (-0.01512301, 0.073934406, -0.99714845), (0.00058432063, 0.07214926, -0.99739367), (0.023319757, 0.09734936, -0.99497706), (0.038717445, 0.14655359, -0.98844475), (0.036760636, 0.20254837, -0.978582), (0.019111503, 0.25020087, -0.9680053), (-0.001588408, 0.29922596, -0.95418096), (-0.009449933, 0.44748938, -0.8942393), (-0.0058904435, 0.5784596, -0.81568974), (-0.00203608, 0.35327807, -0.9355161), (-0.0016725056, 0.11870607, -0.992928), (0.0039705453, -0.11679428, -0.9931482), (0.0056385426, -0.3543234, -0.935106), (0.0025196902, -0.5812224, -0.81374085), (-0.01201851, -0.45054427, -0.8926732), (-0.018002816, -0.27839595, -0.96029764), (-0.004287561, -0.2117676, -0.97731066), (0.021485357, -0.1725823, -0.98476076), (0.041186925, -0.14535007, -0.98852265), (0.03971993, -0.124381475, -0.99143916), (0.017238952, -0.10795708, -0.9940061), (-0.0103465775, -0.09505216, -0.99541855), (-0.02298254, -0.0834212, -0.9962493), (-0.0107823275, -0.07021346, -0.9974737), (0.019453896, -0.054137863, -0.99834394), (0.048502475, -0.036770105, -0.998146), (0.057035755, -0.02148592, -0.99814093), (0.038443964, -0.011004916, -0.99920017), (0.0041924613, -0.005580766, -0.9999756), (-0.022504186, -0.0025862353, -0.9997434), (-0.022915032, 0.0023530796, -0.99973464), (0.003058725, 0.012798711, -0.9999134), (0.036563687, 0.02876209, -0.99891734), (0.054068025, 0.04622732, -0.9974666), (0.044504743, 0.060068175, -0.9972017), (0.015627345, 0.06803091, -0.9975608), (-0.012477788, 0.07282345, -0.99726677), (-0.021072928, 0.080716774, -0.9965143), (-0.004806968, 0.0973516, -0.9952384), (0.024938378, 0.12380833, -0.9919927), (0.047408797, 0.1561032, -0.98660237), (0.047076408, 0.1892832, -0.9807934), (0.025076194, 0.22446872, -0.9741586), (-0.0014960603, 0.27921674, -0.96022695), (-0.012479633, 0.44403088, -0.89592457), (-0.009413948, 0.58107907, -0.81379265), (-0.0040597874, 0.3550871, -0.9348244), (-0.0021602234, 0.117680915, -0.9930491), (0.0039961664, -0.11815142, -0.9929876), (0.0045719105, -0.35853097, -0.93350667), (0.0010730093, -0.5904399, -0.8070809), (-0.010385063, -0.461382, -0.8871408), (-0.0111444825, -0.2744069, -0.9615491), (0.005531952, -0.1903537, -0.9817), (0.030537667, -0.14804187, -0.98850954), (0.0466292, -0.1367391, -0.98950905), (0.04162973, -0.13992476, -0.9892866), (0.017897753, -0.13795473, -0.9902768), (-0.008840857, -0.118505016, -0.9929141), (-0.019787202, -0.08280489, -0.9963693), (-0.005632756, -0.04375124, -0.9990266), (0.026542896, -0.017566176, -0.9994933), (0.05696652, -0.013451425, -0.9982855), (0.0658388, -0.027160626, -0.99746054), (0.046548165, -0.04289625, -0.9979946), (0.0108891735, -0.04301757, -0.999015), (-0.017883163, -0.020309977, -0.9996338), (-0.020994596, 0.016255844, -0.99964744), (0.0026049474, 0.04801856, -0.9988431), (0.036031876, 0.06050399, -0.9975174), (0.05703914, 0.053368952, -0.9969445), (0.0531117, 0.039288323, -0.99781543), (0.028625496, 0.034741893, -0.9989863), (0.0009780161, 0.04987602, -0.9987549), (-0.011348123, 0.08287188, -0.9964956), (-0.0012185283, 0.12166166, -0.9925709), (0.02261134, 0.1521389, -0.98810047), (0.04215823, 0.16825096, -0.98484224), (0.04349266, 0.17745963, -0.9831666), (0.026834045, 0.19865608, -0.9797018), (0.0057117715, 0.25872454, -0.9659343), (-0.005165764, 0.43965602, -0.8981514), (-0.006863665, 0.5822, -0.81301665), (-0.004157793, 0.3560533, -0.9344564), (-0.002350713, 0.11674241, -0.9931595), (0.003492898, -0.11963328, -0.992812), (0.0033334189, -0.36317426, -0.93171525), (0.0021958437, -0.5973089, -0.8020083), (0.00007192865, -0.46634975, -0.8846004), (0.0071063577, -0.26800236, -0.963392), (0.01956372, -0.17360422, -0.98462117), (0.031230142, -0.13196646, -0.9907621), (0.03528161, -0.133353, -0.9904404), (0.029447274, -0.15280654, -0.9878173), (0.0173216, -0.15918006, -0.9870976), (0.0063177967, -0.13345937, -0.99103415), (0.004176589, -0.07925993, -0.99684525), (0.014505438, -0.020973124, -0.9996748), (0.0330791, 0.011647988, -0.9993849), (0.049247146, 0.00405865, -0.9987784), (0.052604046, -0.032849677, -0.998075), (0.04055463, -0.06855941, -0.9968224), (0.020654663, -0.07263871, -0.9971444), (0.005060539, -0.03552177, -0.9993561), (0.0024585102, 0.024362976, -0.9997001), (0.013179029, 0.07291034, -0.9972514), (0.030035507, 0.08540017, -0.9958939), (0.0431724, 0.06253486, -0.9971086), (0.045360867, 0.027866276, -0.99858195), (0.03619037, 0.011673143, -0.99927676), (0.022336163, 0.03122625, -0.99926275), (0.012902204, 0.080435984, -0.99667627), (0.012943949, 0.13478985, -0.99078965), (0.020052886, 0.169348, -0.9853523), (0.027181977, 0.1765893, -0.98390925), (0.028681198, 0.17152219, -0.98476267), (0.024119394, 0.18378372, -0.9826707), (0.017026994, 0.24572717, -0.96918947), (0.009126132, 0.43396872, -0.9008817), (0.00019904571, 0.57892174, -0.8153831), (-0.002603426, 0.3539646, -0.9352552), (-0.0022153303, 0.11597414, -0.9932498), (0.0024904755, -0.12105207, -0.99264306), (0.002233204, -0.36650014, -0.93041533), (0.005380478, -0.5986741, -0.80097467), (0.015274504, -0.46210355, -0.88669443), (0.028964352, -0.26158026, -0.964747), (0.03178822, -0.17033494, -0.98487335), (0.024482502, -0.13321769, -0.99078435), (0.014776121, -0.13706979, -0.99045116), (0.011890199, -0.15611073, -0.987668), (0.018954435, -0.16014664, -0.98691124), (0.031253844, -0.13099264, -0.99089056), (0.040957797, -0.0730588, -0.99648625), (0.043093428, -0.012662433, -0.9989908), (0.038227182, 0.018370617, -0.9991002), (0.030692834, 0.0055876733, -0.99951327), (0.025557622, -0.03722354, -0.9989801), (0.026256625, -0.07594333, -0.9967664), (0.03228328, -0.07925649, -0.9963314), (0.03861557, -0.039297525, -0.9984811), (0.039118104, 0.023925118, -0.99894816), (0.032450106, 0.07570274, -0.9966023), (0.02402189, 0.09055543, -0.99560165), (0.021124935, 0.067723356, -0.99748045), (0.026594356, 0.030183762, -0.9991905), (0.03663773, 0.009999508, -0.9992786), (0.044100225, 0.026987752, -0.99866253), (0.043507665, 0.07594123, -0.99616265), (0.034338422, 0.13134302, -0.9907421), (0.021314261, 0.16715203, -0.9857007), (0.01167126, 0.1758686, -0.9843445), (0.010905567, 0.17249042, -0.98495084), (0.01852114, 0.18525669, -0.98251563), (0.026819555, 0.24478972, -0.9692052), (0.023391388, 0.42752188, -0.9037023), (0.008216228, 0.5702846, -0.82140607), (-0.00031602642, 0.3479853, -0.93749994), (-0.0017570537, 0.11548906, -0.9933072), (0.0010858573, -0.12221343, -0.9925032), (0.0014256578, -0.36663297, -0.93036455), (0.009252171, -0.5931616, -0.8050302), (0.029206837, -0.44944727, -0.8928293), (0.045046367, -0.25829437, -0.9650155), (0.037396573, -0.18277454, -0.98244333), (0.015199118, -0.1513079, -0.9883698), (-0.0026536377, -0.14546107, -0.9893604), (0.00028604953, -0.14701791, -0.9891338), (0.025463149, -0.13853551, -0.99003005), (0.057826318, -0.11016027, -0.99223024), (0.07643081, -0.06596626, -0.99489033), (0.06928624, -0.023411062, -0.9973221), (0.041509207, -0.0026286168, -0.99913466), (0.011630958, -0.011525919, -0.99986595), (-0.0005435873, -0.038618192, -0.99925387), (0.013157078, -0.060527727, -0.9980798), (0.043637816, -0.05815773, -0.9973532), (0.07025878, -0.028298603, -0.9971273), (0.07480292, 0.016157024, -0.99706745), (0.05436788, 0.05493415, -0.99700874), (0.023472752, 0.07190862, -0.997135), (0.0035212366, 0.064096704, -0.9979375), (0.0076081655, 0.043694586, -0.999016), (0.031776246, 0.030988608, -0.9990145), (0.058416378, 0.041012354, -0.9974495), (0.06891738, 0.0732662, -0.99492836), (0.05620814, 0.11346496, -0.99195075), (0.02903174, 0.14572854, -0.9888986), (0.0054639084, 0.16449869, -0.98636216), (-0.00007128182, 0.17725474, -0.984165), (0.012812124, 0.19978544, -0.9797559), (0.02999756, 0.25471753, -0.9665501), (0.030494193, 0.42185467, -0.9061505), (0.0132225575, 0.55792254, -0.8297877), (0.0015585185, 0.33916932, -0.9407241), (-0.001010404, 0.11541591, -0.99331677), (-0.0005524061, -0.12295087, -0.9924126), (0.00090380793, -0.362227, -0.93208945), (0.012170781, -0.58156246, -0.8134107), (0.036505494, -0.4331147, -0.90059924), (0.049200244, -0.26016837, -0.964309), (0.035377365, -0.20517112, -0.97808653), (0.009620894, -0.1768015, -0.9841995), (-0.006629055, -0.15294625, -0.9882123), (0.0029168476, -0.12742835, -0.99184346), (0.03740202, -0.10149454, -0.99413276), (0.077365205, -0.07838398, -0.9939168), (0.09720719, -0.06065921, -0.9934139), (0.08317324, -0.049465034, -0.9953067), (0.043176137, -0.044009786, -0.99809766), (0.002839809, -0.04103608, -0.9991536), (-0.011347208, -0.036289446, -0.9992769), (0.009788331, -0.02778252, -0.9995661), (0.052319318, -0.01696134, -0.99848634), (0.08878068, -0.005945712, -0.99603343), (0.09667248, 0.005611215, -0.9953004), (0.07210538, 0.019586392, -0.99720466), (0.03140586, 0.035718378, -0.9988683), (0.0009610485, 0.05047851, -0.9987247), (-0.00038982465, 0.060314033, -0.9981794), (0.026169889, 0.06519003, -0.9975296), (0.060927536, 0.068753555, -0.99577147), (0.079891145, 0.07587909, -0.9939113), (0.0714322, 0.09037003, -0.9933432), (0.042904716, 0.113858916, -0.99257004), (0.014065012, 0.14496483, -0.98933685), (0.0021770245, 0.17988747, -0.9836848), (0.009975302, 0.21721764, -0.97607225), (0.025035659, 0.26915023, -0.9627727), (0.02682066, 0.418545, -0.90779996), (0.012675383, 0.54558367, -0.8379605), (0.00219284, 0.33012956, -0.94393307), (-0.0000434024, 0.1158608, -0.99326545), (-0.0021963741, -0.123160705, -0.9923843), (0.0005354234, -0.3530084, -0.93562), (0.012927134, -0.56645656, -0.8239902), (0.0350161, -0.41934404, -0.9071518), (0.041548166, -0.26638487, -0.96297085), (0.02885247, -0.22687446, -0.97349656), (0.012127308, -0.19669577, -0.98038954), (0.0064339973, -0.1536159, -0.9881097), (0.02108889, -0.1028135, -0.9944771), (0.052597683, -0.06264221, -0.9966491), (0.08447178, -0.048296686, -0.9952547), (0.09701307, -0.05962029, -0.99349576), (0.08085046, -0.08051645, -0.9934688), (0.044624448, -0.08884204, -0.9950456), (0.010660642, -0.070852384, -0.99742985), (0.00034869477, -0.031370148, -0.9995078), (0.019928064, 0.008725355, -0.99976337), (0.056997668, 0.027750073, -0.9979886), (0.089390546, 0.01966783, -0.99580246), (0.09890584, -0.0021201519, -0.99509454), (0.081083365, -0.015292357, -0.99659), (0.04704785, -0.004139667, -0.9988841), (0.017198695, 0.03013611, -0.9993978), (0.0088681, 0.07063037, -0.9974631), (0.025038965, 0.09696197, -0.99497306), (0.053060528, 0.09937499, -0.99363434), (0.074108206, 0.08521345, -0.9936029), (0.07586786, 0.07423952, -0.9943503), (0.059275366, 0.085181996, -0.99460065), (0.03564141, 0.12255078, -0.99182206), (0.017902154, 0.17454273, -0.9844868), (0.012209632, 0.22593649, -0.97406554), (0.014972565, 0.27967104, -0.9599791), (0.014287446, 0.41804957, -0.90831184), (0.0069288006, 0.53750914, -0.8432295), (0.001539562, 0.3239218, -0.9460826), (0.0010389418, 0.116858825, -0.99314797), (-0.0035925976, -0.122825064, -0.9924218), (0.00014250887, -0.33997393, -0.9404349), (0.011363273, -0.55102557, -0.83441097), (0.027097717, -0.4121943, -0.91069293), (0.02828957, -0.27334413, -0.9615002), (0.02339591, -0.23788597, -0.9710113), (0.023534592, -0.20110296, -0.9792873), (0.032334868, -0.14433162, -0.9890009), (0.048616756, -0.08026949, -0.9955869), (0.066826254, -0.036166485, -0.99710894), (0.079132445, -0.031888008, -0.996354), (0.07922136, -0.063806295, -0.9948129), (0.06661182, -0.10437562, -0.9923047), (0.048224423, -0.11888177, -0.99173665), (0.034146447, -0.08910624, -0.9954366), (0.031536806, -0.026551038, -0.99914986), (0.041299548, 0.03366047, -0.9985797), (0.058548175, 0.05835892, -0.9965773), (0.07549528, 0.03955775, -0.9963612), (0.084380105, -0.0029543526, -0.99642926), (0.08080137, -0.03560439, -0.9960941), (0.066252075, -0.03245792, -0.9972749), (0.047582336, 0.009446563, -0.9988226), (0.03392857, 0.06841281, -0.99708), (0.031854965, 0.11224914, -0.99316937), (0.04159724, 0.12101682, -0.9917785), (0.057338793, 0.0997264, -0.9933614), (0.0702295, 0.07391154, -0.9947889), (0.07261073, 0.071473025, -0.9947961), (0.061747696, 0.10330645, -0.9927311), (0.04141612, 0.1586402, -0.9864674), (0.020163968, 0.21839537, -0.97565204), (0.005950366, 0.27967024, -0.9600777), (-0.00030489042, 0.41935864, -0.9078206), (-0.0005406777, 0.536242, -0.8440641), (0.00044066622, 0.322531, -0.9465588), (0.0020935412, 0.11833625, -0.99297136), (-0.0045125503, -0.12201379, -0.9925181), (-0.00036928098, -0.3251104, -0.94567597), (0.008583658, -0.53743523, -0.84326136), (0.018528871, -0.41106063, -0.9114197), (0.018538868, -0.2765298, -0.9608265), (0.024529887, -0.23334734, -0.972084), (0.04144827, -0.18747996, -0.9813936), (0.06171725, -0.12676519, -0.9900109), (0.07502044, -0.06619371, -0.9949826), (0.07571946, -0.030465662, -0.99666363), (0.06626107, -0.03470018, -0.99719876), (0.05505356, -0.07159189, -0.9959135), (0.050804254, -0.11224093, -0.99238145), (0.05618675, -0.12342601, -0.9907619), (0.06578435, -0.08978952, -0.9937858), (0.0708029, -0.024574585, -0.99718755), (0.067250036, 0.037537575, -0.9970298), (0.05977861, 0.06448423, -0.99612665), (0.056798123, 0.04755574, -0.99725246), (0.0628114, 0.0040100543, -0.9980174), (0.07461754, -0.03419628, -0.9966257), (0.08353145, -0.039639052, -0.99571645), (0.08140667, -0.0049885088, -0.99666846), (0.066645876, 0.053328987, -0.9963505), (0.047042783, 0.104959376, -0.9933632), (0.03551305, 0.12618974, -0.99137026), (0.04065253, 0.11498454, -0.9925351), (0.059520222, 0.08991137, -0.99416965), (0.078289375, 0.076753326, -0.9939717), (0.081691034, 0.0918781, -0.9924137), (0.06386851, 0.13478132, -0.98881483), (0.03263877, 0.1943541, -0.9803883), (0.0043641715, 0.26714602, -0.9636462), (-0.0083601335, 0.42059216, -0.9072113), (-0.004697037, 0.5410787, -0.8409589), (0.00022209216, 0.32566842, -0.94548404), (0.0029485966, 0.12010112, -0.99275726), (-0.0048039826, -0.12086521, -0.9926573), (-0.0008704273, -0.31068397, -0.9505129), (0.0065028556, -0.52577156, -0.85060096), (0.01538406, -0.41118076, -0.911424), (0.019831905, -0.27263382, -0.96191347), (0.035450757, -0.2150258, -0.9759647), (0.06169412, -0.16141914, -0.98495567), (0.08471988, -0.10722152, -0.99061906), (0.09087482, -0.06407098, -0.9937991), (0.07696726, -0.044778913, -0.9960275), (0.053394593, -0.05301278, -0.9971653), (0.038209718, -0.07881711, -0.9961566), (0.04437051, -0.10210249, -0.99378383), (0.069119066, -0.10336675, -0.9922388), (0.09531014, -0.07509217, -0.9926113), (0.10430069, -0.026618147, -0.99418956), (0.09015829, 0.020873623, -0.9957087), (0.06387573, 0.046744052, -0.99686253), (0.04473091, 0.042611316, -0.9980899), (0.046450887, 0.016224748, -0.9987888), (0.0680354, -0.013221937, -0.9975953), (0.09454859, -0.025350887, -0.9951974), (0.107301466, -0.009300353, -0.994183), (0.096414596, 0.03104543, -0.99485695), (0.068157546, 0.079036, -0.994539), (0.041672904, 0.114326745, -0.9925688), (0.03481626, 0.1250429, -0.99154025), (0.050553896, 0.113898434, -0.9922053), (0.07504412, 0.09580772, -0.992567), (0.08804146, 0.08988627, -0.992053), (0.07739382, 0.1101415, -0.9908981), (0.04697072, 0.16133882, -0.98578066), (0.014059857, 0.24557753, -0.969275), (-0.0035171653, 0.41977015, -0.90762365), (-0.0016205612, 0.54813004, -0.83639157), (0.0019196414, 0.3305688, -0.94377995), (0.0034314904, 0.12187193, -0.9925399), (-0.0044242367, -0.119554594, -0.99281776), (-0.00095850986, -0.29837605, -0.9544479), (0.0069275675, -0.5142664, -0.85760254), (0.020857781, -0.40637106, -0.91347003), (0.03447572, -0.26058707, -0.96483463), (0.05541186, -0.1900169, -0.98021585), (0.07992954, -0.1342049, -0.98772484), (0.09547074, -0.093883485, -0.99099505), (0.09236949, -0.073229186, -0.9930284), (0.071906775, -0.069953226, -0.99495524), (0.04774169, -0.0755475, -0.9959986), (0.03825733, -0.080469474, -0.9960226), (0.053222645, -0.07899767, -0.995453), (0.085352525, -0.06981085, -0.9939021), (0.11466294, -0.053648483, -0.99195474), (0.12270028, -0.031828783, -0.9919332), (0.104829036, -0.007045868, -0.9944653), (0.07278819, 0.015396732, -0.99722856), (0.04731878, 0.02882362, -0.99846387), (0.044774245, 0.028951861, -0.99857754), (0.066515744, 0.017294444, -0.9976355), (0.098056376, 0.0022117689, -0.9951784), (0.11871775, -0.0035959664, -0.99292153), (0.11548468, 0.010642099, -0.9932523), (0.09102672, 0.04625431, -0.9947737), (0.061479308, 0.091010034, -0.9939504), (0.044994373, 0.124749616, -0.9911675), (0.04888819, 0.13306226, -0.9899012), (0.065843396, 0.117374845, -0.99090254), (0.08017322, 0.09553178, -0.9921925), (0.07888191, 0.09330273, -0.99250805), (0.06025833, 0.13188945, -0.9894312), (0.03455429, 0.22261485, -0.9742939), (0.015317741, 0.41515958, -0.9096196), (0.0093423985, 0.55184174, -0.8338965), (0.0055918545, 0.3329837, -0.942916), (0.0034144612, 0.123341285, -0.99235845), (-0.0034437238, -0.11826234, -0.9929764), (-0.00008916131, -0.28865543, -0.95743304), (0.010736864, -0.5005135, -0.86566216), (0.033904593, -0.3919494, -0.9193618), (0.05831526, -0.24153665, -0.9686379), (0.0793978, -0.16730364, -0.98270315), (0.0930389, -0.11744608, -0.98871136), (0.09436245, -0.09272143, -0.9912106), (0.08308972, -0.08904451, -0.99255586), (0.06569439, -0.092816025, -0.9935137), (0.05357066, -0.089286424, -0.9945643), (0.056479357, -0.0733319, -0.99570704), (0.0755384, -0.052383386, -0.995766), (0.10174602, -0.038332, -0.9940716), (0.121576615, -0.03582777, -0.99193525), (0.125023, -0.03815077, -0.9914201), (0.11072658, -0.033465087, -0.9932873), (0.08656025, -0.014898212, -0.99613523), (0.06592708, 0.013242731, -0.9977366), (0.06058025, 0.03742048, -0.9974617), (0.07346759, 0.04414641, -0.99632), (0.09672807, 0.030519929, -0.9948428), (0.11664142, 0.008865952, -0.9931345), (0.12229996, 0.00044785067, -0.9924931), (0.11141238, 0.02041989, -0.9935644), (0.090061545, 0.065014504, -0.99381185), (0.068772495, 0.11202562, -0.99132264), (0.056729887, 0.1367363, -0.9889817), (0.056795623, 0.12992488, -0.9898958), (0.064545594, 0.10456229, -0.99242157), (0.07155439, 0.09018003, -0.99335164), (0.07094177, 0.117707446, -0.9905111), (0.06099949, 0.20651487, -0.97654015), (0.04321072, 0.40537646, -0.913128), (0.025207542, 0.54699916, -0.83675355), (0.010187893, 0.32890683, -0.9443074), (0.0028617394, 0.12425529, -0.99224615), (-0.0020212643, -0.11714958, -0.9931122), (0.0021458627, -0.28064755, -0.9598085), (0.017607367, -0.48277915, -0.8755651), (0.05010206, -0.36671135, -0.9289847), (0.082609504, -0.21836202, -0.972365), (0.09996793, -0.15335183, -0.983102), (0.09998846, -0.11702535, -0.98808265), (0.087486565, -0.104137525, -0.9907076), (0.072608106, -0.10462668, -0.9918575), (0.06548849, -0.10251252, -0.9925736), (0.070953235, -0.08634348, -0.9937356), (0.08620476, -0.058131, -0.9945801), (0.1034256, -0.03169497, -0.99413204), (0.115554534, -0.02099771, -0.9930792), (0.120049596, -0.028605567, -0.9923557), (0.118141614, -0.043449342, -0.9920457), (0.11214521, -0.04842254, -0.99251133), (0.10393631, -0.032180414, -0.9940632), (0.09540979, 0.00243921, -0.9954351), (0.08941935, 0.038810562, -0.99523765), (0.08918677, 0.05710602, -0.9943765), (0.09624802, 0.048677374, -0.9941664), (0.10875044, 0.023454813, -0.99379236), (0.12129365, 0.0042455504, -0.9926076), (0.12658419, 0.010526412, -0.9919), (0.118816815, 0.044377983, -0.991924), (0.09815065, 0.089144714, -0.9911709), (0.07277739, 0.12123931, -0.9899517), (0.054684017, 0.12691802, -0.9904047), (0.051961787, 0.11221709, -0.9923242), (0.0635774, 0.10117946, -0.9928346), (0.07956938, 0.12353494, -0.989145), (0.08620912, 0.20158285, -0.9756702), (0.071181424, 0.38961923, -0.9182211), (0.040767822, 0.53038317, -0.84677726), (0.014079952, 0.3162164, -0.9485826), (0.0018519734, 0.12447771, -0.9922207), (-0.00036438825, -0.116342895, -0.99320906), (0.005756699, -0.2724914, -0.962141), (0.026334409, -0.46074584, -0.88714135), (0.0640718, -0.33373052, -0.9404886), (0.098525934, -0.19486037, -0.9758699), (0.11093252, -0.14908348, -0.98258233), (0.10216312, -0.12986185, -0.9862548), (0.08386747, -0.12205394, -0.98897374), (0.07226029, -0.11356316, -0.9908995), (0.07732263, -0.09561034, -0.99241114), (0.09637814, -0.068027645, -0.9930174), (0.11716549, -0.039749306, -0.9923166), (0.12796316, -0.022134846, -0.9915319), (0.126017, -0.020882856, -0.99180824), (0.117909506, -0.032532454, -0.9924913), (0.113111466, -0.04610237, -0.99251217), (0.116198726, -0.04859531, -0.99203646), (0.12367969, -0.0323545, -0.9917946), (0.12758388, -0.00055799744, -0.9918276), (0.12264056, 0.033279903, -0.991893), (0.111357465, 0.053331498, -0.9923484), (0.10280088, 0.052176505, -0.99333256), (0.10560077, 0.035849456, -0.9937622), (0.120106965, 0.019420568, -0.992571), (0.13628405, 0.016900484, -0.99052566), (0.14019369, 0.033135884, -0.9895695), (0.12425633, 0.062120236, -0.9903037), (0.09371534, 0.091164686, -0.9914164), (0.06450155, 0.10919861, -0.991925), (0.052921653, 0.1152514, -0.9919256), (0.064267814, 0.12085452, -0.9905876), (0.08819063, 0.1444666, -0.9855718), (0.10391998, 0.2055449, -0.97311455), (0.0903558, 0.36796793, -0.925438), (0.050970256, 0.50178367, -0.8634901), (0.01593286, 0.29551578, -0.95520496), (0.0005592507, 0.1240096, -0.99228084), (0.0013094295, -0.115926094, -0.993257), (0.010285542, -0.2619513, -0.96502626), (0.035526574, -0.43543252, -0.8995201), (0.07244741, -0.29954866, -0.95132643), (0.102080576, -0.17459022, -0.97933537), (0.11106264, -0.1499273, -0.9824393), (0.103432365, -0.14532566, -0.9839625), (0.091653086, -0.13623874, -0.98642725), (0.089850046, -0.11241922, -0.9895903), (0.10338285, -0.07732023, -0.99163175), (0.1250666, -0.04405924, -0.9911696), (0.14167105, -0.025005572, -0.9895979), (0.14448409, -0.023112074, -0.9892372), (0.13502535, -0.03205042, -0.99032366), (0.12324049, -0.042005815, -0.99148744), (0.1201696, -0.04500914, -0.99173254), (0.12976538, -0.03733287, -0.9908417), (0.14575395, -0.019836012, -0.989122), (0.15621775, 0.0026906685, -0.987719), (0.15269582, 0.023644382, -0.9879903), (0.136971, 0.037892416, -0.98985004), (0.12042531, 0.04392023, -0.99175036), (0.11564583, 0.043139152, -0.9923533), (0.12618119, 0.038026635, -0.9912781), (0.14319253, 0.032038704, -0.98917615), (0.15192795, 0.030334597, -0.98792595), (0.14241032, 0.03813926, -0.9890726), (0.11658831, 0.05720166, -0.9915317), (0.08799376, 0.08410345, -0.9925642), (0.0732112, 0.11291011, -0.99090433), (0.07968423, 0.14011653, -0.9869234), (0.09909942, 0.16823706, -0.9807526), (0.11174451, 0.21086553, -0.97110707), (0.096371636, 0.3414719, -0.9349382), (0.053340264, 0.46419716, -0.88412434), (0.015413276, 0.26973557, -0.96281105), (-0.00079859473, 0.12295993, -0.9924113), (0.0028001016, -0.115936175, -0.9932527), (0.014997301, -0.24697834, -0.9689049), (0.0444147, -0.4082164, -0.9118041), (0.076185204, -0.27125588, -0.9594874), (0.097089574, -0.15957835, -0.9823993), (0.10609701, -0.14845468, -0.9832114), (0.10984013, -0.15050036, -0.98248905), (0.11510236, -0.13692299, -0.9838717), (0.12623964, -0.10165673, -0.9867773), (0.1414387, -0.058164675, -0.9882368), (0.1543465, -0.027046617, -0.9876465), (0.15938155, -0.0193214, -0.98702794), (0.15560755, -0.029863864, -0.98736745), (0.14734666, -0.04395709, -0.9881077), (0.1418685, -0.04852725, -0.9886953), (0.14502661, -0.03947061, -0.9886401), (0.15716197, -0.021741336, -0.9873335), (0.17215373, -0.0040845894, -0.98506165), (0.18103148, 0.0075688045, -0.98344815), (0.17808156, 0.013863515, -0.9839181), (0.16503197, 0.020378845, -0.98607767), (0.1500884, 0.03139946, -0.98817384), (0.14215934, 0.044253867, -0.98885405), (0.1445731, 0.05068802, -0.988195), (0.15304565, 0.0450857, -0.9871901), (0.1589212, 0.031473603, -0.98678946), (0.15517023, 0.022479646, -0.987632), (0.14127074, 0.03110968, -0.98948205), (0.12379923, 0.061725423, -0.99038565), (0.11194204, 0.10641381, -0.9880006), (0.11025788, 0.14987382, -0.98253804), (0.114263885, 0.18123275, -0.97677964), (0.112797305, 0.20895581, -0.97139806), (0.092024475, 0.31183153, -0.9456704), (0.049595214, 0.422571, -0.90497184), (0.013395844, 0.24246417, -0.97006786), (-0.0020166337, 0.12149157, -0.9925904), (0.0039391005, -0.11636208, -0.99319905), (0.019298207, -0.22591451, -0.973956), (0.053709563, -0.3789946, -0.9238389), (0.08144099, -0.2520401, -0.96428376), (0.0954233, -0.14902568, -0.98421836), (0.10862792, -0.13782309, -0.984482), (0.12926963, -0.13635258, -0.9821901), (0.15463991, -0.11929437, -0.9807422), (0.17669132, -0.08466424, -0.98061824), (0.18793157, -0.047422197, -0.9810366), (0.18703187, -0.025145277, -0.982032), (0.1792531, -0.024221461, -0.9835048), (0.17222007, -0.036660295, -0.9843761), (0.17141332, -0.04742383, -0.9840571), (0.17800239, -0.045252763, -0.98298895), (0.18928286, -0.029368782, -0.9814833), (0.20069262, -0.008573193, -0.97961676), (0.20816718, 0.005989055, -0.9780749), (0.20979697, 0.009493954, -0.97769886), (0.20620917, 0.0071052164, -0.9784821), (0.19960555, 0.009257548, -0.9798326), (0.19207896, 0.021804953, -0.9811372), (0.18482211, 0.039824914, -0.98196477), (0.17874213, 0.051304072, -0.9825575), (0.1747915, 0.04753733, -0.9834572), (0.17321357, 0.03128462, -0.9843873), (0.17303187, 0.016560385, -0.984777), (0.17256103, 0.020030892, -0.98479515), (0.17004362, 0.049541302, -0.98419046), (0.16383895, 0.097421855, -0.9816648), (0.15277182, 0.14441994, -0.97765213), (0.13668683, 0.17462218, -0.97510195), (0.116137974, 0.19426364, -0.9740501), (0.087395996, 0.28025404, -0.9559391), (0.04568635, 0.38049838, -0.9236524), (0.0116821015, 0.21562137, -0.9764072), (-0.0029401141, 0.11977776, -0.99279636), (0.0045953887, -0.11714617, -0.99310404), (0.023496438, -0.19680634, -0.9801608), (0.067414485, -0.3432291, -0.93682927), (0.100880615, -0.23665741, -0.96634173), (0.11737919, -0.13786286, -0.9834714), (0.138983, -0.11405554, -0.98370475), (0.17457286, -0.10167404, -0.9793808), (0.21356636, -0.08568351, -0.9731638), (0.24043176, -0.06533391, -0.9684648), (0.24688399, -0.047138713, -0.96789783), (0.23675384, -0.03723782, -0.9708558), (0.22243081, -0.03641157, -0.9742683), (0.21656647, -0.039532177, -0.97546715), (0.22438164, -0.03910758, -0.9737163), (0.2416158, -0.030548904, -0.969891), (0.25881988, -0.015514001, -0.965801), (0.2681336, -0.000746726, -0.96338147), (0.26783037, 0.007085934, -0.96344), (0.26222098, 0.006890335, -0.9649832), (0.25740132, 0.0043585617, -0.96629477), (0.2558741, 0.007090089, -0.9666841), (0.25470358, 0.017680937, -0.9668575), (0.24910322, 0.031298086, -0.9679711), (0.23770751, 0.039545093, -0.97053146), (0.22449248, 0.03705942, -0.97377086), (0.2160761, 0.02632755, -0.9760215), (0.21675137, 0.017591195, -0.9760683), (0.22472817, 0.022990832, -0.97415024), (0.23208717, 0.047998104, -0.97151005), (0.2288438, 0.08627599, -0.9696324), (0.2092436, 0.12312636, -0.9700809), (0.1760895, 0.14724751, -0.97329885), (0.13860385, 0.16556391, -0.97641057), (0.09934433, 0.24477099, -0.964478), (0.051176123, 0.33541086, -0.9406809), (0.012772141, 0.18729374, -0.9822209), (-0.0034759638, 0.11798639, -0.99300915), (0.004680186, -0.11818935, -0.99298006), (0.033360466, -0.15140556, -0.9879086), (0.109962784, -0.2795593, -0.95381063), (0.18311031, -0.20053464, -0.9624222), (0.22794333, -0.10990682, -0.96745145), (0.26609254, -0.07221712, -0.9612385), (0.30901673, -0.051008195, -0.9496878), (0.34812194, -0.042756323, -0.9364737), (0.37306955, -0.04401761, -0.92675865), (0.38068914, -0.048883963, -0.92341006), (0.37638548, -0.05116827, -0.92504907), (0.37058106, -0.047139045, -0.9276031), (0.37270188, -0.036708187, -0.9272248), (0.38561395, -0.022678351, -0.92238146), (0.40441954, -0.00899482, -0.9145293), (0.42063552, 0.00093181245, -0.90722924), (0.42813835, 0.0054827393, -0.9036966), (0.4265575, 0.0055722375, -0.90444326), (0.42053568, 0.004309697, -0.9072658), (0.4155294, 0.005011322, -0.9095659), (0.4131677, 0.008720799, -0.9106132), (0.4104342, 0.013675284, -0.9117877), (0.40322384, 0.017124003, -0.91494113), (0.39051792, 0.01751135, -0.92042875), (0.37592804, 0.015586523, -0.9265178), (0.36573997, 0.014378474, -0.930606), (0.36431178, 0.018039366, -0.9311023), (0.36972788, 0.029530004, -0.9286707), (0.3734233, 0.048220254, -0.926407), (0.36475003, 0.06955949, -0.9285036), (0.3374182, 0.08799058, -0.9372335), (0.2935295, 0.10194443, -0.9504987), (0.24126318, 0.11981017, -0.96303564), (0.17826995, 0.19002375, -0.96545887), (0.09405611, 0.26619345, -0.95931983), (0.02387504, 0.14604199, -0.98899025), (-0.003587399, 0.116282105, -0.9932097), (0.004155767, -0.119360805, -0.99284226), (0.041715324, -0.08271026, -0.9957002), (0.15702409, -0.1613205, -0.97433007), (0.28194365, -0.11563584, -0.9524369), (0.360081, -0.054723892, -0.93131465), (0.40414387, -0.024013858, -0.91438013), (0.4316702, -0.009469622, -0.90198183), (0.44963014, -0.011229435, -0.89314425), (0.4636909, -0.024113085, -0.8856689), (0.47769043, -0.038469728, -0.87768555), (0.49283284, -0.045141906, -0.8689522), (0.5080985, -0.04001451, -0.86036897), (0.52166927, -0.025326682, -0.8527718), (0.5323351, -0.0076118996, -0.8464995), (0.5400159, 0.006179276, -0.8416321), (0.5453542, 0.012255398, -0.8381161), (0.54903173, 0.011380224, -0.835724), (0.5513131, 0.0074500204, -0.8342652), (0.5518229, 0.0043635094, -0.8339499), (0.5496613, 0.0035080751, -0.83538026), (0.5440735, 0.003623653, -0.8390297), (0.5352846, 0.0027108784, -0.84466743), (0.52476096, 0.00018366937, -0.85124964), (0.51468223, -0.0022928203, -0.85737795), (0.5069755, -0.001735521, -0.86195874), (0.5023659, 0.0041160733, -0.86464536), (0.499774, 0.01502258, -0.86602557), (0.4963018, 0.027998198, -0.8676985), (0.48794493, 0.038921807, -0.87200624), (0.47088856, 0.04507698, -0.88104033), (0.44281203, 0.04704413, -0.8953794), (0.40315664, 0.04894891, -0.9138209), (0.35081184, 0.058202267, -0.9346355), (0.27116024, 0.100782804, -0.9572434), (0.14805107, 0.14810395, -0.97782725), (0.037802245, 0.08056132, -0.99603254), (-0.0032893398, 0.11483724, -0.9933789), (0.0030490994, -0.12051239, -0.99270713), (0.021372605, -0.021215321, -0.99954647), (0.08673343, -0.043093666, -0.9952991), (0.16493262, -0.030779555, -0.98582447), (0.2165926, -0.0116073415, -0.9761931), (0.24104032, -0.0012843618, -0.97051424), (0.2488501, 0.0023431212, -0.9685392), (0.24985246, -0.00084195926, -0.96828353), (0.25391898, -0.008338657, -0.96718955), (0.2663806, -0.01594433, -0.96373606), (0.2858779, -0.019635601, -0.95806485), (0.306402, -0.017376365, -0.9517436), (0.32168657, -0.010051631, -0.94679284), (0.32882494, -0.00093551644, -0.9443904), (0.3293186, 0.0061575505, -0.9441988), (0.32749814, 0.0090212915, -0.9448088), (0.32734236, 0.008049075, -0.94487154), (0.32971758, 0.0053069354, -0.9440647), (0.33216327, 0.0026603574, -0.9432182), (0.33133307, 0.00071070465, -0.9435136), (0.3258333, -0.0009193211, -0.94542676), (0.31725118, -0.0027075373, -0.9483377), (0.30898032, -0.004505929, -0.9510578), (0.3039132, -0.0053141, -0.9526849), (0.30257562, -0.0037562982, -0.95311797), (0.30285546, 0.00085790525, -0.9530361), (0.30134737, 0.0075939647, -0.9534842), (0.29531413, 0.013996875, -0.9552977), (0.28400347, 0.017502686, -0.95866346), (0.2684815, 0.017212452, -0.96313107), (0.25001723, 0.014532105, -0.9681323), (0.22813657, 0.012234312, -0.9735523), (0.19952296, 0.013299863, -0.9798029), (0.1536078, 0.024691507, -0.98782337), (0.08321986, 0.03778588, -0.99581456), (0.021135896, 0.020647297, -0.9995634), (-0.0025715777, 0.113855675, -0.993494), (0.120057374, -0.11933621, -0.9855684), (0.119021, 0.0019317418, -0.9928899), (0.11987474, 0.0036026952, -0.9927825), (0.12066832, 0.0043152208, -0.99268353), (0.12108671, 0.003979523, -0.99263394), (0.12079326, 0.0026425004, -0.9926742), (0.119823635, 0.00070117036, -0.99279493), (0.1185883, -0.0012847658, -0.9929427), (0.11757752, -0.0028003124, -0.99305975), (0.11709483, -0.003496022, -0.9931146), (0.117210574, -0.0032262572, -0.99310184), (0.1178404, -0.0020580296, -0.9930304), (0.11880382, -0.00026937222, -0.9929177), (0.119865745, 0.0016783292, -0.9927887), (0.1208142, 0.0032263242, -0.9926699), (0.12151822, 0.0038790875, -0.9925816), (0.121874556, 0.0033929176, -0.9925397), (0.12171913, 0.0018933458, -0.9925628), (0.12089405, -0.00016010964, -0.9926654), (0.11945717, -0.002160646, -0.992837), (0.11776912, -0.0035826392, -0.99303454), (0.11631683, -0.0041099843, -0.99320364), (0.11546392, -0.0036341222, -0.993305), (0.1153747, -0.0022117354, -0.9933196), (0.11610146, -0.000058168385, -0.9932374), (0.11762901, 0.002428452, -0.9930546), (0.11977385, 0.004661425, -0.9927903), (0.12207664, 0.005950817, -0.9925028), (0.123887695, 0.005744324, -0.99227965), (0.12464074, 0.003944091, -0.9921941), (0.12409508, 0.0010387833, -0.9922698), (0.12238627, -0.0021111036, -0.9924803), (0.11994385, -0.0046665147, -0.9927697), (0.11737727, -0.0060876785, -0.99306875), (0.11530901, -0.0061913654, -0.9933104), (0.11407987, -0.0049752914, -0.9934591), (0.1109528, 0.10884685, -0.9878471)] (
                interpolation = "vertex"
            )
            uniform token physics:approximation = "convexHull"
            point3f[] points = [(-0.15952735, -0.119645506, 0.021815326), (-0.15983343, -0.11308656, 0.021815326), (-0.16018441, -0.10660199, 0.021815326), (-0.16049619, -0.10014275, 0.021815326), (-0.16069268, -0.093652345, 0.021815326), (-0.1607243, -0.087081805, 0.021815326), (-0.16058046, -0.08040267, 0.021815326), (-0.1602928, -0.07361474, 0.021815326), (-0.1599284, -0.06674649, 0.021815326), (-0.15957414, -0.059847955, 0.021815326), (-0.15931618, -0.052978054, 0.021815326), (-0.15921912, -0.04618941, 0.021815326), (-0.15930983, -0.039514743, 0.021815326), (-0.1595704, -0.03295828, 0.021815326), (-0.15994136, -0.026494429, 0.021815326), (-0.1603353, -0.020074088, 0.021815326), (-0.16065739, -0.013636995, 0.021815326), (-0.16082805, -0.0071269544, 0.021815326), (-0.16080254, -0.0005060343, 0.021815326), (-0.16058241, 0.006235883, 0.021815326), (-0.16021617, 0.013078657, 0.021815326), (-0.15978858, 0.019977162, 0.021815326), (-0.15940107, 0.0268729, 0.021815326), (-0.15914772, 0.033708982, 0.021815326), (-0.15909247, 0.040444598, 0.021815326), (-0.15925324, 0.047065254, 0.021815326), (-0.15959658, 0.0535862, 0.021815326), (-0.16004464, 0.06004814, 0.021815326), (-0.16049287, 0.066506416, 0.021815326), (-0.16083443, 0.07301644, 0.021815326), (-0.1609857, 0.0796192, 0.021815326), (-0.16090655, 0.0863306, 0.021815326), (-0.1606109, 0.09313737, 0.021815326), (-0.16016431, 0.10000065, 0.021815326), (-0.1596695, 0.10686629, 0.021815326), (-0.15924251, 0.11367916, 0.021815326), (-0.15898551, 0.120397806, 0.021815326), (-0.15295702, -0.119812146, 0.021815326), (-0.15314409, -0.11316395, 0.021815326), (-0.1533769, -0.106591254, 0.021815326), (-0.15359645, -0.1000625, 0.021815326), (-0.15374683, -0.093531996, 0.021815326), (-0.15378931, -0.08695304, 0.021815326), (-0.1537122, -0.08029148, 0.021815326), (-0.15353405, -0.07353604, 0.021815326), (-0.1532995, -0.066702366, 0.021815326), (-0.15306833, -0.059829805, 0.021815326), (-0.15290082, -0.052971393, 0.021815326), (-0.15284236, -0.046179894, 0.021815326), (-0.15291171, -0.03949342, 0.021815326), (-0.1530955, -0.03292456, 0.021815326), (-0.15335068, -0.026456105, 0.021815326), (-0.15361448, -0.020044526, 0.021815326), (-0.15381955, -0.013630554, 0.021815326), (-0.15391071, -0.0071541145, 0.021815326), (-0.15385927, -0.000569751, 0.021815326), (-0.15367113, 0.0061415476, 0.021815326), (-0.15338662, 0.012967299, 0.021815326), (-0.15307191, 0.019866666, 0.021815326), (-0.15280357, 0.026781043, 0.021815326), (-0.1526502, 0.03364933, 0.021815326), (-0.15265527, 0.04042388, 0.021815326), (-0.1528255, 0.04708287, 0.021815326), (-0.15312773, 0.053635757, 0.021815326), (-0.15349543, 0.06012032, 0.021815326), (-0.15384348, 0.06659205, 0.021815326), (-0.15408789, 0.07310871, 0.021815326), (-0.15416601, 0.07971414, 0.021815326), (-0.15405223, 0.08642592, 0.021815326), (-0.15376543, 0.0932301, 0.021815326), (-0.153366, 0.10008465, 0.021815326), (-0.15294297, 0.10693092, 0.021815326), (-0.15259394, 0.113709934, 0.021815326), (-0.15240245, 0.12037934, 0.021815326), (-0.14645027, -0.12000639, 0.021815326), (-0.14651258, -0.113264374, 0.021815326), (-0.14660805, -0.10658899, 0.023797963), (-0.14670795, -0.09997089, 0.025664242), (-0.14678377, -0.09338163, 0.02659785), (-0.14681478, -0.08678305, 0.027240792), (-0.14679353, -0.08013969, 0.02765361), (-0.14672782, -0.07343024, 0.027820647), (-0.14663845, -0.06665496, 0.027935099), (-0.14655371, -0.059836775, 0.02831533), (-0.14650139, -0.05301555, 0.028992286), (-0.14650102, -0.04623714, 0.029598376), (-0.14655787, -0.0395402, 0.02981631), (-0.14666079, -0.03294443, 0.02978142), (-0.14678423, -0.02644373, 0.029841036), (-0.14689443, -0.02000632, 0.030023053), (-0.146958, -0.013582, 0.030015143), (-0.14695106, -0.007114768, 0.029686263), (-0.14686647, -0.0005574338, 0.029353455), (-0.146717, 0.006115777, 0.029378641), (-0.14653374, 0.01290212, 0.029685166), (-0.14635958, 0.019770812, 0.029883618), (-0.1462392, 0.026671076, 0.029779699), (-0.14620805, 0.033545665, 0.029528301), (-0.14628266, 0.040346183, 0.029313045), (-0.14645523, 0.047046006, 0.029127305), (-0.14669359, 0.053647168, 0.028942265), (-0.14694735, 0.060179215, 0.028848078), (-0.14715861, 0.066690296, 0.028841523), (-0.14727525, 0.07323289, 0.02863434), (-0.14726369, 0.0798481, 0.027933152), (-0.14711781, 0.08655314, 0.026874825), (-0.14686199, 0.09333551, 0.025921179), (-0.14654724, 0.10015582, 0.025213089), (-0.14624076, 0.10695879, 0.023814658), (-0.14601134, 0.113689385, 0.021815749), (-0.1459138, 0.12030977, 0.021815587), (-0.13998266, -0.120201975, 0.021815326), (-0.13992962, -0.11337283, 0.021815326), (-0.13988644, -0.10659313, 0.025797801), (-0.13985619, -0.09987778, 0.029221876), (-0.13984102, -0.09321965, 0.03069182), (-0.13984247, -0.08659411, 0.03177075), (-0.1398615, -0.07996848, 0.03277796), (-0.13989812, -0.073313445, 0.033547156), (-0.13995077, -0.06661301, 0.03403202), (-0.14001553, -0.059870034, 0.034515552), (-0.14008573, -0.05310572, 0.035172883), (-0.14015208, -0.0463532, 0.03578544), (-0.14020365, -0.03964716, 0.03612479), (-0.14022958, -0.033012595, 0.036357004), (-0.14022131, -0.026456097, 0.036738038), (-0.14017496, -0.01996231, 0.037074186), (-0.14009313, -0.013496825, 0.036921192), (-0.13998567, -0.0070147794, 0.036350384), (-0.13986887, -0.00047282307, 0.03608122), (-0.13976324, 0.0061589624, 0.036603745), (-0.1396899, 0.012888627, 0.03745573), (-0.13966632, 0.019699905, 0.037711143), (-0.13970222, 0.02655656, 0.03705591), (-0.13979663, 0.033412363, 0.036041286), (-0.13993697, 0.040223897, 0.03532121), (-0.14010027, 0.046962507, 0.035019033), (-0.14025687, 0.053621918, 0.034923997), (-0.1403759, 0.060219232, 0.034901645), (-0.14043143, 0.06678897, 0.03481041), (-0.14040819, 0.073371805, 0.034285583), (-0.14030549, 0.08000131, 0.033046585), (-0.14013842, 0.0866927, 0.031379666), (-0.13993588, 0.09343706, 0.029894985), (-0.13973553, 0.10020307, 0.028605942), (-0.13957676, 0.10694594, 0.025762344), (-0.13949265, 0.1136214, 0.021816274), (-0.13950306, 0.12020059, 0.021815741), (-0.13352366, -0.12037215, 0.021815326), (-0.13337703, -0.11347322, 0.021815326), (-0.1332111, -0.106601074, 0.02685162), (-0.13305828, -0.09979371, 0.031023473), (-0.1329504, -0.09306657, 0.032753635), (-0.13291195, -0.08641142, 0.03409435), (-0.13295443, -0.0798018, 0.03550511), (-0.1330732, -0.07320314, 0.036719587), (-0.13324767, -0.06658423, 0.037449304), (-0.13344508, -0.059926834, 0.037836708), (-0.13362674, -0.053230602, 0.03820015), (-0.13375603, -0.04651208, 0.038642712), (-0.13380595, -0.039798375, 0.039113823), (-0.13376498, -0.03311761, 0.039629173), (-0.13363975, -0.02648914, 0.040148336), (-0.13345388, -0.019916581, 0.040382773), (-0.13324338, -0.013385766, 0.04010378), (-0.13304943, -0.0068682367, 0.0396626), (-0.13290995, -0.00032916357, 0.039815303), (-0.13285199, 0.006262688, 0.040802933), (-0.13288625, 0.012925979, 0.041852437), (-0.13300516, 0.019661497, 0.04190465), (-0.13318458, 0.026452113, 0.04075903), (-0.13338895, 0.033267975, 0.03923059), (-0.13357854, 0.040075302, 0.038214568), (-0.13371757, 0.04684613, 0.037894506), (-0.13378106, 0.053565916, 0.03790112), (-0.13375951, 0.060236797, 0.03787193), (-0.13366012, 0.06687541, 0.037594046), (-0.13350466, 0.07350606, 0.036849875), (-0.13332462, 0.080151364, 0.035529915), (-0.13315451, 0.08682351, 0.033883322), (-0.13302504, 0.093518995, 0.032288432), (-0.13295746, 0.10021876, 0.030560078), (-0.13296011, 0.10689402, 0.026749047), (-0.13302779, 0.11351631, 0.021816272), (-0.1331438, 0.12006854, 0.021815795), (-0.12704107, -0.120493256, 0.021815326), (-0.12683089, -0.11355072, 0.021815326), (-0.12657237, -0.10661022, 0.027473448), (-0.12632121, -0.099728726, 0.032139745), (-0.12613402, -0.092942335, 0.03422428), (-0.1260552, -0.08625973, 0.035870686), (-0.12610643, -0.07966305, 0.037514478), (-0.12628086, -0.07311566, 0.03894014), (-0.12654391, -0.06657408, 0.03982688), (-0.12684023, -0.060000747, 0.040209226), (-0.12710582, -0.053373862, 0.040451925), (-0.12728211, -0.046691965, 0.040888026), (-0.12732932, -0.03997226, 0.041556116), (-0.12723555, -0.03324363, 0.04222244), (-0.12701982, -0.02653671, 0.042580012), (-0.12672815, -0.019874077, 0.04249741), (-0.12642337, -0.013263413, 0.042208232), (-0.12617128, -0.0066954754, 0.042236388), (-0.126026, -0.00014722144, 0.042952713), (-0.12601805, 0.0064111296, 0.04409753), (-0.12614757, 0.013007367, 0.044844195), (-0.12638469, 0.019659553, 0.044496752), (-0.12667641, 0.026371509, 0.04315188), (-0.12695868, 0.033132646, 0.041605774), (-0.12717092, 0.03992193, 0.0406123), (-0.12726928, 0.04671444, 0.040296093), (-0.12723619, 0.05348845, 0.040248986), (-0.12708348, 0.060230646, 0.040025644), (-0.126849, 0.06693814, 0.03944654), (-0.1265873, 0.073616736, 0.03853875), (-0.12635674, 0.08027647, 0.03737297), (-0.12620625, 0.08692609, 0.03598205), (-0.1261645, 0.093568645, 0.03429242), (-0.12623428, 0.10019987, 0.031963043), (-0.12639299, 0.10681013, 0.027255133), (-0.12659904, 0.11338932, 0.02181555), (-0.12680244, 0.11993316, 0.021815693), (-0.120505966, -0.12054807, 0.021815326), (-0.12026563, -0.113593854, 0.021815326), (-0.119954005, -0.10661848, 0.027807461), (-0.119641766, -0.09969107, 0.032833945), (-0.11940188, -0.09286369, 0.03535594), (-0.11929239, -0.086160004, 0.03729744), (-0.119342335, -0.079571836, 0.038967624), (-0.11954416, -0.07306385, 0.04037881), (-0.119854756, -0.066584885, 0.041412313), (-0.1202048, -0.060082413, 0.042034067), (-0.12051452, -0.0535163, 0.042483415), (-0.120712176, -0.04686822, 0.043110956), (-0.1207509, -0.040144604, 0.04394258), (-0.12061996, -0.033372737, 0.044548456), (-0.120347686, -0.026591573, 0.044528164), (-0.11999525, -0.019840052, 0.04408759), (-0.11964276, -0.013146257, 0.04394111), (-0.11937069, -0.006520257, 0.044573054), (-0.11924128, 0.00004767251, 0.04570834), (-0.119283944, 0.006583383, 0.046581708), (-0.119488426, 0.0131211085, 0.04663597), (-0.11980715, 0.019694036, 0.045889318), (-0.120166324, 0.026325839, 0.044754706), (-0.120483235, 0.033025347, 0.04368708), (-0.12068553, 0.039785475, 0.04297059), (-0.12072807, 0.04658626, 0.0426198), (-0.12060326, 0.05340076, 0.042367026), (-0.12034258, 0.0602019, 0.04185845), (-0.120008826, 0.06696835, 0.040986665), (-0.119680986, 0.073688015, 0.039968748), (-0.119435504, 0.08035851, 0.038984504), (-0.11932818, 0.08698531, 0.037799586), (-0.11938124, 0.0935783, 0.035897654), (-0.11957845, 0.10014849, 0.03288654), (-0.119869575, 0.10670577, 0.02742227), (-0.12018281, 0.11325839, 0.021814337), (-0.12044242, 0.11981393, 0.021815417), (-0.11389696, -0.12052819, 0.021815326), (-0.1136583, -0.113596216, 0.021815326), (-0.11333668, -0.1066246, 0.028030988), (-0.11300806, -0.09968616, 0.033362623), (-0.112751395, -0.092841886, 0.03627642), (-0.11262968, -0.08612648, 0.038391583), (-0.11267445, -0.07954117, 0.039923258), (-0.1128777, -0.07305521, 0.041227743), (-0.11319316, -0.06661539, 0.042495683), (-0.11354694, -0.06016074, 0.043605216), (-0.11385482, -0.053638436, 0.044497333), (-0.11404244, -0.04701675, 0.045351397), (-0.11406329, -0.04029192, 0.04617326), (-0.11391024, -0.033487454, 0.04654251), (-0.11361779, -0.026646473, 0.046173997), (-0.11325424, -0.0198194, 0.045584507), (-0.11290574, -0.013050461, 0.045718126), (-0.11265577, -0.006366502, 0.046805687), (-0.11256506, 0.00022913581, 0.047977127), (-0.112656824, 0.006756383, 0.048231903), (-0.11291073, 0.0132523, 0.047523096), (-0.11326744, 0.019760933, 0.046602953), (-0.11364242, 0.026321977, 0.046019122), (-0.113946065, 0.032961182, 0.045666642), (-0.11410517, 0.039684772, 0.04526093), (-0.11408063, 0.046478983, 0.04477791), (-0.113877125, 0.05331443, 0.044256117), (-0.11354234, 0.06015388, 0.043537676), (-0.11315583, 0.06696123, 0.042519655), (-0.11281007, 0.07370945, 0.041428667), (-0.11258837, 0.080385685, 0.040459726), (-0.112544686, 0.08699264, 0.039232742), (-0.11269047, 0.0935464, 0.037016097), (-0.1129916, 0.10007159, 0.033457987), (-0.11337631, 0.10659534, 0.027485244), (-0.113752276, 0.1131417, 0.021813245), (-0.11402872, 0.11972755, 0.021815063), (-0.10720356, -0.12043534, 0.021815326), (-0.10699259, -0.11355738, 0.021815326), (-0.10670167, -0.10662844, 0.02831918), (-0.106402405, -0.09971583, 0.033958793), (-0.106168754, -0.092881136, 0.037087206), (-0.106058925, -0.08616466, 0.039194707), (-0.10610087, -0.07957566, 0.040549077), (-0.10628521, -0.07309078, 0.041831464), (-0.106567115, -0.0666609, 0.04345492), (-0.10687708, -0.060224414, 0.045142967), (-0.10713779, -0.05372319, 0.046461534), (-0.107283205, -0.04711732, 0.047358964), (-0.107275054, -0.040394675, 0.047921482), (-0.10711274, -0.033573136, 0.04800199), (-0.10683409, -0.026695106, 0.04757105), (-0.10650663, -0.019815959, 0.047221884), (-0.10621136, -0.012989631, 0.04771197), (-0.10602293, -0.0062550195, 0.048901536), (-0.10599107, 0.0003733181, 0.04967244), (-0.106127776, 0.006908011, 0.049212422), (-0.10640349, 0.0133847855, 0.04802459), (-0.10675354, 0.019852726, 0.04726856), (-0.10709329, 0.026361566, 0.047335524), (-0.107338436, 0.032949295, 0.04756079), (-0.107425794, 0.039633166, 0.047269247), (-0.10732924, 0.04640621, 0.046544656), (-0.10706701, 0.05323985, 0.045793638), (-0.10669829, 0.060091734, 0.045046605), (-0.106309794, 0.06691663, 0.044084612), (-0.10599532, 0.073677495, 0.042939223), (-0.10583317, 0.08035413, 0.04174775), (-0.10586681, 0.08694733, 0.0402075), (-0.10609356, 0.09347773, 0.037693582), (-0.10646418, 0.09998005, 0.033917386), (-0.10689366, 0.106494084, 0.027709778), (-0.10728092, 0.11305508, 0.021812918), (-0.10753261, 0.119685575, 0.021814786), (-0.100427754, -0.120281264, 0.021815326), (-0.10026173, -0.11348304, 0.021815326), (-0.10003445, -0.1066309, 0.028766697), (-0.099804856, -0.09977792, 0.034735788), (-0.09963188, -0.09297785, 0.03785513), (-0.0995596, -0.08627045, 0.039824497), (-0.09960611, -0.07967077, 0.041122925), (-0.09975894, -0.07316499, 0.042579297), (-0.09997797, -0.066713974, 0.044597194), (-0.10020556, -0.06026347, 0.04670728), (-0.1003811, -0.053758215, 0.048189223), (-0.10045651, -0.04715629, 0.04884467), (-0.100408904, -0.040439893, 0.048961997), (-0.10024698, -0.033619877, 0.048845075), (-0.10000961, -0.026732879, 0.048739254), (-0.09975667, -0.019831918, 0.04900455), (-0.09955431, -0.012972916, 0.049835302), (-0.09945821, -0.0062006856, 0.05075152), (-0.09949902, 0.00046206726, 0.05085627), (-0.0996736, 0.007019965, 0.04988773), (-0.09994451, 0.013503179, 0.048706338), (-0.10024807, 0.019959241, 0.048368953), (-0.100509256, 0.026440656, 0.048881944), (-0.100660026, 0.03299154, 0.04926767), (-0.1006565, 0.039636716, 0.04881359), (-0.100490876, 0.046375986, 0.04780918), (-0.100194894, 0.053184927, 0.046924762), (-0.099833705, 0.06002188, 0.046289347), (-0.09949139, 0.06683924, 0.045509957), (-0.099251315, 0.073596045, 0.04432138), (-0.09917597, 0.080268614, 0.042765424), (-0.09929109, 0.086856596, 0.04079599), (-0.09957813, 0.093382835, 0.038137715), (-0.09997697, 0.0998872, 0.034514535), (-0.100398816, 0.10641603, 0.0282536), (-0.10074615, 0.1130099, 0.021813614), (-0.10093547, 0.11969279, 0.021814685), (-0.093583874, -0.12008625, 0.021815326), (-0.09346999, -0.11338422, 0.021815326), (-0.093327574, -0.106633686, 0.029344507), (-0.09319699, -0.09986647, 0.035637334), (-0.09311441, -0.093120985, 0.038592048), (-0.093102336, -0.08643059, 0.04043743), (-0.09316361, -0.07981343, 0.04191615), (-0.09328062, -0.073266484, 0.043721557), (-0.09341981, -0.066765465, 0.046003267), (-0.09354048, -0.060270738, 0.048170395), (-0.093605645, -0.053737648, 0.04946513), (-0.09359222, -0.047128472, 0.049700055), (-0.093497865, -0.04042283, 0.049387112), (-0.093342595, -0.033623684, 0.049256623), (-0.09316459, -0.026757352, 0.04973823), (-0.093011074, -0.019867338, 0.050759412), (-0.09292632, -0.013003682, 0.05181354), (-0.09293995, -0.0062104533, 0.052242346), (-0.093058154, 0.0004852545, 0.051726416), (-0.09326062, 0.007080021, 0.05066363), (-0.09350389, 0.013594703, 0.04992197), (-0.093730725, 0.020068804, 0.050015103), (-0.09388354, 0.026550096, 0.050549585), (-0.093918614, 0.033082202, 0.050643478), (-0.093817756, 0.039693445, 0.049883213), (-0.09359433, 0.04638986, 0.04869966), (-0.09329199, 0.05315422, 0.04776518), (-0.09297604, 0.059951328, 0.047209103), (-0.09271913, 0.06673815, 0.04656279), (-0.092584446, 0.07347603, 0.0453444), (-0.0926104, 0.08014178, 0.043488), (-0.09280035, 0.08673453, 0.04121045), (-0.09312012, 0.09327642, 0.038620006), (-0.09350414, 0.09980692, 0.035371806), (-0.09386916, 0.10637207, 0.029071094), (-0.09413261, 0.1130115, 0.02181502), (-0.09423149, 0.119746655, 0.021814745), (-0.08669657, -0.1198765, 0.021815326), (-0.086632304, -0.1132757, 0.021815326), (-0.0865822, -0.10663892, 0.029922778), (-0.08656509, -0.09997226, 0.036482453), (-0.086590104, -0.093293324, 0.03926338), (-0.08665364, -0.0866243, 0.04115381), (-0.08673981, -0.079983756, 0.04305116), (-0.086824186, -0.073379695, 0.04523922), (-0.086880125, -0.06680595, 0.0474947), (-0.086886086, -0.060242984, 0.049301796), (-0.08683202, -0.053662997, 0.050181203), (-0.08672314, -0.04703782, 0.05008363), (-0.086580046, -0.040347483, 0.049601298), (-0.08643473, -0.03358683, 0.049647886), (-0.08632349, -0.026768312, 0.05069357), (-0.08627814, -0.019919962, 0.052267455), (-0.08631765, -0.013078963, 0.053346213), (-0.08644236, -0.006282456, 0.05331632), (-0.08663223, 0.00044195636, 0.052510206), (-0.086850025, 0.0070833983, 0.051780935), (-0.087048635, 0.013650591, 0.051648267), (-0.08718146, 0.020169538, 0.051920097), (-0.08721316, 0.026676591, 0.052032266), (-0.0871287, 0.03320873, 0.05159842), (-0.08693805, 0.039793726, 0.050651625), (-0.08667559, 0.046442904, 0.04952446), (-0.08639383, 0.053148597, 0.048567805), (-0.08615268, 0.059886992, 0.04786845), (-0.08600655, 0.06662571, 0.047130026), (-0.08599198, 0.073333964, 0.045893762), (-0.08611873, 0.079992466, 0.043986358), (-0.08636639, 0.08660008, 0.04169639), (-0.08668759, 0.093175285, 0.03932714), (-0.08701717, 0.09975165, 0.03641142), (-0.087285765, 0.106368415, 0.029932141), (-0.087434605, 0.11305857, 0.021816397), (-0.08742859, 0.11983777, 0.021814832), (-0.079797275, -0.1196806, 0.021815326), (-0.079772264, -0.11317396, 0.021815326), (-0.07980815, -0.10664866, 0.030346833), (-0.07990245, -0.100083806, 0.03708457), (-0.08003684, -0.09347362, 0.03983195), (-0.08018095, -0.08682607, 0.04200356), (-0.08029922, -0.08015781, 0.044429652), (-0.08035956, -0.07348714, 0.04685257), (-0.080341525, -0.066827215, 0.048750605), (-0.080242045, -0.060181532, 0.04992628), (-0.0800773, -0.053543024, 0.050417054), (-0.07988004, -0.04689684, 0.050337687), (-0.079692826, -0.040225882, 0.05010279), (-0.07955871, -0.03351724, 0.05045011), (-0.079511285, -0.02676752, 0.051756863), (-0.07956658, -0.019985272, 0.05340546), (-0.07971855, -0.013189766, 0.05428072), (-0.07993943, -0.0064063314, 0.05400739), (-0.080185, 0.0003403528, 0.05334655), (-0.080403715, 0.0070330715, 0.053194232), (-0.08054773, 0.013666914, 0.053518724), (-0.0805835, 0.02025068, 0.053594828), (-0.080499515, 0.02680437, 0.053041484), (-0.0803094, 0.033353485, 0.052174296), (-0.08004967, 0.039921775, 0.05137262), (-0.07977247, 0.046524692, 0.050574377), (-0.07953482, 0.05316544, 0.049574375), (-0.079386614, 0.059834998, 0.04844307), (-0.07935998, 0.06651605, 0.0473273), (-0.079462305, 0.073189706, 0.046068545), (-0.07967439, 0.07984293, 0.044399124), (-0.07995421, 0.08647426, 0.04239551), (-0.0802455, 0.09309581, 0.04025489), (-0.08048938, 0.09973059, 0.037397612), (-0.08063649, 0.106405765, 0.03055159), (-0.08065715, 0.113143355, 0.021816999), (-0.08054746, 0.1199513, 0.021814814), (-0.07291963, -0.11952568, 0.021815326), (-0.07291867, -0.11309475, 0.021815326), (-0.073022395, -0.1066643, 0.030522171), (-0.07321019, -0.10018869, 0.037373934), (-0.07343986, -0.09363927, 0.040310778), (-0.073657356, -0.08700897, 0.04292915), (-0.073809564, -0.0803109, 0.04578331), (-0.073857166, -0.07357198, 0.04817117), (-0.07378443, -0.06682361, 0.049505375), (-0.0736036, -0.060092285, 0.050059684), (-0.07335268, -0.053392675, 0.05042186), (-0.073087156, -0.046724863, 0.050795354), (-0.07286741, -0.040076256, 0.051189568), (-0.07274481, -0.033427164, 0.051864125), (-0.07274969, -0.026758162, 0.05301997), (-0.07288402, -0.020056874, 0.05421604), (-0.07312058, -0.013322177, 0.054704644), (-0.07340869, -0.006564698, 0.054441806), (-0.07368551, 0.00019637906, 0.05423287), (-0.073890045, 0.0069390237, 0.054612897), (-0.07397682, 0.013644757, 0.055040125), (-0.073926106, 0.020303752, 0.054650825), (-0.07374835, 0.026917165, 0.053517766), (-0.073481806, 0.033496145, 0.052559294), (-0.073184006, 0.040058013, 0.052231256), (-0.07291896, 0.046621002, 0.051917516), (-0.07274307, 0.05319933, 0.05084766), (-0.07269289, 0.059800137, 0.04913031), (-0.07277737, 0.06642326, 0.04746635), (-0.072976395, 0.073063694, 0.046151545), (-0.07324572, 0.07971573, 0.044862315), (-0.07352705, 0.08637709, 0.04326543), (-0.073761, 0.093051486, 0.041210953), (-0.07389996, 0.099748276, 0.0380721), (-0.073917955, 0.1064792, 0.030755537), (-0.07381555, 0.113252915, 0.021816537), (-0.073618725, 0.12006924, 0.02181468), (-0.06609458, -0.119433634, 0.021815326), (-0.06610108, -0.11305076, 0.021815326), (-0.06624624, -0.106686205, 0.030461792), (-0.066496775, -0.10027494, 0.037447788), (-0.06679345, -0.09376921, 0.040784135), (-0.06706525, -0.08714833, 0.04383943), (-0.067246415, -0.08042108, 0.046823345), (-0.06729229, -0.073620506, 0.048905354), (-0.06719019, -0.06679305, 0.04971028), (-0.066962644, -0.059985153, 0.04993408), (-0.066662185, -0.05323116, 0.050504595), (-0.06635901, -0.046545394, 0.051598687), (-0.06612441, -0.039920397, 0.05277497), (-0.06601382, -0.033331208, 0.053722374), (-0.06605379, -0.026744118, 0.05443946), (-0.06623562, -0.02012713, 0.054869298), (-0.06651744, -0.013459176, 0.054904345), (-0.06683408, -0.0067355903, 0.05480021), (-0.06711237, 0.00003133936, 0.055064954), (-0.067288294, 0.0068165762, 0.055683304), (-0.06732187, 0.0135897435, 0.055871356), (-0.06720628, 0.020323476, 0.055031165), (-0.06696925, 0.027000336, 0.053701892), (-0.066666245, 0.03361656, 0.053020593), (-0.06636725, 0.04018191, 0.053243157), (-0.06614042, 0.046716075, 0.053327482), (-0.06603627, 0.05324308, 0.05220013), (-0.06607626, 0.059785396, 0.05002908), (-0.06624831, 0.06635956, 0.047893852), (-0.06651029, 0.072974145, 0.04646649), (-0.066800326, 0.07963038, 0.045441344), (-0.06705164, 0.086324535, 0.044108547), (-0.06720813, 0.09305085, 0.04192843), (-0.067237124, 0.099803835, 0.03830453), (-0.0671363, 0.106578834, 0.030585395), (-0.066933386, 0.11337101, 0.021815382), (-0.06667876, 0.12017312, 0.021814592), (-0.059345827, -0.119418085, 0.021815326), (-0.059345238, -0.113049746, 0.021815326), (-0.05950169, -0.10671338, 0.030273473), (-0.059776053, -0.10033252, 0.03751579), (-0.060101215, -0.09384667, 0.041371748), (-0.06039846, -0.087225065, 0.044672567), (-0.060596537, -0.0804722, 0.047403097), (-0.06064877, -0.073624246, 0.049023416), (-0.060544092, -0.06673757, 0.049565952), (-0.060309395, -0.059872907, 0.049890082), (-0.0600027, -0.053079434, 0.050889507), (-0.059698846, -0.04638287, 0.052636363), (-0.059471257, -0.03978053, 0.05443199), (-0.059374187, -0.03324414, 0.055558592), (-0.059429772, -0.026729185, 0.0558287), (-0.05962295, -0.020188008, 0.055546694), (-0.059905462, -0.01358285, 0.055212412), (-0.06020784, -0.0068955016, 0.055252366), (-0.060456462, -0.00013116967, 0.055736102), (-0.06059146, 0.0066840514, 0.05620628), (-0.060581125, 0.013511022, 0.05600966), (-0.060429394, 0.020308303, 0.055035517), (-0.060174555, 0.027042802, 0.054011177), (-0.059879657, 0.03369758, 0.05377889), (-0.059616946, 0.04027502, 0.05426117), (-0.05945019, 0.046795003, 0.054404728), (-0.059419222, 0.053288955, 0.053281114), (-0.059530422, 0.059791747, 0.051069938), (-0.05975543, 0.066333644, 0.04879338), (-0.06003833, 0.0729344, 0.047201917), (-0.060309526, 0.07960054, 0.046105362), (-0.060502816, 0.08632612, 0.04469614), (-0.060571555, 0.09309609, 0.042226106), (-0.060499884, 0.09989094, 0.038170375), (-0.060306393, 0.10669117, 0.03027611), (-0.06003931, 0.11348039, 0.021814354), (-0.059764538, 0.12024672, 0.021814808), (-0.052686326, -0.11948238, 0.021815326), (-0.05266887, -0.11309326, 0.021815326), (-0.052807543, -0.1067434, 0.030100202), (-0.0530645, -0.10035446, 0.037772857), (-0.053374782, -0.093861386, 0.04214806), (-0.053662553, -0.08722831, 0.04542174), (-0.053859565, -0.08045629, 0.047597602), (-0.053921472, -0.073581286, 0.04876921), (-0.053837977, -0.066663265, 0.049411744), (-0.05363451, -0.059769623, 0.050196357), (-0.053365167, -0.052957445, 0.05161368), (-0.05309878, -0.04625933, 0.053632736), (-0.05290159, -0.03967619, 0.05564426), (-0.052820936, -0.03317868, 0.05685665), (-0.052873865, -0.026716378, 0.05693753), (-0.05304343, -0.02023202, 0.0563246), (-0.05328354, -0.013676782, 0.055830393), (-0.053531006, -0.0070226165, 0.055889647), (-0.053721715, -0.00026858825, 0.05622559), (-0.05380688, 0.006560118, 0.05626219), (-0.053765293, 0.013419861, 0.05578453), (-0.05360853, 0.020260533, 0.05513075), (-0.053377856, 0.027038544, 0.054787584), (-0.05313363, 0.033727452, 0.054886233), (-0.052939888, 0.040323637, 0.055080313), (-0.05284798, 0.04684597, 0.05482752), (-0.05288339, 0.053329933, 0.053785052), (-0.053039026, 0.059818085, 0.05204579), (-0.053276736, 0.06634952, 0.05006827), (-0.053536687, 0.07295101, 0.048302185), (-0.053752273, 0.07963186, 0.04675628), (-0.053866927, 0.08638335, 0.044914465), (-0.053848565, 0.09318248, 0.042123087), (-0.053698074, 0.09999858, 0.03791197), (-0.053449675, 0.10680092, 0.030120034), (-0.053162932, 0.113565356, 0.021814238), (-0.052908383, 0.12027857, 0.021815503), (-0.04611632, -0.11961898, 0.021815326), (-0.04607868, -0.113176234, 0.021815326), (-0.046175953, -0.10677263, 0.030051528), (-0.0463779, -0.10033777, 0.038277302), (-0.046631258, -0.09381095, 0.043064326), (-0.0468734, -0.087156974, 0.046106085), (-0.047047734, -0.08037473, 0.04765223), (-0.047117073, -0.073496714, 0.048532765), (-0.047071822, -0.06657961, 0.049542308), (-0.04693109, -0.05968888, 0.050904352), (-0.046736706, -0.052881505, 0.05252179), (-0.046541758, -0.046191428, 0.054327708), (-0.046396732, -0.039621495, 0.05611303), (-0.046336707, -0.0331437, 0.05733846), (-0.046372846, -0.026707416, 0.05758324), (-0.046490278, -0.02025318, 0.05713221), (-0.046652716, -0.013728242, 0.056727998), (-0.04681257, -0.0070997886, 0.056686204), (-0.0469239, -0.00036250963, 0.05661754), (-0.046954736, 0.006461188, 0.056170333), (-0.046895713, 0.013328073, 0.055669755), (-0.046762615, 0.020185985, 0.055667005), (-0.046592336, 0.026987467, 0.05606992), (-0.046433106, 0.03370155, 0.056176234), (-0.04633164, 0.04032079, 0.05557239), (-0.04632041, 0.04686198, 0.054580238), (-0.046408467, 0.053360693, 0.053660065), (-0.046578165, 0.059861407, 0.05273139), (-0.046788838, 0.06640585, 0.051379073), (-0.0469866, 0.07302269, 0.049489442), (-0.047117915, 0.07972108, 0.047292013), (-0.047143526, 0.08648932, 0.04484438), (-0.047049265, 0.09329892, 0.041840468), (-0.04685079, 0.10011243, 0.037806775), (-0.04659102, 0.10689312, 0.03029714), (-0.04633056, 0.11361395, 0.021815281), (-0.04613336, 0.1202636, 0.021816598), (-0.039623223, -0.11981033, 0.021815326), (-0.03956892, -0.11328763, 0.021815326), (-0.039609935, -0.106796645, 0.030163769), (-0.039728258, -0.10028384, 0.03891029), (-0.039889958, -0.09370124, 0.043929722), (-0.040054284, -0.08701995, 0.046712067), (-0.040183816, -0.08023821, 0.047830928), (-0.040253162, -0.073382035, 0.048647523), (-0.040254142, -0.06649826, 0.05006067), (-0.040196355, -0.059642006, 0.05182756), (-0.04010322, -0.052862078, 0.053360663), (-0.040004738, -0.04618817, 0.054635055), (-0.039928973, -0.03962324, 0.0559334), (-0.039894518, -0.033143, 0.05712085), (-0.039905924, -0.026702482, 0.057758134), (-0.039953217, -0.020247793, 0.05780831), (-0.040015496, -0.013729912, 0.057675745), (-0.04006757, -0.00711686, 0.057511095), (-0.040087752, -0.00040115384, 0.0570407), (-0.04006465, 0.0063992366, 0.056307234), (-0.040001053, 0.013246472, 0.056024954), (-0.03991371, 0.020093298, 0.056672595), (-0.0398291, 0.026895495, 0.057536345), (-0.039776113, 0.033623062, 0.0573245), (-0.039777644, 0.040267248, 0.05576651), (-0.039843354, 0.04684181, 0.05401032), (-0.039965633, 0.053378344, 0.05318312), (-0.040120024, 0.059917133, 0.05302158), (-0.040270288, 0.066496044, 0.05232011), (-0.04037697, 0.07314037, 0.050407283), (-0.040407486, 0.07985629, 0.047664937), (-0.040345155, 0.086629525, 0.04472455), (-0.040194824, 0.09342931, 0.041687373), (-0.03998341, 0.10021676, 0.03802019), (-0.039755005, 0.10695514, 0.030772924), (-0.03956137, 0.113619626, 0.021817), (-0.03944998, 0.12020401, 0.021817714), (-0.03318339, -0.12003108, 0.021815326), (-0.033121884, -0.11341182, 0.021815326), (-0.03310235, -0.106810816, 0.030404892), (-0.033121355, -0.10019829, 0.039443687), (-0.033168968, -0.093545675, 0.04447962), (-0.033232015, -0.086835034, 0.0471557), (-0.033297572, -0.080065295, 0.04825536), (-0.03335574, -0.07325362, 0.049225144), (-0.033401087, -0.06643148, 0.05084894), (-0.03343255, -0.059636496, 0.052660327), (-0.033452094, -0.052902393, 0.053922035), (-0.03346262, -0.046249725, 0.054685235), (-0.033466026, -0.03968002, 0.055532027), (-0.033461936, -0.03317488, 0.056644846), (-0.033447716, -0.026700296, 0.057644624), (-0.033419657, -0.020215046, 0.05821692), (-0.033375036, -0.013680904, 0.058390345), (-0.033314336, -0.007071999, 0.058191806), (-0.033242855, -0.0003808659, 0.05757392), (-0.033171006, 0.006380321, 0.05689127), (-0.033112958, 0.01318358, 0.056912012), (-0.033083808, 0.019992907, 0.057848662), (-0.033095766, 0.026773892, 0.05866551), (-0.033154376, 0.0335026, 0.05800014), (-0.033255767, 0.04017138, 0.055828486), (-0.03338587, 0.04679011, 0.053663194), (-0.033522055, 0.05338267, 0.052839596), (-0.03363708, 0.0599796, 0.05300228), (-0.033704724, 0.06660903, 0.052637774), (-0.033705816, 0.0732883, 0.050808236), (-0.033633333, 0.08001854, 0.04790253), (-0.03349524, 0.08678379, 0.044817645), (-0.033314165, 0.09355477, 0.041895), (-0.033123754, 0.10029662, 0.03852647), (-0.032962263, 0.10697842, 0.03132469), (-0.032864634, 0.11358219, 0.021818424), (-0.032854732, 0.12010891, 0.021818317), (-0.02676545, -0.12025148, 0.021815326), (-0.026710186, -0.113530755, 0.021815326), (-0.026636528, -0.10681112, 0.030711178), (-0.026555441, -0.1000904, 0.03967686), (-0.026482051, -0.09336355, 0.044507537), (-0.026432708, -0.08662658, 0.047305714), (-0.02642128, -0.07987998, 0.04883212), (-0.026455501, -0.07313045, 0.050113782), (-0.026534326, -0.06639037, 0.051663205), (-0.02664703, -0.05967494, 0.053165626), (-0.026774453, -0.05299795, 0.054155853), (-0.026892321, -0.046367455, 0.054733396), (-0.026976027, -0.039782573, 0.055404674), (-0.027005916, -0.033232544, 0.05641534), (-0.026971899, -0.02669846, 0.057520036), (-0.02687632, -0.020157238, 0.058344074), (-0.026734319, -0.013586931, 0.058706358), (-0.026571464, -0.006971892, 0.058602855), (-0.026419, -0.00030644564, 0.058185335), (-0.02630767, 0.0064040036, 0.057859868), (-0.02626132, 0.013144728, 0.058082446), (-0.026291689, 0.019895857, 0.058760405), (-0.026395544, 0.026637856, 0.05903213), (-0.026554814, 0.033356797, 0.0580368), (-0.02673981, 0.040047936, 0.055956297), (-0.026914958, 0.046716586, 0.053979706), (-0.027045839, 0.053375974, 0.05306132), (-0.027106162, 0.06004264, 0.052906435), (-0.02708318, 0.06673063, 0.05236754), (-0.026980415, 0.07344619, 0.05068283), (-0.026817104, 0.0801844, 0.048082355), (-0.026624473, 0.08692912, 0.045257904), (-0.026439564, 0.09365624, 0.04249214), (-0.026297899, 0.10033985, 0.039138783), (-0.02622646, 0.106959626, 0.03167925), (-0.026238434, 0.113507725, 0.021818655), (-0.026330745, 0.11999308, 0.02181799), (-0.020334834, -0.12044132, 0.021815326), (-0.02030059, -0.11362648, 0.021815326), (-0.020188477, -0.10679479, 0.03102617), (-0.020021241, -0.099972054, 0.03955984), (-0.019836456, -0.09317762, 0.04399266), (-0.019677877, -0.08642228, 0.047065485), (-0.019585026, -0.07970833, 0.04931209), (-0.019583452, -0.07303142, 0.050994236), (-0.019678095, -0.06638324, 0.052285325), (-0.019851392, -0.05975451, 0.05331796), (-0.020066693, -0.05313708, 0.054193232), (-0.0202763, -0.04652512, 0.054996233), (-0.02043228, -0.039915156, 0.05581502), (-0.0204976, -0.033305272, 0.056704447), (-0.020454919, -0.026694052, 0.05760036), (-0.020310987, -0.020079685, 0.058311153), (-0.020095536, -0.013459606, 0.05867285), (-0.019854888, -0.0068307584, 0.058736213), (-0.019641673, -0.00019028198, 0.05874999), (-0.019503027, 0.0064637116, 0.058909744), (-0.019469956, 0.013131652, 0.05913115), (-0.019550305, 0.019812554, 0.059102774), (-0.019726956, 0.026504595, 0.05856586), (-0.019961646, 0.03320601, 0.057533626), (-0.020203525, 0.039915882, 0.05625993), (-0.020400494, 0.04663442, 0.05503044), (-0.02051073, 0.053362463, 0.053969212), (-0.020511787, 0.060100168, 0.052977297), (-0.02040527, 0.06684535, 0.05181268), (-0.020216063, 0.07359192, 0.050260928), (-0.019986393, 0.080329254, 0.048281077), (-0.019766178, 0.087042965, 0.045970574), (-0.019601872, 0.09371731, 0.043291677), (-0.019526402, 0.10033893, 0.03962464), (-0.01955238, 0.10690116, 0.031677984), (-0.019670073, 0.11340774, 0.021817403), (-0.019850392, 0.11987475, 0.02181669), (-0.013858713, -0.12057409, 0.021815326), (-0.013858781, -0.113683775, 0.021815326), (-0.01373032, -0.106761, 0.031316977), (-0.01350331, -0.09985635, 0.039227534), (-0.013231891, -0.09301111, 0.04314645), (-0.012981358, -0.086249426, 0.04646567), (-0.012812416, -0.07957493, 0.049446307), (-0.012766507, -0.07297252, 0.05155349), (-0.012855739, -0.06641417, 0.052636106), (-0.013059863, -0.05986714, 0.05331346), (-0.013331011, -0.0533024, 0.054267827), (-0.013605087, -0.04670113, 0.05552121), (-0.013817045, -0.040057905, 0.05663956), (-0.013916407, -0.033380143, 0.057396565), (-0.013879305, -0.026684312, 0.057914257), (-0.013714157, -0.019990208, 0.058295485), (-0.0134596545, -0.0133149605, 0.058518756), (-0.013175534, -0.0066683404, 0.05871403), (-0.012928392, -0.00005043245, 0.059136163), (-0.012775915, 0.006547968, 0.059673905), (-0.012753297, 0.01314261, 0.059720334), (-0.012865065, 0.019751625, 0.05887749), (-0.013084218, 0.026391104, 0.057616495), (-0.013358831, 0.033071503, 0.056826655), (-0.0136245005, 0.039795592, 0.056700338), (-0.013819616, 0.04655818, 0.056448594), (-0.013899824, 0.053347357, 0.05527529), (-0.013848234, 0.060146797, 0.05332067), (-0.013679019, 0.06693836, 0.051378187), (-0.0134336185, 0.07370462, 0.04988707), (-0.0131705515, 0.08043085, 0.048530467), (-0.012951349, 0.087106556, 0.046711717), (-0.012825999, 0.09372661, 0.0439941), (-0.01282139, 0.10029208, 0.03983532), (-0.012935435, 0.10681078, 0.031369157), (-0.013138198, 0.1132974, 0.0218152), (-0.013379611, 0.119772896, 0.021814838), (-0.007310715, -0.12063063, 0.021815326), (-0.00735439, -0.1136924, 0.021815326), (-0.0072344774, -0.10671122, 0.031563822), (-0.006982463, -0.09975612, 0.038922902), (-0.0066608055, -0.092884846, 0.04233927), (-0.006347538, -0.086131275, 0.045701362), (-0.0061173444, -0.079499334, 0.049144074), (-0.0060237017, -0.072964504, 0.051638253), (-0.006086367, -0.066482194, 0.0527867), (-0.006287157, -0.060000364, 0.053439822), (-0.0065749264, -0.05347309, 0.05457987), (-0.0068784296, -0.046871524, 0.05616624), (-0.007123861, -0.040189713, 0.057453323), (-0.0072527668, -0.033444103, 0.058070213), (-0.007235988, -0.026667342, 0.05828656), (-0.0070803077, -0.019898335, 0.058410708), (-0.00682627, -0.013171368, 0.058508698), (-0.006537815, -0.0065071485, 0.058730356), (-0.006286342, 0.00009206605, 0.059301957), (-0.006133152, 0.0066422876, 0.059929885), (-0.0061145653, 0.013172959, 0.059746344), (-0.0062333187, 0.019719005, 0.058377855), (-0.0064582843, 0.026311964, 0.05677814), (-0.006732488, 0.03297248, 0.056336273), (-0.0069873934, 0.03970586, 0.057122383), (-0.007159887, 0.046501484, 0.057611674), (-0.007207786, 0.053335868, 0.056414235), (-0.007120074, 0.060178306, 0.05383783), (-0.006919385, 0.066997506, 0.051355526), (-0.0066562025, 0.07376763, 0.049840275), (-0.006396228, 0.080472566, 0.04880562), (-0.006204087, 0.08710776, 0.047205485), (-0.0061273817, 0.093679704, 0.04434832), (-0.0061850166, 0.10020369, 0.039774504), (-0.0063626342, 0.10670056, 0.03097287), (-0.0066162543, 0.11319336, 0.021813119), (-0.0068831863, 0.11970439, 0.021813162), (-0.0006747124, -0.12060191, 0.021815326), (-0.00076549075, -0.11364876, 0.021815326), (-0.0006778938, -0.10664937, 0.03173989), (-0.00043888477, -0.099682465, 0.038854703), (-0.00010983939, -0.09281447, 0.041933272), (0.00022893633, -0.08608387, 0.04507361), (0.00049775746, -0.07949331, 0.04853803), (0.00063642743, -0.07301108, 0.05131068), (0.0006179319, -0.06658113, 0.05287382), (0.00045380375, -0.060138755, 0.05388471), (0.0001900754, -0.05362753, 0.055177383), (-0.000104974955, -0.047013238, 0.056695636), (-0.0003581177, -0.040291283, 0.057802252), (-0.0005091853, -0.033486027, 0.058269333), (-0.0005253996, -0.02664268, 0.05844826), (-0.00040859418, -0.019814251, 0.05862709), (-0.0001937213, -0.0130471615, 0.05877631), (0.00006080191, -0.006369344, 0.058945805), (0.0002883525, 0.00021626438, 0.059332892), (0.00043107444, 0.006731444, 0.05971766), (0.00045431196, 0.013216092, 0.059365064), (0.0003549451, 0.019717341, 0.057998993), (0.00016163383, 0.026277417, 0.056566533), (-0.00007298209, 0.032923363, 0.05636279), (-0.0002860743, 0.039661072, 0.05735629), (-0.0004208773, 0.04647485, 0.05797664), (-0.00044128322, 0.05333216, 0.056842715), (-0.0003411058, 0.06019204, 0.054283764), (-0.0001456959, 0.06701484, 0.051779054), (0.00009448275, 0.07377087, 0.050196394), (0.00031669097, 0.08044597, 0.049048033), (0.0004619317, 0.08704309, 0.047298152), (0.00049011665, 0.093579985, 0.044279408), (0.00039055842, 0.10008395, 0.039572433), (0.00018512335, 0.106585324, 0.030741911), (-0.000076795346, 0.113111295, 0.02181219), (-0.00033028802, 0.119681396, 0.021812353), (0.006052891, -0.12049033, 0.021815326), (0.005918094, -0.113556616, 0.021815326), (0.005954354, -0.106581494, 0.031804975), (0.0061446335, -0.099643454, 0.039075192), (0.0064378246, -0.09280854, 0.042104244), (0.006762, -0.086113825, 0.04485232), (0.0070419763, -0.07955905, 0.04791697), (0.0072169206, -0.07310815, 0.05078897), (0.0072538457, -0.0667001, 0.05298476), (0.0071539427, -0.060265757, 0.054600105), (0.006950524, -0.053746127, 0.055918597), (0.0066993786, -0.047107246, 0.05692576), (0.006464153, -0.040347893, 0.057493027), (0.0063004964, -0.033498462, 0.057800684), (0.006242866, -0.026611628, 0.058212835), (0.006297135, -0.019747628, 0.058787655), (0.006440612, -0.012958246, 0.059235424), (0.0066292086, -0.006273695, 0.059387874), (0.006809716, 0.00030430758, 0.05938824), (0.0069339485, 0.006801773, 0.05930192), (0.0069711097, 0.013264565, 0.05887829), (0.006915288, 0.0197458, 0.05799741), (0.006786272, 0.026292019, 0.05713289), (0.0066236174, 0.03293171, 0.0569337), (0.0064756083, 0.039669037, 0.057320602), (0.006386058, 0.046483982, 0.057379875), (0.006382387, 0.05333856, 0.056342665), (0.006468099, 0.060187113, 0.054418728), (0.0066215917, 0.0669878, 0.05243026), (0.0068016415, 0.07371242, 0.050803866), (0.006958155, 0.08035223, 0.04920451), (0.0070454394, 0.08691853, 0.04703881), (0.0070345765, 0.09343851, 0.043914355), (0.0069216755, 0.099947594, 0.039390147), (0.0067298138, 0.10648055, 0.030805474), (0.006504047, 0.11306361, 0.021812802), (0.0063006184, 0.1197094, 0.021812724), (0.012862679, -0.12030968, 0.021815326), (0.012693225, -0.11342686, 0.021815326), (0.01266667, -0.10651525, 0.031724177), (0.012779877, -0.09964322, 0.039451484), (0.012999659, -0.09286737, 0.042748462), (0.013271798, -0.08621742, 0.04513171), (0.013534321, -0.07968871, 0.047566894), (0.013731797, -0.07324415, 0.05031914), (0.01382731, -0.06682473, 0.05309226), (0.0138094835, -0.0603657, 0.055307545), (0.013693195, -0.053813826, 0.056534734), (0.013514155, -0.047141116, 0.056827024), (0.013318995, -0.040351484, 0.05672035), (0.01315347, -0.033478826, 0.05687498), (0.013051704, -0.026577273, 0.057613492), (0.013029019, -0.01970648, 0.05871375), (0.0130798835, -0.012916028, 0.05962348), (0.01318116, -0.006233016, 0.059912886), (0.013299553, 0.00034395556, 0.05958503), (0.013401117, 0.0068431697, 0.059006136), (0.013460305, 0.01331125, 0.05856016), (0.013466206, 0.019800257, 0.05834988), (0.013424523, 0.02635399, 0.05817982), (0.0133548975, 0.0329971, 0.05778356), (0.013284498, 0.03972973, 0.057062156), (0.013239704, 0.04652876, 0.056129828), (0.013238201, 0.05335505, 0.055154882), (0.013283635, 0.060164448, 0.05416141), (0.013364288, 0.06691953, 0.05297871), (0.013456155, 0.07359896, 0.05137889), (0.013529587, 0.08020227, 0.049255345), (0.013557754, 0.08674901, 0.046640705), (0.013524654, 0.09327278, 0.043496616), (0.013430452, 0.0998121, 0.039318107), (0.013292651, 0.10640035, 0.031092197), (0.013142623, 0.11305763, 0.021814497), (0.013018232, 0.119786255, 0.021814032), (0.019733632, -0.12008338, 0.021815326), (0.019543856, -0.113276176, 0.021815326), (0.019452162, -0.106459014, 0.031500578), (0.019471297, -0.09968154, 0.039747506), (0.019591017, -0.09298308, 0.043529995), (0.019781515, -0.086380996, 0.04576426), (0.020000754, -0.07986536, 0.047614917), (0.020203875, -0.073401414, 0.05005522), (0.020352602, -0.06693892, 0.053080276), (0.020422567, -0.060425766, 0.055644747), (0.020407196, -0.053822048, 0.056758985), (0.020317523, -0.04711068, 0.056521792), (0.020178301, -0.040301803, 0.055952262), (0.020021558, -0.03342984, 0.056001037), (0.019879213, -0.026544183, 0.056912858), (0.019776464, -0.019696185, 0.058333978), (0.01972733, -0.012925933, 0.05965319), (0.01973315, -0.006252453, 0.06025788), (0.019784033, 0.00033026582, 0.059894565), (0.019862646, 0.0068505094, 0.059019767), (0.019949174, 0.013350344, 0.05852595), (0.020026136, 0.019873865, 0.058793552), (0.02008193, 0.02645544, 0.059129216), (0.020112375, 0.03311109, 0.058480736), (0.020120109, 0.039835196, 0.056712124), (0.020112282, 0.046603173, 0.054837734), (0.020097367, 0.05337919, 0.053860713), (0.020082107, 0.06012666, 0.053647924), (0.020069476, 0.06681858, 0.05317133), (0.02005819, 0.07344496, 0.05166109), (0.02004383, 0.08001545, 0.049215537), (0.02002113, 0.08655658, 0.046348594), (0.019986704, 0.093104534, 0.04324281), (0.019941265, 0.09969539, 0.03933134), (0.019890616, 0.106355526, 0.03137934), (0.019844992, 0.11309449, 0.021816231), (0.019816812, 0.11990222, 0.021815605), (0.026636215, -0.119841434, 0.021815326), (0.026443377, -0.113124944, 0.021815326), (0.026293647, -0.106420815, 0.03119566), (0.02621533, -0.099753864, 0.03976648), (0.026222825, -0.09314063, 0.04404913), (0.02631391, -0.08658281, 0.046421643), (0.026470302, -0.08006516, 0.04796748), (0.026661359, -0.07355847, 0.050008815), (0.02685019, -0.06702692, 0.05283772), (0.027000906, -0.060437627, 0.055368632), (0.027085584, -0.053769756, 0.056453846), (0.027089564, -0.047020525, 0.056187294), (0.027014043, -0.040206395, 0.055643287), (0.026875487, -0.033359148, 0.055690188), (0.026702058, -0.026517807, 0.05646883), (0.026527809, -0.019718768, 0.057751298), (0.02638587, -0.012986714, 0.05918429), (0.026301997, -0.006328829, 0.060164567), (0.026289789, 0.00026620884, 0.060125314), (0.026348472, 0.006824275, 0.059291884), (0.026463615, 0.013378085, 0.05870716), (0.026610553, 0.019957915, 0.059012122), (0.026759699, 0.02658335, 0.059445873), (0.026882624, 0.033258297, 0.05863931), (0.026957614, 0.039970573, 0.056392465), (0.0269736, 0.046696108, 0.054082718), (0.026931712, 0.05340649, 0.053072028), (0.026844293, 0.060077734, 0.05315581), (0.02673165, 0.06669783, 0.05295922), (0.026617391, 0.07327093, 0.051542196), (0.026523402, 0.079817116, 0.04911255), (0.026465522, 0.086367615, 0.046292517), (0.02645083, 0.0929569, 0.04322485), (0.026476998, 0.0996135, 0.039323486), (0.026533725, 0.10635214, 0.03143664), (0.02660577, 0.113168955, 0.021816984), (0.02667679, 0.12004126, 0.021816688), (0.033536676, -0.11961652, 0.021815326), (0.033358566, -0.11299445, 0.021815326), (0.03316626, -0.106407225, 0.030914951), (0.033001047, -0.0998519, 0.039467514), (0.032900125, -0.09331978, 0.04404524), (0.032888085, -0.08679591, 0.046759322), (0.032970857, -0.080260605, 0.048375797), (0.033133674, -0.073692955, 0.050080713), (0.03334365, -0.06707547, 0.05235102), (0.033556532, -0.060398564, 0.054495502), (0.03372624, -0.053663597, 0.055672925), (0.033815075, -0.046883315, 0.055932965), (0.033802304, -0.040079508, 0.055951513), (0.03368916, -0.033278193, 0.056144286), (0.03349893, -0.026503624, 0.056526933), (0.03327215, -0.019772585, 0.05719908), (0.0330578, -0.013090616, 0.05831486), (0.032902498, -0.0064511457, 0.05951642), (0.032840095, 0.00016213923, 0.060015716), (0.03288404, 0.006770334, 0.05956912), (0.03302431, 0.013393094, 0.058926158), (0.033229616, 0.020042878, 0.058841795), (0.033454407, 0.026721273, 0.058930874), (0.033649128, 0.033418484, 0.058109194), (0.033771385, 0.040116176, 0.056138057), (0.033795428, 0.046792965, 0.05410217), (0.033717826, 0.05343113, 0.053100374), (0.03355802, 0.060022626, 0.052934945), (0.033353616, 0.0665728, 0.052494537), (0.03315157, 0.073100604, 0.05110148), (0.032997295, 0.07963513, 0.048959665), (0.03292426, 0.086209156, 0.046414863), (0.032946482, 0.09285126, 0.04334188), (0.033055637, 0.09957837, 0.039190833), (0.03322347, 0.10639068, 0.03117487), (0.033408806, 0.113270156, 0.021816354), (0.033567533, 0.12018317, 0.021816825), (0.040401965, -0.11943952, 0.021815326), (0.04025454, -0.11290398, 0.021815326), (0.04004131, -0.106422365, 0.03075834), (0.039812032, -0.0999646, 0.038986128), (0.03962162, -0.09349777, 0.04352599), (0.039516933, -0.08699174, 0.046598047), (0.039525244, -0.080424264, 0.048584677), (0.039647203, -0.073784724, 0.05013905), (0.039856125, -0.06707569, 0.05172848), (0.04010385, -0.060311936, 0.05329643), (0.040331934, -0.053516995, 0.054629862), (0.040485512, -0.046718024, 0.05573405), (0.040526565, -0.039939992, 0.056633193), (0.040443346, -0.033200476, 0.05711409), (0.040253647, -0.026506245, 0.05705879), (0.040000994, -0.01985242, 0.056906138), (0.039744623, -0.013224402, 0.057338122), (0.039545484, -0.006602157, 0.058417), (0.03945168, 0.000034209424, 0.05939014), (0.039486773, 0.0066989, 0.05954899), (0.03964383, 0.0133963255, 0.059007246), (0.039886728, 0.020119507, 0.058362402), (0.040158466, 0.026851462, 0.057817522), (0.0403946, 0.033569325, 0.057048056), (0.040538605, 0.040250275, 0.055886623), (0.04055548, 0.046877827, 0.054681547), (0.040440347, 0.053446967, 0.053790495), (0.04021985, 0.059966758, 0.053046554), (0.039946053, 0.06645969, 0.052010566), (0.039684117, 0.07295777, 0.050537746), (0.039496772, 0.07949606, 0.048744828), (0.039429236, 0.08610516, 0.046512038), (0.039498214, 0.09280424, 0.043392196), (0.039687708, 0.099596165, 0.038907856), (0.039952654, 0.106466, 0.03070634), (0.040229596, 0.1133831, 0.021814788), (0.040451877, 0.120306514, 0.021816093), (0.047204502, -0.11933532, 0.021815326), (0.04709998, -0.11286807, 0.021815326), (0.04689073, -0.10646713, 0.030760717), (0.046629157, -0.10007944, 0.03854741), (0.04638027, -0.09365225, 0.04275287), (0.04620562, -0.087144025, 0.046018966), (0.04614814, -0.08053261, 0.048472423), (0.046221536, -0.073818766, 0.050089028), (0.046406876, -0.06702452, 0.051137134), (0.046657294, -0.06018686, 0.052151788), (0.04690958, -0.053348403, 0.053595513), (0.047099892, -0.046547275, 0.055462103), (0.047179747, -0.03980859, 0.057179417), (0.04712821, -0.033139452, 0.05801651), (0.046957362, -0.02652851, 0.05774615), (0.04670953, -0.019949993, 0.05695056), (0.046446975, -0.0133710895, 0.05658827), (0.046236474, -0.0067607937, 0.05716285), (0.0461326, -0.000098039105, 0.05828562), (0.046163846, 0.0066228495, 0.059053477), (0.04632506, 0.013390632, 0.058851313), (0.046578202, 0.020179875, 0.057817746), (0.04686128, 0.026957193, 0.056619246), (0.047103424, 0.033689503, 0.055839375), (0.047242425, 0.040352274, 0.055540755), (0.047240447, 0.046935905, 0.05529996), (0.04709395, 0.053448636, 0.054611403), (0.046835344, 0.05991547, 0.053310484), (0.046525724, 0.06637324, 0.051666167), (0.04624043, 0.072862975, 0.05004488), (0.046050746, 0.07942138, 0.048441894), (0.046006277, 0.086073026, 0.046362653), (0.04612223, 0.09282522, 0.043198217), (0.04637493, 0.09966633, 0.038545083), (0.046706688, 0.10656805, 0.03027917), (0.047039125, 0.11349088, 0.021813307), (0.047291763, 0.12039166, 0.021815041), (0.053926133, -0.11931936, 0.021815326), (0.053871796, -0.112894244, 0.021815326), (0.05369144, -0.10653876, 0.030860815), (0.05343374, -0.100183904, 0.038325682), (0.053164728, -0.093764156, 0.042091075), (0.05295121, -0.087232284, 0.045313682), (0.052844223, -0.08056934, 0.04809868), (0.052866727, -0.07378752, 0.049896583), (0.053008437, -0.0669254, 0.050694168), (0.053229038, -0.06003725, 0.051351372), (0.053468883, -0.053178936, 0.052778203), (0.053664494, -0.04639426, 0.054986343), (0.05376485, -0.039704915, 0.057111345), (0.053744417, -0.033106435, 0.05824712), (0.053609654, -0.0265708, 0.058129665), (0.05339725, -0.020054858, 0.057193782), (0.053164653, -0.013512147, 0.056262), (0.052975163, -0.006905099, 0.056116346), (0.05288143, -0.00021455572, 0.056966193), (0.052911524, 0.006555659, 0.058121204), (0.053061146, 0.013380063, 0.058439326), (0.0532941, 0.02021821, 0.05742272), (0.053550966, 0.02702496, 0.055823177), (0.053763967, 0.033761684, 0.05489994), (0.053874303, 0.040405728, 0.05505597), (0.05384764, 0.046955857, 0.055439405), (0.05368377, 0.053432606, 0.054952472), (0.05341784, 0.059873536, 0.053398043), (0.053112697, 0.06632474, 0.051451456), (0.05284396, 0.07283061, 0.04970421), (0.052681435, 0.07942429, 0.048033617), (0.0526714, 0.08612088, 0.045863174), (0.052824184, 0.092914775, 0.04271034), (0.053110264, 0.09978146, 0.038220357), (0.053466085, 0.106683195, 0.030125188), (0.053808462, 0.113577105, 0.02181291), (0.054054163, 0.1204238, 0.021814363), (0.060560703, -0.11939533, 0.021815326), (0.06055856, -0.112981796, 0.021815326), (0.060428914, -0.10663094, 0.030923842), (0.060210556, -0.10026687, 0.0383366), (0.05996137, -0.093820155, 0.041805837), (0.059743464, -0.08724465, 0.0448124), (0.05960779, -0.08052779, 0.04763676), (0.059582062, -0.07369215, 0.049566057), (0.059664838, -0.06678817, 0.050387546), (0.05982709, -0.059880197, 0.05095571), (0.060020708, -0.053029634, 0.05224485), (0.060191616, -0.046279546, 0.054272603), (0.060294095, -0.039644614, 0.05625441), (0.060302634, -0.033108756, 0.05750885), (0.06021827, -0.02663066, 0.057845805), (0.060067877, -0.020155549, 0.057340804), (0.059896633, -0.0136298975, 0.056315005), (0.059755605, -0.007015261, 0.055536713), (0.059687786, -0.0002977166, 0.05580403), (0.05971615, 0.0065092635, 0.056970187), (0.059836958, 0.013368993, 0.057784658), (0.06002006, 0.020231461, 0.05718982), (0.060216337, 0.027046228, 0.0556103), (0.06037036, 0.033775013, 0.054475363), (0.06043513, 0.04040084, 0.05448956), (0.060385145, 0.046931688, 0.05487408), (0.060224224, 0.053397957, 0.054456662), (0.059986055, 0.059844688, 0.05301989), (0.059726935, 0.0663206, 0.051207542), (0.059512403, 0.07286677, 0.049450446), (0.059400886, 0.079507604, 0.04752711), (0.05942846, 0.086246125, 0.04508953), (0.05959853, 0.093064286, 0.042032264), (0.059879284, 0.09992813, 0.03801879), (0.06020979, 0.10679607, 0.030314798), (0.06051353, 0.11362832, 0.021813976), (0.06071636, 0.12039527, 0.021814516), (0.06711486, -0.11955456, 0.021815326), (0.067162134, -0.11312154, 0.021815326), (0.06709932, -0.106734306, 0.03081223), (0.06695021, -0.10031981, 0.038426857), (0.06675647, -0.09381427, 0.041916326), (0.06656659, -0.08717949, 0.04468536), (0.06642386, -0.080411986, 0.0472394), (0.06635637, -0.07354275, 0.049103156), (0.066371165, -0.066628054, 0.05008257), (0.06645419, -0.05973396, 0.05079393), (0.066575356, -0.052918814, 0.051914483), (0.06669752, -0.046218317, 0.053410005), (0.06678684, -0.03963707, 0.05482695), (0.06682162, -0.033148486, 0.0559676), (0.06679766, -0.02670281, 0.05682075), (0.066728555, -0.020240879, 0.057096414), (0.06664111, -0.013709785, 0.056488335), (0.06656715, -0.007076335, 0.055452406), (0.06653406, -0.00033489548, 0.055086043), (0.06655648, 0.0064921677, 0.05586218), (0.06663171, 0.013361263, 0.05688763), (0.066739865, 0.020219514, 0.05689571), (0.06684894, 0.027018571, 0.055762485), (0.06692359, 0.03372669, 0.05452564), (0.06693516, 0.04033608, 0.05397043), (0.06687043, 0.04686388, 0.053774312), (0.06673658, 0.05334683, 0.053204056), (0.06656085, 0.0598313, 0.052098818), (0.066384874, 0.06636139, 0.050739817), (0.06625466, 0.072968245, 0.049121708), (0.066208936, 0.07966305, 0.046948377), (0.06626848, 0.086435355, 0.044249628), (0.06642949, 0.09325672, 0.04135819), (0.06666268, 0.1000885, 0.03793587), (0.06691876, 0.106891654, 0.030708093), (0.06713919, 0.113636024, 0.021816038), (0.0672698, 0.12030692, 0.02181546), (0.07360693, -0.119776934, 0.021815326), (0.07369723, -0.11329679, 0.021815326), (0.073709935, -0.10683736, 0.03046708), (0.073650375, -0.10033774, 0.03836648), (0.07353817, -0.09374856, 0.04218574), (0.0734016, -0.08704563, 0.044832062), (0.07327055, -0.080236316, 0.04692676), (0.07316989, -0.07335725, 0.048498336), (0.07311456, -0.06646399, 0.04961317), (0.073107615, -0.059615817, 0.05058957), (0.0731412, -0.052859772, 0.051616773), (0.0732001, -0.046218347, 0.05254633), (0.07326655, -0.039684027, 0.05329391), (0.07332517, -0.033221915, 0.054146823), (0.073366486, -0.026779586, 0.05530993), (0.07338843, -0.020301221, 0.056326885), (0.07339547, -0.0137422085, 0.05644541), (0.07339588, -0.0070802695, 0.055640284), (0.073398046, -0.0003203025, 0.054853134), (0.07340703, 0.006508088, 0.054955386), (0.07342245, 0.013359445, 0.05573543), (0.07343826, 0.020185078, 0.056216635), (0.0734447, 0.026945958, 0.055803217), (0.07343168, 0.03362247, 0.05475345), (0.07339262, 0.040218584, 0.05360418), (0.073327735, 0.046759598, 0.052573733), (0.07324549, 0.05328435, 0.051646795), (0.073161714, 0.059834197, 0.05082271), (0.07309644, 0.06644181, 0.049947362), (0.07306902, 0.073122784, 0.048556976), (0.07309281, 0.07987204, 0.046319284), (0.0731708, 0.08666585, 0.043558), (0.07329344, 0.09346861, 0.040862504), (0.07343937, 0.10024248, 0.037880726), (0.07357929, 0.106957264, 0.031032592), (0.07368207, 0.11359797, 0.021818051), (0.07372191, 0.12016832, 0.021816691), (0.080064185, -0.12003347, 0.021815326), (0.08018899, -0.11348537, 0.021815326), (0.080277674, -0.10692781, 0.029951442), (0.08031573, -0.10031964, 0.03798639), (0.08029794, -0.09363275, 0.042250313), (0.080228984, -0.086861186, 0.04492515), (0.080122314, -0.08002371, 0.046568498), (0.07999746, -0.07315924, 0.04774283), (0.07987646, -0.06631633, 0.048897613), (0.07978, -0.05953996, 0.050130118), (0.07972386, -0.05285915, 0.051178314), (0.079716414, -0.046278995, 0.051777165), (0.07975745, -0.03977927, 0.052080266), (0.07983849, -0.033319917, 0.052625068), (0.07994454, -0.026851784, 0.05375699), (0.08005685, -0.020329623, 0.05513022), (0.080156215, -0.013723704, 0.055940013), (0.08022624, -0.007026966, 0.05572434), (0.08025605, -0.00025582933, 0.05486585), (0.08024191, 0.006555333, 0.054232024), (0.08018762, 0.013364365, 0.054347564), (0.08010364, 0.02013322, 0.054948874), (0.08000509, 0.026838226, 0.055280924), (0.079909, 0.033475984, 0.05475394), (0.079831384, 0.040063377, 0.053374637), (0.07978458, 0.046631925, 0.051688876), (0.07977525, 0.053218115, 0.050338853), (0.0798035, 0.059852626, 0.049541883), (0.07986311, 0.06655132, 0.04888552), (0.07994284, 0.07331056, 0.04768299), (0.080028586, 0.08010795, 0.045635015), (0.08010588, 0.08690828, 0.04310956), (0.0801624, 0.09367297, 0.040605534), (0.080189906, 0.100370355, 0.037734978), (0.08018547, 0.10698427, 0.031040454), (0.08015161, 0.113518596, 0.021818977), (0.08009554, 0.11999674, 0.021817526), (0.08651869, -0.12029013, 0.021815326), (0.0866689, -0.11366246, 0.021815326), (0.086826086, -0.10699408, 0.02942488), (0.08695667, -0.10026847, 0.03727687), (0.087031215, -0.093482785, 0.04181396), (0.08703118, -0.086651124, 0.044587806), (0.086953595, -0.07980266, 0.04596987), (0.08681234, -0.07297494, 0.046858598), (0.0866358, -0.06620427, 0.047998015), (0.086461045, -0.05951578, 0.04937497), (0.08632595, -0.0529162, 0.05049243), (0.08626075, -0.04639137, 0.05106747), (0.08628115, -0.039909482, 0.051321875), (0.08638441, -0.033429086, 0.051713213), (0.08654952, -0.02690978, 0.052548066), (0.08674149, -0.02032262, 0.053770814), (0.08691887, -0.013657313, 0.054922603), (0.08704284, -0.00692424, 0.05534604), (0.08708597, -0.00015078198, 0.05472043), (0.08703846, 0.006627003, 0.05353524), (0.0869105, 0.01337496, 0.05282344), (0.08673021, 0.020070668, 0.05316988), (0.086537406, 0.02670976, 0.05402408), (0.08637469, 0.033306938, 0.05420508), (0.086277895, 0.03989143, 0.053111166), (0.08626796, 0.046498176, 0.051262617), (0.08634619, 0.05315723, 0.049618434), (0.08649398, 0.05988436, 0.048567176), (0.086677164, 0.06667551, 0.047725014), (0.08685387, 0.073506705, 0.046545666), (0.08698417, 0.0803395, 0.044862054), (0.08703926, 0.087130554, 0.04282708), (0.08700803, 0.09384278, 0.040504657), (0.08689949, 0.10045527, 0.037425216), (0.08674048, 0.10696921, 0.030649817), (0.08656921, 0.113408536, 0.021818368), (0.086426176, 0.11981494, 0.02181747), (0.09300254, -0.12051227, 0.021815326), (0.09316974, -0.113803826, 0.021815326), (0.09338111, -0.10702672, 0.02905779), (0.09358689, -0.10019069, 0.036387857), (0.09373731, -0.09331869, 0.040801056), (0.093794584, -0.08644389, 0.04360524), (0.09374239, -0.079603344, 0.0450039), (0.0935904, -0.07282972, 0.045908444), (0.09337262, -0.06614337, 0.047077063), (0.093139775, -0.059546713, 0.048440438), (0.092947535, -0.053022977, 0.049543977), (0.09284318, -0.046539642, 0.050263718), (0.092853986, -0.040056102, 0.050803743), (0.09298016, -0.0335336, 0.05129552), (0.09319416, -0.026944833, 0.051797554), (0.09344666, -0.020280682, 0.052514985), (0.09367792, -0.013552106, 0.053532038), (0.09383194, -0.0067866775, 0.054321144), (0.093869984, -0.000020540618, 0.054052945), (0.09378033, 0.006712005, 0.05268019), (0.093581624, 0.013388477, 0.051338848), (0.09331911, 0.020004943, 0.0512276), (0.093054295, 0.026577571, 0.052220605), (0.092850536, 0.033138465, 0.053002447), (0.09275788, 0.03972679, 0.052552663), (0.09280079, 0.04637755, 0.051081125), (0.092971765, 0.053111054, 0.0494221), (0.093232505, 0.059925973, 0.04798523), (0.09352248, 0.06679801, 0.04663836), (0.09377301, 0.07368465, 0.045277085), (0.09392353, 0.08053496, 0.043962482), (0.09393627, 0.087301984, 0.042510364), (0.09380564, 0.09395455, 0.040379375), (0.09356018, 0.10048549, 0.036958646), (0.09325636, 0.10691425, 0.02998502), (0.09296552, 0.11328313, 0.021816593), (0.09275714, 0.11964814, 0.021816496), (0.0995431, -0.120669395, 0.021815326), (0.099720255, -0.113889165, 0.021815326), (0.099966444, -0.10701981, 0.028931191), (0.1002204, -0.10009546, 0.035532244), (0.10041858, -0.09316186, 0.03938592), (0.10051087, -0.08626753, 0.042048886), (0.10047318, -0.079453565, 0.0437016), (0.10031375, -0.072744645, 0.044965435), (0.10007154, -0.06614341, 0.046273384), (0.09980695, -0.059629757, 0.0474806), (0.099587046, -0.053165473, 0.048387), (0.09946891, -0.04670324, 0.04919275), (0.09948511, -0.040197935, 0.050115414), (0.099635, -0.033617463, 0.050918184), (0.09988414, -0.02695035, 0.0512843), (0.100172095, -0.020208156, 0.051464055), (0.10042689, -0.013421926, 0.051986728), (0.10058272, -0.0066335755, 0.052704975), (0.10059654, 0.00011566086, 0.052717365), (0.10045949, 0.0067967046, 0.051561784), (0.10020015, 0.013400993, 0.050070353), (0.09987856, 0.019943433, 0.049551383), (0.099572405, 0.026459033, 0.050283216), (0.099358365, 0.03299397, 0.05127703), (0.09929315, 0.03959328, 0.051477283), (0.099398956, 0.04628841, 0.050703667), (0.09965686, 0.05308781, 0.04932834), (0.10001007, 0.059973218, 0.04759907), (0.10037654, 0.06690267, 0.045688886), (0.10066807, 0.07381968, 0.04402421), (0.10081148, 0.08066643, 0.042929508), (0.10076672, 0.08739759, 0.041952364), (0.10053758, 0.09399153, 0.04003792), (0.10017214, 0.100456, 0.036397528), (0.09975251, 0.106826864, 0.029292805), (0.09937627, 0.11316035, 0.02181461), (0.09913362, 0.11952058, 0.021815049), (0.106158935, -0.12073927, 0.021815326), (0.10634047, -0.11390495, 0.021815326), (0.106599286, -0.10697186, 0.028979843), (0.10686848, -0.09999347, 0.034852255), (0.10707911, -0.09303222, 0.037887193), (0.10717752, -0.086145885, 0.04023966), (0.10713884, -0.07937488, 0.042238183), (0.10697347, -0.07273344, 0.04405287), (0.10672453, -0.066206925, 0.045574635), (0.10645724, -0.059755795, 0.046547864), (0.10624241, -0.053325485, 0.047094613), (0.106138386, -0.046859745, 0.047780566), (0.10617581, -0.040314205, 0.04891652), (0.10634913, -0.033666875, 0.050062202), (0.10661713, -0.026922965, 0.05057181), (0.10691254, -0.020112827, 0.050483346), (0.10715853, -0.013283536, 0.05044316), (0.10728803, -0.006486238, 0.050734874), (0.10726129, 0.00023751822, 0.05083723), (0.10707692, 0.006867003, 0.0501903), (0.10677379, 0.013408161, 0.049080886), (0.10642282, 0.019892551, 0.04839187), (0.1061104, 0.02636957, 0.048589397), (0.105917476, 0.032893863, 0.04929709), (0.10589905, 0.039511073, 0.049820717), (0.106069505, 0.04624558, 0.049716167), (0.106397256, 0.053093273, 0.048794188), (0.1068106, 0.060021438, 0.04702892), (0.10721355, 0.066975676, 0.044792015), (0.107508205, 0.0738924, 0.042879686), (0.1076184, 0.0807138, 0.04180606), (0.107508935, 0.08740158, 0.04104883), (0.10719563, 0.09394617, 0.039355017), (0.10674346, 0.100369245, 0.035791084), (0.10625289, 0.1067188, 0.028787058), (0.10583722, 0.11305823, 0.021813406), (0.10559626, 0.11945203, 0.021813797), (0.112857066, -0.120711096, 0.021815326), (0.1130383, -0.11384647, 0.021815326), (0.11328705, -0.10688622, 0.029014304), (0.11353715, -0.09989572, 0.03432937), (0.11372326, -0.09294563, 0.036588665), (0.11379745, -0.086095355, 0.03856734), (0.11374137, -0.07937952, 0.040818945), (0.11357097, -0.072800465, 0.04309322), (0.11333251, -0.06632862, 0.044775113), (0.11309073, -0.05991063, 0.04552562), (0.11291222, -0.053482994, 0.04570704), (0.11284801, -0.046987947, 0.046103742), (0.112919904, -0.040387504, 0.04713785), (0.11311393, -0.03367234, 0.048431214), (0.11338302, -0.026863249, 0.04924071), (0.113658085, -0.02000504, 0.049267482), (0.11386524, -0.013154415, 0.0489008), (0.11394477, -0.006365015, 0.048681103), (0.11386715, 0.00032660554, 0.048702102), (0.11364203, 0.0069105118, 0.048637174), (0.1133176, 0.013406056, 0.048236497), (0.112970226, 0.019857042, 0.047646116), (0.11268656, 0.026320618, 0.04725247), (0.112542294, 0.032852728, 0.04731139), (0.11258272, 0.039493773, 0.047705848), (0.11281004, 0.046258066, 0.047949165), (0.1131806, 0.053129736, 0.047440443), (0.113613434, 0.06006606, 0.045913294), (0.1140081, 0.067007415, 0.04376741), (0.1142681, 0.073891416, 0.041844048), (0.114324294, 0.0806677, 0.0406636), (0.11415265, 0.0873098, 0.039834384), (0.1137819, 0.093821354, 0.03830252), (0.11328894, 0.100234985, 0.035113804), (0.11278255, 0.10660451, 0.028517166), (0.112379074, 0.112992294, 0.021813454), (0.11217542, 0.11945488, 0.021813283), (0.119631976, -0.12058709, 0.021815326), (0.11980818, -0.113718726, 0.021815326), (0.12002576, -0.10677099, 0.028812388), (0.12022561, -0.099812314, 0.03378861), (0.12035437, -0.09291189, 0.035582986), (0.120378144, -0.08612263, 0.037263583), (0.12029126, -0.079468586, 0.0395313), (0.1201178, -0.072939776, 0.04190509), (0.119905464, -0.066495754, 0.043553136), (0.11971335, -0.06007664, 0.04417331), (0.11959651, -0.053618737, 0.04419497), (0.119591266, -0.04707074, 0.044323176), (0.11970505, -0.040406354, 0.04498495), (0.11991347, -0.033630233, 0.04608056), (0.12016542, -0.026775934, 0.047096275), (0.12039539, -0.019896533, 0.047497705), (0.120539844, -0.013050504, 0.047196016), (0.1205538, -0.0062864963, 0.046680957), (0.120423354, 0.00036906765, 0.046566434), (0.12017091, 0.006918511, 0.046930656), (0.11985147, 0.013391991, 0.047213938), (0.11954051, 0.01983953, 0.046874113), (0.1193163, 0.02631812, 0.046050537), (0.11924057, 0.03287721, 0.045411605), (0.11934241, 0.03954628, 0.045354784), (0.1196094, 0.046327524, 0.04552867), (0.119988434, 0.053195395, 0.045219082), (0.12039645, 0.060103025, 0.044088896), (0.120738864, 0.06699379, 0.042438015), (0.1209316, 0.073815115, 0.04082237), (0.1209215, 0.08053106, 0.039540567), (0.120700285, 0.08713072, 0.0384244), (0.12030844, 0.093630366, 0.03692511), (0.11982776, 0.10006912, 0.034255385), (0.11936394, 0.10649918, 0.02833845), (0.11902297, 0.112973236, 0.021814512), (0.1188867, 0.11953214, 0.021813655), (0.12646645, -0.1203824, 0.021815326), (0.12663172, -0.11353606, 0.021815326), (0.12680045, -0.10663824, 0.028227517), (0.12692608, -0.09975134, 0.03298555), (0.12697394, -0.09293359, 0.034712598), (0.12693024, -0.086223826, 0.03624771), (0.12680587, -0.07963167, 0.038247604), (0.12663388, -0.07313565, 0.04025415), (0.12646112, -0.0666895, 0.041620627), (0.12633628, -0.060234826, 0.042242233), (0.12629706, -0.053716596, 0.042437643), (0.12635994, -0.047097433, 0.04252059), (0.1265149, -0.040366895, 0.042732283), (0.12672698, -0.03354358, 0.04330735), (0.1269441, -0.026669597, 0.044222977), (0.12710957, -0.019799134, 0.04498462), (0.12717637, -0.012984185, 0.045066234), (0.12711959, -0.0062612393, 0.044630416), (0.12694384, 0.0003576712, 0.04445613), (0.12668377, 0.006887401, 0.044963717), (0.12639713, 0.013365154, 0.0455999), (0.12615183, 0.019840369, 0.045490522), (0.12600994, 0.026361769, 0.04453145), (0.12601237, 0.03296499, 0.04346666), (0.12616791, 0.039663896, 0.04291929), (0.12644954, 0.046447676, 0.04272985), (0.12679908, 0.05328429, 0.042366814), (0.12713943, 0.060129154, 0.041634247), (0.12739182, 0.06693673, 0.04069576), (0.12749408, 0.07367203, 0.039634354), (0.12741579, 0.08031911, 0.038363483), (0.12716655, 0.08688459, 0.03689576), (0.12679534, 0.09339544, 0.03527986), (0.12638061, 0.099891804, 0.0330695), (0.12601347, 0.106416695, 0.027997626), (0.1257773, 0.11300533, 0.02181581), (0.1257286, 0.119676635, 0.02181463), (0.1333342, -0.12012324, 0.021815326), (0.13348053, -0.113320515, 0.021815326), (0.13358738, -0.10650271, 0.02724389), (0.13362502, -0.099718094, 0.031702872), (0.13358147, -0.0930059, 0.033610485), (0.13346593, -0.086384945, 0.035106603), (0.13330673, -0.07984813, 0.03661557), (0.1331445, -0.07336437, 0.037908558), (0.13302219, -0.066887096, 0.0388258), (0.13297412, -0.06036704, 0.039552093), (0.13301705, -0.053765588, 0.04018854), (0.13314533, -0.047065128, 0.040504947), (0.13333145, -0.04027356, 0.04040724), (0.13353205, -0.0334219, 0.040342543), (0.13369806, -0.026555818, 0.040823717), (0.13378647, -0.019723425, 0.041675992), (0.1337711, -0.012962769, 0.042204354), (0.13364966, -0.0062923525, 0.042151976), (0.13344526, 0.00029291882, 0.04205648), (0.13320191, 0.0068194172, 0.042439073), (0.13297488, 0.0133269625, 0.042998258), (0.132818, 0.019857747, 0.042983185), (0.13277107, 0.026445089, 0.042182058), (0.13284992, 0.033104993, 0.041117396), (0.13304195, 0.039832696, 0.040296014), (0.13330805, 0.046604894, 0.039703045), (0.13359082, 0.053386863, 0.039155394), (0.13382713, 0.06014243, 0.038721826), (0.13396242, 0.06684399, 0.03845745), (0.13396329, 0.07347992, 0.03799829), (0.13382566, 0.0800576, 0.0368738), (0.13357636, 0.0866012, 0.035159357), (0.13326779, 0.09314514, 0.033358533), (0.13296658, 0.09972493, 0.031435415), (0.13273904, 0.10636782, 0.027269922), (0.13263628, 0.11308566, 0.021816546), (0.1326826, 0.11987173, 0.021815665), (0.14020373, -0.11984351, 0.021815326), (0.14032067, -0.11309917, 0.021815326), (0.14035808, -0.10638018, 0.025910068), (0.14030556, -0.0997147, 0.029725501), (0.14017497, -0.09311745, 0.031720728), (0.13999756, -0.08658382, 0.0331154), (0.13981651, -0.08008968, 0.034034524), (0.1396765, -0.07359714, 0.03455099), (0.13961275, -0.06706458, 0.035018805), (0.1396424, -0.060458113, 0.03584386), (0.13976012, -0.05376109, 0.036912072), (0.13993914, -0.046979044, 0.03757286), (0.14013748, -0.04013851, 0.03741983), (0.14030781, -0.03328012, 0.03688852), (0.14040883, -0.026447866, 0.03679543), (0.14041515, -0.019677559, 0.03738135), (0.14032352, -0.012987675, 0.038124982), (0.14015388, -0.0063751154, 0.038503446), (0.13994484, 0.00018306344, 0.03858813), (0.13974476, 0.0067224964, 0.038727425), (0.13960046, 0.013281059, 0.038930986), (0.13954622, 0.019888097, 0.03887676), (0.13959564, 0.026556348, 0.038404193), (0.1397384, 0.033278793, 0.03768132), (0.13994242, 0.040031236, 0.036898103), (0.14016134, 0.046779763, 0.036110267), (0.14034513, 0.053491, 0.035463728), (0.14045168, 0.06014215, 0.035238195), (0.14045656, 0.06672809, 0.035410427), (0.14035854, 0.07326355, 0.03538282), (0.14017996, 0.079779685, 0.034498747), (0.13996144, 0.08631617, 0.03280057), (0.13975252, 0.09291079, 0.030946927), (0.1396003, 0.09958938, 0.02922112), (0.13953865, 0.10635875, 0.026027005), (0.13958058, 0.113204345, 0.021816356), (0.13971551, 0.1200932, 0.021816265), (0.14704318, -0.11958037, 0.021815326), (0.14711814, -0.11290066, 0.021815326), (0.14708418, -0.106285565, 0.023790542), (0.14695099, -0.099739976, 0.025919285), (0.14675206, -0.09325197, 0.027267514), (0.14653626, -0.08679316, 0.028117422), (0.1463559, -0.08032415, 0.028387656), (0.14625405, -0.07380378, 0.028318472), (0.1462541, -0.067199774, 0.028425405), (0.14635445, -0.06049763, 0.029065788), (0.14652902, -0.053705264, 0.030040726), (0.14673398, -0.04685169, 0.030725865), (0.14691865, -0.03998006, 0.030686028), (0.14703795, -0.033136692, 0.030128604), (0.14706342, -0.026359111, 0.029684901), (0.14699, -0.019666368, 0.029777665), (0.14683715, -0.013054391, 0.030282268), (0.14664374, -0.006497688, 0.030777954), (0.1464584, 0.000043015363, 0.030997217), (0.14632732, 0.006609297, 0.030975364), (0.14628288, 0.013232945, 0.030871594), (0.1463357, 0.019926656, 0.030770412), (0.14647207, 0.026680175, 0.030639602), (0.14665742, 0.033463057, 0.030384459), (0.14684503, 0.040233303, 0.029936984), (0.1469876, 0.04694957, 0.029375836), (0.14704911, 0.053583525, 0.028966108), (0.14701378, 0.060128897, 0.028960293), (0.14689, 0.06660468, 0.029272528), (0.14670837, 0.07305144, 0.029423902), (0.14651413, 0.07952162, 0.028942369), (0.14635602, 0.0860664, 0.027830428), (0.14627409, 0.0927225, 0.026541792), (0.1462898, 0.09950236, 0.025423823), (0.14640044, 0.10639035, 0.02380429), (0.14657971, 0.113345824, 0.02181552), (0.14678395, 0.12031233, 0.02181612), (0.15382506, -0.11936926, 0.021815326), (0.1538445, -0.11275143, 0.021815326), (0.1537427, -0.106231056, 0.021814268), (0.15354827, -0.099789836, 0.021814786), (0.15331142, -0.09339065, 0.021816213), (0.1530912, -0.086984254, 0.021816654), (0.1529409, -0.08051976, 0.021815373), (0.15289499, -0.07395666, 0.021813469), (0.15296105, -0.06727503, 0.021812769), (0.15311846, -0.060481127, 0.021814099), (0.15332404, -0.053606585, 0.02181661), (0.15352342, -0.046701085, 0.021818524), (0.15366496, -0.039820146, 0.021818504), (0.15371293, -0.033011157, 0.021816585), (0.1536565, -0.026301326, 0.021814153), (0.15351227, -0.019690845, 0.02181291), (0.15331988, -0.01315321, 0.021813566), (0.15313163, -0.0066427975, 0.021815266), (0.15299885, -0.00010770967, 0.021816464), (0.15295841, 0.006495501, 0.021816399), (0.153023, 0.013189276, 0.021815678), (0.15317746, 0.01996817, 0.021815334), (0.1533822, 0.026799673, 0.021815548), (0.15358329, 0.033632673, 0.021815583), (0.15372607, 0.040411428, 0.021814894), (0.15376954, 0.047091275, 0.021813974), (0.15369733, 0.053651914, 0.021813883), (0.15352282, 0.060104482, 0.021815093), (0.15328659, 0.066490404, 0.021816947), (0.15304695, 0.07287213, 0.021818178), (0.15286568, 0.079318024, 0.021817885), (0.15279238, 0.08588528, 0.021816157), (0.15285152, 0.09260529, 0.021814048), (0.15303527, 0.09947523, 0.021812946), (0.15330423, 0.106458046, 0.021813711), (0.1535961, 0.113490894, 0.021815324), (0.15384024, 0.12049968, 0.021815328), (0.16053042, -0.11923913, 0.021815326), (0.16048186, -0.11267224, 0.021815326), (0.16032058, -0.106224574, 0.021814615), (0.1600914, -0.09985785, 0.02181478), (0.15985428, -0.09351474, 0.021815604), (0.15966915, -0.087130904, 0.021815613), (0.15958077, -0.08064946, 0.02181451), (0.15960786, -0.07403443, 0.021813432), (0.15973878, -0.06727964, 0.021813484), (0.15993507, -0.060410593, 0.021814644), (0.16014174, -0.05347859, 0.021816215), (0.16030185, -0.046548206, 0.02181762), (0.16037142, -0.03968129, 0.02181835), (0.16033117, -0.032921452, 0.021817768), (0.16019166, -0.026283108, 0.021815825), (0.15999077, -0.019748058, 0.021813735), (0.1597841, -0.013270629, 0.02181313), (0.1596302, -0.006790172, 0.02181428), (0.1595752, -0.00024771603, 0.021815749), (0.1596399, 0.0063976287, 0.021816134), (0.15981346, 0.013156925, 0.021815596), (0.16005501, 0.020007594, 0.021815203), (0.16030318, 0.026898708, 0.021815259), (0.16049142, 0.03376421, 0.021815097), (0.16056506, 0.040540624, 0.02181445), (0.16049622, 0.047184672, 0.02181413), (0.16029224, 0.05368601, 0.021814931), (0.15999566, 0.060071655, 0.021816459), (0.15967523, 0.066400655, 0.021817587), (0.15940985, 0.0727503, 0.02181773), (0.15926938, 0.0791972, 0.021817096), (0.15929669, 0.08579816, 0.021815948), (0.1594958, 0.0925757, 0.021814426), (0.15982898, 0.09951195, 0.02181317), (0.16022398, 0.10655252, 0.02181344), (0.16058998, 0.11361932, 0.021815322), (0.16083872, 0.12062904, 0.021815328), (-0.15952735, -0.119645506, 0.021015327), (-0.15983343, -0.11308656, 0.021015327), (-0.16018441, -0.10660199, 0.021015327), (-0.16049619, -0.10014275, 0.021015327), (-0.16069268, -0.093652345, 0.021015327), (-0.1607243, -0.087081805, 0.021015327), (-0.16058046, -0.08040267, 0.021015327), (-0.1602928, -0.07361474, 0.021015327), (-0.1599284, -0.06674649, 0.021015327), (-0.15957414, -0.059847955, 0.021015327), (-0.15931618, -0.052978054, 0.021015327), (-0.15921912, -0.04618941, 0.021015327), (-0.15930983, -0.039514743, 0.021015327), (-0.1595704, -0.03295828, 0.021015327), (-0.15994136, -0.026494429, 0.021015327), (-0.1603353, -0.020074088, 0.021015327), (-0.16065739, -0.013636995, 0.021015327), (-0.16082805, -0.0071269544, 0.021015327), (-0.16080254, -0.0005060343, 0.021015327), (-0.16058241, 0.006235883, 0.021015327), (-0.16021617, 0.013078657, 0.021015327), (-0.15978858, 0.019977162, 0.021015327), (-0.15940107, 0.0268729, 0.021015327), (-0.15914772, 0.033708982, 0.021015327), (-0.15909247, 0.040444598, 0.021015327), (-0.15925324, 0.047065254, 0.021015327), (-0.15959658, 0.0535862, 0.021015327), (-0.16004464, 0.06004814, 0.021015327), (-0.16049287, 0.066506416, 0.021015327), (-0.16083443, 0.07301644, 0.021015327), (-0.1609857, 0.0796192, 0.021015327), (-0.16090655, 0.0863306, 0.021015327), (-0.1606109, 0.09313737, 0.021015327), (-0.16016431, 0.10000065, 0.021015327), (-0.1596695, 0.10686629, 0.021015327), (-0.15924251, 0.11367916, 0.021015327), (-0.15898551, 0.120397806, 0.021015327), (-0.15295702, -0.119812146, 0.021015327), (-0.15314409, -0.11316395, 0.021015327), (-0.1533769, -0.106591254, 0.021015327), (-0.15359645, -0.1000625, 0.021015327), (-0.15374683, -0.093531996, 0.021015327), (-0.15378931, -0.08695304, 0.021015327), (-0.1537122, -0.08029148, 0.021015327), (-0.15353405, -0.07353604, 0.021015327), (-0.1532995, -0.066702366, 0.021015327), (-0.15306833, -0.059829805, 0.021015327), (-0.15290082, -0.052971393, 0.021015327), (-0.15284236, -0.046179894, 0.021015327), (-0.15291171, -0.03949342, 0.021015327), (-0.1530955, -0.03292456, 0.021015327), (-0.15335068, -0.026456105, 0.021015327), (-0.15361448, -0.020044526, 0.021015327), (-0.15381955, -0.013630554, 0.021015327), (-0.15391071, -0.0071541145, 0.021015327), (-0.15385927, -0.000569751, 0.021015327), (-0.15367113, 0.0061415476, 0.021015327), (-0.15338662, 0.012967299, 0.021015327), (-0.15307191, 0.019866666, 0.021015327), (-0.15280357, 0.026781043, 0.021015327), (-0.1526502, 0.03364933, 0.021015327), (-0.15265527, 0.04042388, 0.021015327), (-0.1528255, 0.04708287, 0.021015327), (-0.15312773, 0.053635757, 0.021015327), (-0.15349543, 0.06012032, 0.021015327), (-0.15384348, 0.06659205, 0.021015327), (-0.15408789, 0.07310871, 0.021015327), (-0.15416601, 0.07971414, 0.021015327), (-0.15405223, 0.08642592, 0.021015327), (-0.15376543, 0.0932301, 0.021015327), (-0.153366, 0.10008465, 0.021015327), (-0.15294297, 0.10693092, 0.021015327), (-0.15259394, 0.113709934, 0.021015327), (-0.15240245, 0.12037934, 0.021015327), (-0.14645027, -0.12000639, 0.021015327), (-0.14651258, -0.113264374, 0.021015327), (-0.14660805, -0.10658899, 0.019719105), (-0.14670795, -0.09997089, 0.01865342), (-0.14678377, -0.09338163, 0.018237166), (-0.14681478, -0.08678305, 0.01805638), (-0.14679353, -0.08013969, 0.017933281), (-0.14672782, -0.07343024, 0.017722549), (-0.14663845, -0.06665496, 0.01736385), (-0.14655371, -0.059836775, 0.016917512), (-0.14650139, -0.05301555, 0.016532436), (-0.14650102, -0.04623714, 0.016354773), (-0.14655787, -0.0395402, 0.016430791), (-0.14666079, -0.03294443, 0.016667003), (-0.14678423, -0.02644373, 0.016877523), (-0.14689443, -0.02000632, 0.016893227), (-0.146958, -0.013582, 0.016665746), (-0.14695106, -0.007114768, 0.016300054), (-0.14686647, -0.0005574338, 0.015993306), (-0.146717, 0.006115777, 0.015916768), (-0.14653374, 0.01290212, 0.016113961), (-0.14635958, 0.019770812, 0.016477639), (-0.1462392, 0.026671076, 0.016818136), (-0.14620805, 0.033545665, 0.016978499), (-0.14628266, 0.040346183, 0.016924422), (-0.14645523, 0.047046006, 0.01675591), (-0.14669359, 0.053647168, 0.016638864), (-0.14694735, 0.060179215, 0.016704185), (-0.14715861, 0.066690296, 0.016978307), (-0.14727525, 0.07323289, 0.017384097), (-0.14726369, 0.0798481, 0.01780421), (-0.14711781, 0.08655314, 0.01816229), (-0.14686199, 0.09333551, 0.018475438), (-0.14654724, 0.10015582, 0.018871898), (-0.14624076, 0.10695879, 0.019805746), (-0.14601134, 0.113689385, 0.021015057), (-0.1459138, 0.12030977, 0.021015069), (-0.13998266, -0.120201975, 0.021015327), (-0.13992962, -0.11337283, 0.021015327), (-0.13988644, -0.10659313, 0.018653547), (-0.13985619, -0.09987778, 0.016625213), (-0.13984102, -0.09321965, 0.01577153), (-0.13984247, -0.08659411, 0.015371156), (-0.1398615, -0.07996848, 0.0151269315), (-0.13989812, -0.073313445, 0.0147762485), (-0.13995077, -0.06661301, 0.014186381), (-0.14001553, -0.059870034, 0.013431964), (-0.14008573, -0.05310572, 0.012753902), (-0.14015208, -0.0463532, 0.012406159), (-0.14020365, -0.03964716, 0.012482449), (-0.14022958, -0.033012595, 0.012837643), (-0.14022131, -0.026456097, 0.01316259), (-0.14017496, -0.01996231, 0.013171248), (-0.14009313, -0.013496825, 0.012782196), (-0.13998567, -0.0070147794, 0.012175839), (-0.13986887, -0.00047282307, 0.01168687), (-0.13976324, 0.0061589624, 0.011598078), (-0.1396899, 0.012888627, 0.011966259), (-0.13966632, 0.019699905, 0.012590438), (-0.13970222, 0.02655656, 0.013140605), (-0.13979663, 0.033412363, 0.013362519), (-0.13993697, 0.040223897, 0.013228095), (-0.14010027, 0.046962507, 0.012940071), (-0.14025687, 0.053621918, 0.0127959885), (-0.1403759, 0.060219232, 0.013005077), (-0.14043143, 0.06678897, 0.013575462), (-0.14040819, 0.073371805, 0.014336354), (-0.14030549, 0.08000131, 0.015069854), (-0.14013842, 0.0866927, 0.01566185), (-0.13993588, 0.09343706, 0.016185032), (-0.13973553, 0.10020307, 0.016910827), (-0.13957676, 0.10694594, 0.018698536), (-0.13949265, 0.1136214, 0.021014778), (-0.13950306, 0.12020059, 0.021014947), (-0.13352366, -0.12037215, 0.021015327), (-0.13337703, -0.11347322, 0.021015327), (-0.1332111, -0.106601074, 0.01816863), (-0.13305828, -0.09979371, 0.015673984), (-0.1329504, -0.09306657, 0.014557069), (-0.13291195, -0.08641142, 0.013960128), (-0.13295443, -0.0798018, 0.013576261), (-0.1330732, -0.07320314, 0.013141695), (-0.13324767, -0.06658423, 0.012512026), (-0.13344508, -0.059926834, 0.011736672), (-0.13362674, -0.053230602, 0.011026173), (-0.13375603, -0.04651208, 0.010613555), (-0.13380595, -0.039798375, 0.010592921), (-0.13376498, -0.03311761, 0.010842035), (-0.13363975, -0.02648914, 0.011085487), (-0.13345388, -0.019916581, 0.011063176), (-0.13324338, -0.013385766, 0.010696943), (-0.13304943, -0.0068682367, 0.010145656), (-0.13290995, -0.00032916357, 0.009709756), (-0.13285199, 0.006262688, 0.009644184), (-0.13288625, 0.012925979, 0.00999901), (-0.13300516, 0.019661497, 0.010589564), (-0.13318458, 0.026452113, 0.011114039), (-0.13338895, 0.033267975, 0.011341777), (-0.13357854, 0.040075302, 0.011252066), (-0.13371757, 0.04684613, 0.011038379), (-0.13378106, 0.053565916, 0.010981533), (-0.13375951, 0.060236797, 0.011278036), (-0.13366012, 0.06687541, 0.011933419), (-0.13350466, 0.07350606, 0.012782617), (-0.13332462, 0.080151364, 0.0136158), (-0.13315451, 0.08682351, 0.0143259205), (-0.13302504, 0.093518995, 0.014996203), (-0.13295746, 0.10021876, 0.01592968), (-0.13296011, 0.10689402, 0.018158138), (-0.13302779, 0.11351631, 0.021014672), (-0.1331438, 0.12006854, 0.021014875), (-0.12704107, -0.120493256, 0.021015327), (-0.12683089, -0.11355072, 0.021015327), (-0.12657237, -0.10661022, 0.01786802), (-0.12632121, -0.099728726, 0.0150916325), (-0.12613402, -0.092942335, 0.013758578), (-0.1260552, -0.08625973, 0.0129120955), (-0.12610643, -0.07966305, 0.0123024), (-0.12628086, -0.07311566, 0.011756461), (-0.12654391, -0.06657408, 0.01117451), (-0.12684023, -0.060000747, 0.01055661), (-0.12710582, -0.053373862, 0.009986955), (-0.12728211, -0.046691965, 0.0095710335), (-0.12732932, -0.03997226, 0.0093605155), (-0.12723555, -0.03324363, 0.009312671), (-0.12701982, -0.02653671, 0.009311065), (-0.12672815, -0.019874077, 0.009235501), (-0.12642337, -0.013263413, 0.009037096), (-0.12617128, -0.0066954754, 0.008770217), (-0.126026, -0.00014722144, 0.00855992), (-0.12601805, 0.0064111296, 0.008524522), (-0.12614757, 0.013007367, 0.008701701), (-0.12638469, 0.019659553, 0.009024455), (-0.12667641, 0.026371509, 0.00936197), (-0.12695868, 0.033132646, 0.009599792), (-0.12717092, 0.03992193, 0.009709697), (-0.12726928, 0.04671444, 0.009766926), (-0.12723619, 0.05348845, 0.009905711), (-0.12708348, 0.060230646, 0.010241949), (-0.126849, 0.06693814, 0.010810789), (-0.1265873, 0.073616736, 0.011556317), (-0.12635674, 0.08027647, 0.012378675), (-0.12620625, 0.08692609, 0.013212356), (-0.1261645, 0.093568645, 0.014101462), (-0.12623428, 0.10019987, 0.015283161), (-0.12639299, 0.10681013, 0.017841164), (-0.12659904, 0.11338932, 0.021014763), (-0.12680244, 0.11993316, 0.021014823), (-0.120505966, -0.12054807, 0.021015327), (-0.12026563, -0.113593854, 0.021015327), (-0.119954005, -0.10661848, 0.017653802), (-0.119641766, -0.09969107, 0.014690833), (-0.11940188, -0.09286369, 0.013175212), (-0.11929239, -0.086160004, 0.012067405), (-0.119342335, -0.079571836, 0.011201455), (-0.11954416, -0.07306385, 0.010533109), (-0.119854756, -0.066584885, 0.010031508), (-0.1202048, -0.060082413, 0.009639161), (-0.12051452, -0.0535163, 0.009276601), (-0.120712176, -0.04686822, 0.008880351), (-0.1207509, -0.040144604, 0.008444128), (-0.12061996, -0.033372737, 0.008028812), (-0.120347686, -0.026591573, 0.0077270726), (-0.11999525, -0.019840052, 0.007601682), (-0.11964276, -0.013146257, 0.0076385876), (-0.11937069, -0.006520257, 0.007749247), (-0.11924128, 0.00004767251, 0.007824294), (-0.119283944, 0.006583383, 0.0078043183), (-0.119488426, 0.0131211085, 0.007719637), (-0.11980715, 0.019694036, 0.00767064), (-0.120166324, 0.026325839, 0.0077609206), (-0.120483235, 0.033025347, 0.0080287345), (-0.12068553, 0.039785475, 0.008424277), (-0.12072807, 0.04658626, 0.008848692), (-0.12060326, 0.05340076, 0.009227358), (-0.12034258, 0.0602019, 0.0095657185), (-0.120008826, 0.06696835, 0.0099484315), (-0.119680986, 0.073688015, 0.010483723), (-0.119435504, 0.08035851, 0.011235782), (-0.11932818, 0.08698531, 0.012200231), (-0.11938124, 0.0935783, 0.0133566735), (-0.11957845, 0.10014849, 0.014822076), (-0.119869575, 0.10670577, 0.01765845), (-0.12018281, 0.11325839, 0.021015026), (-0.12044242, 0.11981393, 0.02101483), (-0.11389696, -0.12052819, 0.021015327), (-0.1136583, -0.113596216, 0.021015327), (-0.11333668, -0.1066246, 0.017468657), (-0.11300806, -0.09968616, 0.014341721), (-0.112751395, -0.092841886, 0.01267364), (-0.11262968, -0.08612648, 0.011358887), (-0.11267445, -0.07954117, 0.010296325), (-0.1128777, -0.07305521, 0.009537319), (-0.11319316, -0.06661539, 0.009097974), (-0.11354694, -0.06016074, 0.008871759), (-0.11385482, -0.053638436, 0.008653386), (-0.11404244, -0.04701675, 0.008254974), (-0.11406329, -0.04029192, 0.0076339142), (-0.11391024, -0.033487454, 0.0069369865), (-0.11361779, -0.026646473, 0.006418046), (-0.11325424, -0.0198194, 0.006274388), (-0.11290574, -0.013050461, 0.0065087853), (-0.11265577, -0.006366502, 0.0069139074), (-0.11256506, 0.00022913581, 0.0071967277), (-0.112656824, 0.006756383, 0.0071651805), (-0.11291073, 0.0132523, 0.0068538934), (-0.11326744, 0.019760933, 0.0065037096), (-0.11364242, 0.026321977, 0.0064067952), (-0.113946065, 0.032961182, 0.006719675), (-0.11410517, 0.039684772, 0.0073681707), (-0.11408063, 0.046478983, 0.008105785), (-0.113877125, 0.05331443, 0.008683321), (-0.11354234, 0.06015388, 0.00901386), (-0.11315583, 0.06696123, 0.009223825), (-0.11281007, 0.07370945, 0.009562134), (-0.11258837, 0.080385685, 0.010238293), (-0.112544686, 0.08699264, 0.011309253), (-0.11269047, 0.0935464, 0.01270619), (-0.1129916, 0.10007159, 0.014439541), (-0.11337631, 0.10659534, 0.017531276), (-0.113752276, 0.1131417, 0.021015378), (-0.11402872, 0.11972755, 0.021014947), (-0.10720356, -0.12043534, 0.021015327), (-0.10699259, -0.11355738, 0.021015327), (-0.10670167, -0.10662844, 0.01727847), (-0.106402405, -0.09971583, 0.013960391), (-0.106168754, -0.092881136, 0.012168125), (-0.106058925, -0.08616466, 0.0107504595), (-0.10610087, -0.07957566, 0.009618454), (-0.10628521, -0.07309078, 0.008832912), (-0.106567115, -0.0666609, 0.008400883), (-0.10687708, -0.060224414, 0.008188638), (-0.10713779, -0.05372319, 0.007959578), (-0.107283205, -0.04711732, 0.0075095324), (-0.107275054, -0.040394675, 0.0068066455), (-0.10711274, -0.033573136, 0.0060317023), (-0.10683409, -0.026695106, 0.0054768343), (-0.10650663, -0.019815959, 0.005358199), (-0.10621136, -0.012989631, 0.005664083), (-0.10602293, -0.0062550195, 0.0061447425), (-0.10599107, 0.0003733181, 0.0064599034), (-0.106127776, 0.006908011, 0.0063933707), (-0.10640349, 0.0133847855, 0.0059949257), (-0.10675354, 0.019852726, 0.005553678), (-0.10709329, 0.026361566, 0.0054170876), (-0.107338436, 0.032949295, 0.005772456), (-0.107425794, 0.039633166, 0.006533209), (-0.10732924, 0.04640621, 0.007402846), (-0.10706701, 0.05323985, 0.008071824), (-0.10669829, 0.060091734, 0.008416277), (-0.106309794, 0.06691663, 0.008570158), (-0.10599532, 0.073677495, 0.008830789), (-0.10583317, 0.08035413, 0.009470776), (-0.10586681, 0.08694733, 0.010591116), (-0.10609356, 0.09347773, 0.012126254), (-0.10646418, 0.09998005, 0.014054325), (-0.10689366, 0.106494084, 0.017390242), (-0.10728092, 0.11305508, 0.021015702), (-0.10753261, 0.119685575, 0.021015186), (-0.100427754, -0.120281264, 0.021015327), (-0.10026173, -0.11348304, 0.021015327), (-0.10003445, -0.1066309, 0.017071446), (-0.099804856, -0.09977792, 0.01352543), (-0.09963188, -0.09297785, 0.011638055), (-0.0995596, -0.08627045, 0.010228107), (-0.09960611, -0.07967077, 0.009158864), (-0.09975894, -0.07316499, 0.008407215), (-0.09997797, -0.066713974, 0.007913837), (-0.10020556, -0.06026347, 0.0075465254), (-0.1003811, -0.053758215, 0.0071432414), (-0.10045651, -0.04715629, 0.006599615), (-0.100408904, -0.040439893, 0.0059394874), (-0.10024698, -0.033619877, 0.005313072), (-0.10000961, -0.026732879, 0.0049118237), (-0.09975667, -0.019831918, 0.0048463843), (-0.09955431, -0.012972916, 0.005064963), (-0.09945821, -0.0062006856, 0.0053701126), (-0.09949902, 0.00046206726, 0.005531104), (-0.0996736, 0.007019965, 0.0054255323), (-0.09994451, 0.013503179, 0.0051204558), (-0.10024807, 0.019959241, 0.0048382017), (-0.100509256, 0.026440656, 0.0048244665), (-0.100660026, 0.03299154, 0.0051997453), (-0.1006565, 0.039636716, 0.005887402), (-0.100490876, 0.046375986, 0.0066638356), (-0.100194894, 0.053184927, 0.0072988076), (-0.099833705, 0.06002188, 0.0076975194), (-0.09949139, 0.06683924, 0.007956878), (-0.099251315, 0.073596045, 0.008305471), (-0.09917597, 0.080268614, 0.008972261), (-0.09929109, 0.086856596, 0.010074998), (-0.09957813, 0.093382835, 0.011612855), (-0.09997697, 0.0998872, 0.013629382), (-0.100398816, 0.10641603, 0.01719466), (-0.10074615, 0.1130099, 0.021015894), (-0.10093547, 0.11969279, 0.021015495), (-0.093583874, -0.12008625, 0.021015327), (-0.09346999, -0.11338422, 0.021015327), (-0.093327574, -0.106633686, 0.016855381), (-0.09319699, -0.09986647, 0.013077203), (-0.09311441, -0.093120985, 0.011127399), (-0.093102336, -0.08643059, 0.009794977), (-0.09316361, -0.07981343, 0.00885678), (-0.09328062, -0.073266484, 0.008155909), (-0.09341981, -0.066765465, 0.0075440146), (-0.09354048, -0.060270738, 0.006918228), (-0.093605645, -0.053737648, 0.0062576863), (-0.09359222, -0.047128472, 0.00562084), (-0.093497865, -0.04042283, 0.0051011285), (-0.093342595, -0.033623684, 0.004766961), (-0.09316459, -0.026757352, 0.00462077), (-0.093011074, -0.019867338, 0.0045985947), (-0.09292632, -0.013003682, 0.0046066972), (-0.09293995, -0.0062104533, 0.0045713256), (-0.093058154, 0.0004852545, 0.0044734725), (-0.09326062, 0.007080021, 0.0043525468), (-0.09350389, 0.013594703, 0.004281701), (-0.093730725, 0.020068804, 0.004331308), (-0.09388354, 0.026550096, 0.0045392513), (-0.093918614, 0.033082202, 0.004899179), (-0.093817756, 0.039693445, 0.0053676483), (-0.09359433, 0.04638986, 0.005884284), (-0.09329199, 0.05315422, 0.006397228), (-0.09297604, 0.059951328, 0.006886686), (-0.09271913, 0.06673815, 0.0073797465), (-0.092584446, 0.07347603, 0.007950285), (-0.0926104, 0.08014178, 0.008701903), (-0.09280035, 0.08673453, 0.009742125), (-0.09312012, 0.09327642, 0.011173959), (-0.09350414, 0.09980692, 0.013179594), (-0.09386916, 0.10637207, 0.016944027), (-0.09413261, 0.1130115, 0.021015894), (-0.09423149, 0.119746655, 0.021015765), (-0.08669657, -0.1198765, 0.021015327), (-0.086632304, -0.1132757, 0.021015327), (-0.0865822, -0.10663892, 0.016650312), (-0.08656509, -0.09997226, 0.012691228), (-0.086590104, -0.093293324, 0.010714557), (-0.08665364, -0.0866243, 0.0094598215), (-0.08673981, -0.079983756, 0.008618179), (-0.086824186, -0.073379695, 0.00792203), (-0.086880125, -0.06680595, 0.007165176), (-0.086886086, -0.060242984, 0.006293681), (-0.08683202, -0.053662997, 0.0054235375), (-0.08672314, -0.04703782, 0.004750437), (-0.086580046, -0.040347483, 0.0044061425), (-0.08643473, -0.03358683, 0.0043587824), (-0.08632349, -0.026768312, 0.004426227), (-0.08627814, -0.019919962, 0.0043936623), (-0.08631765, -0.013078963, 0.004154185), (-0.08644236, -0.006282456, 0.0037758127), (-0.08663223, 0.00044195636, 0.0034503466), (-0.086850025, 0.0070833983, 0.0033617448), (-0.087048635, 0.013650591, 0.0035660903), (-0.08718146, 0.020169538, 0.0039642053), (-0.08721316, 0.026676591, 0.004380828), (-0.0871287, 0.03320873, 0.0046897866), (-0.08693805, 0.039793726, 0.004895622), (-0.08667559, 0.046442904, 0.005117695), (-0.08639383, 0.053148597, 0.005495401), (-0.08615268, 0.059886992, 0.0060891644), (-0.08600655, 0.06662571, 0.0068513486), (-0.08599198, 0.073333964, 0.0076863), (-0.08611873, 0.079992466, 0.008551949), (-0.08636639, 0.08660008, 0.009528434), (-0.08668759, 0.093175285, 0.010818349), (-0.08701717, 0.09975165, 0.012756429), (-0.087285765, 0.106368415, 0.01667228), (-0.087434605, 0.11305857, 0.021015706), (-0.08742859, 0.11983777, 0.021015884), (-0.079797275, -0.1196806, 0.021015327), (-0.079772264, -0.11317396, 0.021015327), (-0.07980815, -0.10664866, 0.01647827), (-0.07990245, -0.100083806, 0.012435593), (-0.08003684, -0.09347362, 0.010463981), (-0.08018095, -0.08682607, 0.009221024), (-0.08029922, -0.08015781, 0.008351643), (-0.08035956, -0.07348714, 0.0075661256), (-0.080341525, -0.066827215, 0.006676058), (-0.080242045, -0.060181532, 0.005682645), (-0.0800773, -0.053543024, 0.004765956), (-0.07988004, -0.04689684, 0.004153445), (-0.079692826, -0.040225882, 0.0039484263), (-0.07955871, -0.03351724, 0.0040379013), (-0.079511285, -0.02676752, 0.0041498407), (-0.07956658, -0.019985272, 0.0040268567), (-0.07971855, -0.013189766, 0.003599249), (-0.07993943, -0.0064063314, 0.0030366806), (-0.080185, 0.0003403528, 0.0026391775), (-0.080403715, 0.0070330715, 0.0026389714), (-0.08054773, 0.013666914, 0.003047328), (-0.0805835, 0.02025068, 0.0036504345), (-0.080499515, 0.02680437, 0.004156066), (-0.0803094, 0.033353485, 0.0043894784), (-0.08004967, 0.039921775, 0.0044047977), (-0.07977247, 0.046524692, 0.0044390094), (-0.07953482, 0.05316544, 0.004745896), (-0.079386614, 0.059834998, 0.0054291934), (-0.07935998, 0.06651605, 0.006390913), (-0.079462305, 0.073189706, 0.0074265683), (-0.07967439, 0.07984293, 0.008395713), (-0.07995421, 0.08647426, 0.009349279), (-0.0802455, 0.09309581, 0.010543402), (-0.08048938, 0.09973059, 0.012415389), (-0.08063649, 0.106405765, 0.016427273), (-0.08065715, 0.113143355, 0.0210154), (-0.08054746, 0.1199513, 0.02101579), (-0.07291963, -0.11952568, 0.021015327), (-0.07291867, -0.11309475, 0.021015327), (-0.073022395, -0.1066643, 0.016353538), (-0.07321019, -0.10018869, 0.012332254), (-0.07343986, -0.09363927, 0.0103834), (-0.073657356, -0.08700897, 0.00905461), (-0.073809564, -0.0803109, 0.00800386), (-0.073857166, -0.07357198, 0.0070316223), (-0.07378443, -0.06682361, 0.0060524177), (-0.0736036, -0.060092285, 0.0051137237), (-0.07335268, -0.053392675, 0.004353812), (-0.073087156, -0.046724863, 0.0038963293), (-0.07286741, -0.040076256, 0.0037441938), (-0.07274481, -0.033427164, 0.0037491622), (-0.07274969, -0.026758162, 0.0036880686), (-0.07288402, -0.020056874, 0.003402712), (-0.07312058, -0.013322177, 0.0029105535), (-0.07340869, -0.006564698, 0.0024061564), (-0.07368551, 0.00019637906, 0.0021439572), (-0.073890045, 0.0069390237, 0.0022746609), (-0.07397682, 0.013644757, 0.002743292), (-0.073926106, 0.020303752, 0.0033195447), (-0.07374835, 0.026917165, 0.003743868), (-0.073481806, 0.033496145, 0.0038944487), (-0.073184006, 0.040058013, 0.003865023), (-0.07291896, 0.046621002, 0.003902649), (-0.07274307, 0.05319933, 0.004248399), (-0.07269289, 0.059800137, 0.0049884296), (-0.07277737, 0.06642326, 0.0060142614), (-0.072976395, 0.073063694, 0.007116045), (-0.07324572, 0.07971573, 0.008143911), (-0.07352705, 0.08637709, 0.009132783), (-0.073761, 0.093051486, 0.010328097), (-0.07389996, 0.099748276, 0.012183095), (-0.073917955, 0.1064792, 0.016245961), (-0.07381555, 0.113252915, 0.021015082), (-0.073618725, 0.12006924, 0.021015512), (-0.06609458, -0.119433634, 0.021015327), (-0.06610108, -0.11305076, 0.021015327), (-0.06624624, -0.106686205, 0.016276788), (-0.066496775, -0.10027494, 0.012341098), (-0.06679345, -0.09376921, 0.010409322), (-0.06706525, -0.08714833, 0.008914373), (-0.067246415, -0.08042108, 0.00757849), (-0.06729229, -0.073620506, 0.006372318), (-0.06719019, -0.06679305, 0.0053641726), (-0.066962644, -0.059985153, 0.004626328), (-0.066662185, -0.05323116, 0.004167457), (-0.06635901, -0.046545394, 0.0039088274), (-0.06612441, -0.039920397, 0.003712573), (-0.06601382, -0.033331208, 0.0034468076), (-0.06605379, -0.026744118, 0.003052924), (-0.06623562, -0.02012713, 0.002577705), (-0.06651744, -0.013459176, 0.002150298), (-0.06683408, -0.0067355903, 0.0019136992), (-0.06711237, 0.00003133936, 0.0019464184), (-0.067288294, 0.0068165762, 0.0022173703), (-0.06732187, 0.0135897435, 0.0026003052), (-0.06720628, 0.020323476, 0.0029415016), (-0.06696925, 0.027000336, 0.0031440936), (-0.066666245, 0.03361656, 0.0032220515), (-0.06636725, 0.04018191, 0.0032932844), (-0.06614042, 0.046716075, 0.003515745), (-0.06603627, 0.05324308, 0.0040030573), (-0.06607626, 0.059785396, 0.004767922), (-0.06624831, 0.06635956, 0.0057254178), (-0.06651029, 0.072974145, 0.006754021), (-0.066800326, 0.07963038, 0.007780515), (-0.06705164, 0.086324535, 0.008846125), (-0.06720813, 0.09305085, 0.010136418), (-0.067237124, 0.099803835, 0.0120415995), (-0.0671363, 0.106578834, 0.016137669), (-0.066933386, 0.11337101, 0.021014858), (-0.06667876, 0.12017312, 0.021015177), (-0.059345827, -0.119418085, 0.021015327), (-0.059345238, -0.113049746, 0.021015327), (-0.05950169, -0.10671338, 0.0162349), (-0.059776053, -0.10033252, 0.012374964), (-0.060101215, -0.09384667, 0.010429837), (-0.06039846, -0.087225065, 0.008746323), (-0.060596537, -0.0804722, 0.007130201), (-0.06064877, -0.073624246, 0.00572746), (-0.060544092, -0.06673757, 0.0047463905), (-0.060309395, -0.059872907, 0.0042562215), (-0.0600027, -0.053079434, 0.004108625), (-0.059698846, -0.04638287, 0.0040123127), (-0.059471257, -0.03978053, 0.0037045362), (-0.059374187, -0.03324414, 0.003105776), (-0.059429772, -0.026729185, 0.0023589204), (-0.05962295, -0.020188008, 0.0017315634), (-0.059905462, -0.01358285, 0.0014478011), (-0.06020784, -0.0068955016, 0.0015570214), (-0.060456462, -0.00013116967, 0.0019175564), (-0.06059146, 0.0066840514, 0.0022959735), (-0.060581125, 0.013511022, 0.0025109937), (-0.060429394, 0.020308303, 0.0025303133), (-0.060174555, 0.027042802, 0.0024678428), (-0.059879657, 0.03369758, 0.0024970153), (-0.059616946, 0.04027502, 0.0027456216), (-0.05945019, 0.046795003, 0.0032388472), (-0.059419222, 0.053288955, 0.003915286), (-0.059530422, 0.059791747, 0.0046896553), (-0.05975543, 0.066333644, 0.0055117905), (-0.06003833, 0.0729344, 0.0063869986), (-0.060309526, 0.07960054, 0.0073610297), (-0.060502816, 0.08632612, 0.008503503), (-0.060571555, 0.09309609, 0.00993121), (-0.060499884, 0.09989094, 0.01193833), (-0.060306393, 0.10669117, 0.016083138), (-0.06003931, 0.11348039, 0.021014795), (-0.059764538, 0.12024672, 0.021014951), (-0.052686326, -0.11948238, 0.021015327), (-0.05266887, -0.11309326, 0.021015327), (-0.052807543, -0.1067434, 0.016206231), (-0.0530645, -0.10035446, 0.012338729), (-0.053374782, -0.093861386, 0.0103348205), (-0.053662553, -0.08722831, 0.008511588), (-0.053859565, -0.08045629, 0.0067370506), (-0.053921472, -0.073581286, 0.0052555096), (-0.053837977, -0.066663265, 0.0043362523), (-0.05363451, -0.059769623, 0.0040196264), (-0.053365167, -0.052957445, 0.0040465174), (-0.05309878, -0.04625933, 0.0040011755), (-0.05290159, -0.03967619, 0.003567508), (-0.052820936, -0.03317868, 0.002726497), (-0.052873865, -0.026716378, 0.0017633425), (-0.05304343, -0.02023202, 0.0010805115), (-0.05328354, -0.013676782, 0.0009408588), (-0.053531006, -0.0070226165, 0.0013079272), (-0.053721715, -0.00026858825, 0.0018819415), (-0.05380688, 0.006560118, 0.0022990953), (-0.053765293, 0.013419861, 0.0023578412), (-0.05360853, 0.020260533, 0.0021267696), (-0.053377856, 0.027038544, 0.0018753812), (-0.05313363, 0.033727452, 0.0018882644), (-0.052939888, 0.040323637, 0.0022932377), (-0.05284798, 0.04684597, 0.0030117), (-0.05288339, 0.053329933, 0.0038472256), (-0.053039026, 0.059818085, 0.0046350462), (-0.053276736, 0.06634952, 0.0053447396), (-0.053536687, 0.07295101, 0.0060763997), (-0.053752273, 0.07963186, 0.0069758226), (-0.053866927, 0.08638335, 0.008153586), (-0.053848565, 0.09318248, 0.0096923895), (-0.053698074, 0.09999858, 0.011816162), (-0.053449675, 0.10680092, 0.0160485), (-0.053162932, 0.113565356, 0.021014905), (-0.052908383, 0.12027857, 0.021014962), (-0.04611632, -0.11961898, 0.021015327), (-0.04607868, -0.113176234, 0.021015327), (-0.046175953, -0.10677263, 0.016168997), (-0.0463779, -0.10033777, 0.01217367), (-0.046631258, -0.09381095, 0.010069066), (-0.0468734, -0.087156974, 0.008206277), (-0.047047734, -0.08037473, 0.0064640115), (-0.047117073, -0.073496714, 0.005058005), (-0.047071822, -0.06657961, 0.004205861), (-0.04693109, -0.05968888, 0.0039031145), (-0.046736706, -0.052881505, 0.0038776447), (-0.046541758, -0.046191428, 0.0037381928), (-0.046396732, -0.039621495, 0.003215158), (-0.046336707, -0.0331437, 0.0023316813), (-0.046372846, -0.026707416, 0.0013890463), (-0.046490278, -0.02025318, 0.0007737415), (-0.046652716, -0.013728242, 0.0007115894), (-0.04681257, -0.0070997886, 0.0011280923), (-0.0469239, -0.00036250963, 0.0017022331), (-0.046954736, 0.006461188, 0.0020732747), (-0.046895713, 0.013328073, 0.002062823), (-0.046762615, 0.020185985, 0.0017709021), (-0.046592336, 0.026987467, 0.0014935108), (-0.046433106, 0.03370155, 0.0015270418), (-0.04633164, 0.04032079, 0.0019925393), (-0.04632041, 0.04686198, 0.0027885775), (-0.046408467, 0.053360693, 0.0036882057), (-0.046578165, 0.059861407, 0.0045006764), (-0.046788838, 0.06640585, 0.0051863263), (-0.0469866, 0.07302269, 0.005859293), (-0.047117915, 0.07972108, 0.0066988273), (-0.047143526, 0.08648932, 0.007853675), (-0.047049265, 0.09329892, 0.009429934), (-0.04685079, 0.10011243, 0.011646969), (-0.04659102, 0.10689312, 0.016005661), (-0.04633056, 0.11361395, 0.021015141), (-0.04613336, 0.1202636, 0.021015229), (-0.039623223, -0.11981033, 0.021015327), (-0.03956892, -0.11328763, 0.021015327), (-0.039609935, -0.106796645, 0.016109444), (-0.039728258, -0.10028384, 0.011885472), (-0.039889958, -0.09370124, 0.009661433), (-0.040054284, -0.08701995, 0.007867068), (-0.040183816, -0.08023821, 0.006334065), (-0.040253162, -0.073382035, 0.005130043), (-0.040254142, -0.06649826, 0.0043239295), (-0.040196355, -0.059642006, 0.0038650418), (-0.04010322, -0.052862078, 0.0035712065), (-0.040004738, -0.04618817, 0.0032181032), (-0.039928973, -0.03962324, 0.002668625), (-0.039894518, -0.033143, 0.0019564494), (-0.039905924, -0.026702482, 0.0012666909), (-0.039953217, -0.020247793, 0.0008224148), (-0.040015496, -0.013729912, 0.00074667064), (-0.04006757, -0.00711686, 0.0009859805), (-0.040087752, -0.00040115384, 0.0013423978), (-0.04006465, 0.0063992366, 0.0015928348), (-0.040001053, 0.013246472, 0.001620659), (-0.03991371, 0.020093298, 0.0014794099), (-0.0398291, 0.026895495, 0.0013535017), (-0.039776113, 0.033623062, 0.0014453939), (-0.039777644, 0.040267248, 0.0018613283), (-0.039843354, 0.04684181, 0.0025631147), (-0.039965633, 0.053378344, 0.0034080085), (-0.040120024, 0.059917133, 0.004244243), (-0.040270288, 0.066496044, 0.0050010527), (-0.04037697, 0.07314037, 0.005724168), (-0.040407486, 0.07985629, 0.006548698), (-0.040345155, 0.086629525, 0.0076433076), (-0.040194824, 0.09342931, 0.009183479), (-0.03998341, 0.10021676, 0.011449701), (-0.039755005, 0.10695514, 0.015947552), (-0.03956137, 0.113619626, 0.02101542), (-0.03944998, 0.12020401, 0.021015644), (-0.03318339, -0.12003108, 0.021015327), (-0.033121884, -0.11341182, 0.021015327), (-0.03310235, -0.106810816, 0.016026665), (-0.033121355, -0.10019829, 0.011542063), (-0.033168968, -0.093545675, 0.009214367), (-0.033232015, -0.086835034, 0.007557783), (-0.033297572, -0.080065295, 0.0063194386), (-0.03335574, -0.07325362, 0.0053612343), (-0.033401087, -0.06643148, 0.004565987), (-0.03343255, -0.059636496, 0.0038494365), (-0.033452094, -0.052902393, 0.003179256), (-0.03346262, -0.046249725, 0.0025689115), (-0.033466026, -0.03968002, 0.0020486265), (-0.033461936, -0.03317488, 0.0016354835), (-0.033447716, -0.026700296, 0.0013232621), (-0.033419657, -0.020215046, 0.0010947416), (-0.033375036, -0.013680904, 0.00094079616), (-0.033314336, -0.007071999, 0.000866721), (-0.033242855, -0.0003808659, 0.00087948935), (-0.033171006, 0.006380321, 0.0009685128), (-0.033112958, 0.01318358, 0.0011006392), (-0.033083808, 0.019992907, 0.0012397207), (-0.033095766, 0.026773892, 0.0013795337), (-0.033154376, 0.0335026, 0.001563625), (-0.033255767, 0.04017138, 0.0018707626), (-0.03338587, 0.04679011, 0.002368845), (-0.033522055, 0.05338267, 0.0030665006), (-0.03363708, 0.0599796, 0.0038994246), (-0.033704724, 0.06660903, 0.004769037), (-0.033705816, 0.0732883, 0.0056156563), (-0.033633333, 0.08001854, 0.006482154), (-0.03349524, 0.08678379, 0.0075292075), (-0.033314165, 0.09355477, 0.0090065515), (-0.033123754, 0.10029662, 0.011282065), (-0.032962263, 0.10697842, 0.015889982), (-0.032864634, 0.11358219, 0.021015648), (-0.032854732, 0.12010891, 0.021016013), (-0.02676545, -0.12025148, 0.021015327), (-0.026710186, -0.113530755, 0.021015327), (-0.026636528, -0.10681112, 0.015932228), (-0.026555441, -0.1000904, 0.011242064), (-0.026482051, -0.09336355, 0.008857588), (-0.026432708, -0.08662658, 0.0073418245), (-0.02642128, -0.07987998, 0.006356133), (-0.026455501, -0.07313045, 0.005586701), (-0.026534326, -0.06639037, 0.004769295), (-0.02664703, -0.05967494, 0.0038071964), (-0.026774453, -0.05299795, 0.0028079094), (-0.026892321, -0.046367455, 0.0019904466), (-0.026976027, -0.039782573, 0.0015213182), (-0.027005916, -0.033232544, 0.0013918647), (-0.026971899, -0.02669846, 0.0014210113), (-0.02687632, -0.020157238, 0.001378865), (-0.026734319, -0.013586931, 0.001142033), (-0.026571464, -0.006971892, 0.0007712908), (-0.026419, -0.00030644564, 0.00045963572), (-0.02630767, 0.0064040036, 0.00039161072), (-0.02626132, 0.013144728, 0.0006162347), (-0.026291689, 0.019895857, 0.0010227531), (-0.026395544, 0.026637856, 0.0014318322), (-0.026554814, 0.033356797, 0.0017313513), (-0.02673981, 0.040047936, 0.001956127), (-0.026914958, 0.046716586, 0.0022553194), (-0.027045839, 0.053375974, 0.0027760617), (-0.027106162, 0.06004264, 0.003554031), (-0.02708318, 0.06673063, 0.00449552), (-0.026980415, 0.07344619, 0.0054662195), (-0.026817104, 0.0801844, 0.006421885), (-0.026624473, 0.08692912, 0.0074872174), (-0.026439564, 0.09365624, 0.00894147), (-0.026297899, 0.10033985, 0.011209063), (-0.02622646, 0.106959626, 0.015859455), (-0.026238434, 0.113507725, 0.021015756), (-0.026330745, 0.11999308, 0.021016141), (-0.020334834, -0.12044132, 0.021015327), (-0.02030059, -0.11362648, 0.021015327), (-0.020188477, -0.10679479, 0.015844954), (-0.020021241, -0.099972054, 0.011068894), (-0.019836456, -0.09317762, 0.008687858), (-0.019677877, -0.08642228, 0.0072531844), (-0.019585026, -0.07970833, 0.006374317), (-0.019583452, -0.07303142, 0.0056635896), (-0.019678095, -0.06638324, 0.0048066387), (-0.019851392, -0.05975451, 0.0037153459), (-0.020066693, -0.05313708, 0.002564239), (-0.0202763, -0.04652512, 0.0016598047), (-0.02043228, -0.039915156, 0.0012230852), (-0.0204976, -0.033305272, 0.0012314413), (-0.020454919, -0.026694052, 0.0014266773), (-0.020310987, -0.020079685, 0.0014828382), (-0.020095536, -0.013459606, 0.001218132), (-0.019854888, -0.0068307584, 0.00070725154), (-0.019641673, -0.00019028198, 0.00022126306), (-0.019503027, 0.0064637116, 0.00004130988), (-0.019469956, 0.013131652, 0.0002762435), (-0.019550305, 0.019812554, 0.0008060459), (-0.019726956, 0.026504595, 0.0013813401), (-0.019961646, 0.03320601, 0.0018010808), (-0.020203525, 0.039915882, 0.0020417303), (-0.020400494, 0.04663442, 0.0022533785), (-0.02051073, 0.053362463, 0.0026374345), (-0.020511787, 0.060100168, 0.003303587), (-0.02040527, 0.06684535, 0.00421199), (-0.020216063, 0.07359192, 0.00523776), (-0.019986393, 0.080329254, 0.0063031046), (-0.019766178, 0.087042965, 0.007478436), (-0.019601872, 0.09371731, 0.008996586), (-0.019526402, 0.10033893, 0.011264559), (-0.01955238, 0.10690116, 0.015874196), (-0.019670073, 0.11340774, 0.02101572), (-0.019850392, 0.11987475, 0.021015929), (-0.013858713, -0.12057409, 0.021015327), (-0.013858781, -0.113683775, 0.021015327), (-0.01373032, -0.106761, 0.01578296), (-0.01350331, -0.09985635, 0.011052607), (-0.013231891, -0.09301111, 0.008724081), (-0.012981358, -0.086249426, 0.007280363), (-0.012812416, -0.07957493, 0.0063302247), (-0.012766507, -0.07297252, 0.005536396), (-0.012855739, -0.06641417, 0.0046435692), (-0.013059863, -0.05986714, 0.0035852657), (-0.013331011, -0.0533024, 0.0025045536), (-0.013605087, -0.04670113, 0.0016489951), (-0.013817045, -0.040057905, 0.0011997098), (-0.013916407, -0.033380143, 0.0011443148), (-0.013879305, -0.026684312, 0.0012767584), (-0.013714157, -0.019990208, 0.0013235783), (-0.0134596545, -0.0133149605, 0.0011131007), (-0.013175534, -0.0066683404, 0.0006774979), (-0.012928392, -0.00005043245, 0.00022419856), (-0.012775915, 0.006547968, 0), (-0.012753297, 0.01314261, 0.00013934502), (-0.012865065, 0.019751625, 0.0005932821), (-0.013084218, 0.026391104, 0.0011774416), (-0.013358831, 0.033071503, 0.0016981581), (-0.0136245005, 0.039795592, 0.0020695736), (-0.013819616, 0.04655818, 0.0023495005), (-0.013899824, 0.053347357, 0.0026829138), (-0.013848234, 0.060146797, 0.0032038402), (-0.013679019, 0.06693836, 0.003966971), (-0.0134336185, 0.07370462, 0.0049499176), (-0.0131705515, 0.08043085, 0.0061131353), (-0.012951349, 0.087106556, 0.0074702688), (-0.012825999, 0.09372661, 0.009137669), (-0.01282139, 0.10029208, 0.011426718), (-0.012935435, 0.10681078, 0.015929444), (-0.013138198, 0.1132974, 0.02101556), (-0.013379611, 0.119772896, 0.021015426), (-0.007310715, -0.12063063, 0.021015327), (-0.00735439, -0.1136924, 0.021015327), (-0.0072344774, -0.10671122, 0.01575626), (-0.006982463, -0.09975612, 0.011157691), (-0.0066608055, -0.092884846, 0.008899945), (-0.006347538, -0.086131275, 0.0073718457), (-0.0061173444, -0.079499334, 0.006224976), (-0.0060237017, -0.072964504, 0.0052599935), (-0.006086367, -0.066482194, 0.004351466), (-0.006287157, -0.060000364, 0.0034555763), (-0.0065749264, -0.05347309, 0.0026084767), (-0.0068784296, -0.046871524, 0.001893852), (-0.007123861, -0.040189713, 0.0013885524), (-0.0072527668, -0.033444103, 0.0011121552), (-0.007235988, -0.026667342, 0.0010072581), (-0.0070803077, -0.019898335, 0.0009625581), (-0.00682627, -0.013171368, 0.0008681209), (-0.006537815, -0.0065071485, 0.00067396474), (-0.006286342, 0.00009206605, 0.00041965803), (-0.006133152, 0.0066422876, 0.00021688743), (-0.0061145653, 0.013172959, 0.00019202981), (-0.0062333187, 0.019719005, 0.00041830953), (-0.0064582843, 0.026311964, 0.0008744119), (-0.006732488, 0.03297248, 0.0014535516), (-0.0069873934, 0.03970586, 0.0020201327), (-0.007159887, 0.046501484, 0.0024846806), (-0.007207786, 0.053335868, 0.0028565812), (-0.007120074, 0.060178306, 0.0032452915), (-0.006919385, 0.066997506, 0.0038087936), (-0.0066562025, 0.07376763, 0.004678106), (-0.006396228, 0.080472566, 0.005902244), (-0.006204087, 0.08710776, 0.0074515925), (-0.0061273817, 0.093679704, 0.009299129), (-0.0061850166, 0.10020369, 0.01162182), (-0.0063626342, 0.10670056, 0.015995933), (-0.0066162543, 0.11319336, 0.021015335), (-0.0068831863, 0.11970439, 0.021014817), (-0.0006747124, -0.12060191, 0.021015327), (-0.00076549075, -0.11364876, 0.021015327), (-0.0006778938, -0.10664937, 0.015762933), (-0.00043888477, -0.099682465, 0.011302417), (-0.00010983939, -0.09281447, 0.009097885), (0.00022893633, -0.08608387, 0.007461254), (0.00049775746, -0.07949331, 0.006102134), (0.00063642743, -0.07301108, 0.004969872), (0.0006179319, -0.06658113, 0.004070177), (0.00045380375, -0.060138755, 0.0033726054), (0.0001900754, -0.05362753, 0.0027904573), (-0.000104974955, -0.047013238, 0.0022282973), (-0.0003581177, -0.040291283, 0.0016517274), (-0.0005091853, -0.033486027, 0.0011177777), (-0.0005253996, -0.02664268, 0.00073415815), (-0.00040859418, -0.019814251, 0.0005720847), (-0.0001937213, -0.0130471615, 0.0005978352), (0.00006080191, -0.006369344, 0.00067996857), (0.0002883525, 0.00021626438, 0.0006753629), (0.00043107444, 0.006731444, 0.000536296), (0.00045431196, 0.013216092, 0.00035893774), (0.0003549451, 0.019717341, 0.0003304013), (0.00016163383, 0.026277417, 0.0006035289), (-0.00007298209, 0.032923363, 0.0011846535), (-0.0002860743, 0.039661072, 0.0019171095), (-0.0004208773, 0.04647485, 0.002580212), (-0.00044128322, 0.05333216, 0.0030419184), (-0.0003411058, 0.06019204, 0.0033612947), (-0.0001456959, 0.06701484, 0.0037667167), (0.00009448275, 0.07377087, 0.0045200638), (0.00031669097, 0.08044597, 0.005759254), (0.0004619317, 0.08704309, 0.007435033), (0.00049011665, 0.093579985, 0.009411324), (0.00039055842, 0.10008395, 0.011756528), (0.00018512335, 0.106585324, 0.01603329), (-0.000076795346, 0.113111295, 0.02101511), (-0.00033028802, 0.119681396, 0.021014338), (0.006052891, -0.12049033, 0.021015327), (0.005918094, -0.113556616, 0.021015327), (0.005954354, -0.106581494, 0.015790455), (0.0061446335, -0.099643454, 0.011400013), (0.0064378246, -0.09280854, 0.009207783), (0.006762, -0.086113825, 0.0075001875), (0.0070419763, -0.07955905, 0.0060257134), (0.0072169206, -0.07310815, 0.004814595), (0.0072538457, -0.0667001, 0.0039385995), (0.0071539427, -0.060265757, 0.0033676145), (0.006950524, -0.053746127, 0.0029423838), (0.0066993786, -0.047107246, 0.0024665396), (0.006464153, -0.040347893, 0.0018438175), (0.0063004964, -0.033498462, 0.001152653), (0.006242866, -0.026611628, 0.0005949746), (0.006297135, -0.019747628, 0.00034949987), (0.006440612, -0.012958246, 0.00043400863), (0.0066292086, -0.006273695, 0.0006797425), (0.006809716, 0.00030430758, 0.0008426023), (0.0069339485, 0.006801773, 0.0007757521), (0.0069711097, 0.013264565, 0.0005398715), (0.006915288, 0.0197458, 0.00036805734), (0.006786272, 0.026292019, 0.00050534314), (0.0066236174, 0.03293171, 0.0010346862), (0.0064756083, 0.039669037, 0.0018147634), (0.006386058, 0.046483982, 0.002577931), (0.006382387, 0.05333856, 0.0031225774), (0.006468099, 0.060187113, 0.0034645044), (0.0066215917, 0.0669878, 0.003838434), (0.0068016415, 0.07371242, 0.0045467583), (0.006958155, 0.08035223, 0.005764264), (0.0070454394, 0.08691853, 0.0074463277), (0.0070345765, 0.09343851, 0.009431768), (0.0069216755, 0.099947594, 0.011763551), (0.0067298138, 0.10648055, 0.016011758), (0.006504047, 0.11306361, 0.021014944), (0.0063006184, 0.1197094, 0.021014178), (0.012862679, -0.12030968, 0.021015327), (0.012693225, -0.11342686, 0.021015327), (0.01266667, -0.10651525, 0.015821695), (0.012779877, -0.09964322, 0.011401408), (0.012999659, -0.09286737, 0.009181361), (0.013271798, -0.08621742, 0.0074823783), (0.013534321, -0.07968871, 0.006049213), (0.013731797, -0.07324415, 0.0048834635), (0.01382731, -0.06682473, 0.004027174), (0.0138094835, -0.0603657, 0.0034419096), (0.013693195, -0.053813826, 0.0029864374), (0.013514155, -0.047141116, 0.0024930933), (0.013318995, -0.040351484, 0.0018813013), (0.01315347, -0.033478826, 0.0012191463), (0.013051704, -0.026577273, 0.0006803783), (0.013029019, -0.01970648, 0.00042127667), (0.0130798835, -0.012916028, 0.0004635704), (0.01318116, -0.006233016, 0.000669546), (0.013299553, 0.00034395556, 0.0008315426), (0.013401117, 0.0068431697, 0.0008153661), (0.013460305, 0.01331125, 0.00065597484), (0.013466206, 0.019800257, 0.00053544936), (0.013424523, 0.02635399, 0.0006565854), (0.0133548975, 0.0329971, 0.0011010227), (0.013284498, 0.03972973, 0.0017735735), (0.013239704, 0.04652876, 0.0024738389), (0.013238201, 0.05335505, 0.0030449172), (0.013283635, 0.060164448, 0.0034927726), (0.013364288, 0.06691953, 0.0039901785), (0.013456155, 0.07359896, 0.0047628568), (0.013529587, 0.08020227, 0.0059432574), (0.013557754, 0.08674901, 0.0075072576), (0.013524654, 0.09327278, 0.009365293), (0.013430452, 0.0998121, 0.01163766), (0.013292651, 0.10640035, 0.01593068), (0.013142623, 0.11305763, 0.021014865), (0.013018232, 0.119786255, 0.02101438), (0.019733632, -0.12008338, 0.021015327), (0.019543856, -0.113276176, 0.021015327), (0.019452162, -0.106459014, 0.015843077), (0.019471297, -0.09968154, 0.011318801), (0.019591017, -0.09298308, 0.009055308), (0.019781515, -0.086380996, 0.0074466015), (0.020000754, -0.07986536, 0.006190023), (0.020203875, -0.073401414, 0.0051642223), (0.020352602, -0.06693892, 0.0043051746), (0.020422567, -0.060425766, 0.0035674213), (0.020407196, -0.053822048, 0.0029129798), (0.020317523, -0.04711068, 0.0023174041), (0.020178301, -0.040301803, 0.001780494), (0.020021558, -0.03342984, 0.0013267973), (0.019879213, -0.026544183, 0.0009891376), (0.019776464, -0.019696185, 0.0007830606), (0.01972733, -0.012925933, 0.00069004414), (0.01973315, -0.006252453, 0.0006637066), (0.019784033, 0.00033026582, 0.00065745437), (0.019862646, 0.0068505094, 0.00065540307), (0.019949174, 0.013350344, 0.0006840817), (0.020026136, 0.019873865, 0.0007949254), (0.02008193, 0.02645544, 0.0010287086), (0.020112375, 0.03311109, 0.0013873529), (0.020120109, 0.039835196, 0.0018345695), (0.020112282, 0.046603173, 0.0023263479), (0.020097367, 0.05337919, 0.0028498236), (0.020082107, 0.06012666, 0.0034415587), (0.020069476, 0.06681858, 0.004170569), (0.02005819, 0.07344496, 0.005098385), (0.02004383, 0.08001545, 0.0062490157), (0.02002113, 0.08655658, 0.007621515), (0.019986704, 0.093104534, 0.00926271), (0.019941265, 0.09969539, 0.011442778), (0.019890616, 0.106355526, 0.01582322), (0.019844992, 0.11309449, 0.021014873), (0.019816812, 0.11990222, 0.02101483), (0.026636215, -0.119841434, 0.021015327), (0.026443377, -0.113124944, 0.021015327), (0.026293647, -0.106420815, 0.015851438), (0.02621533, -0.099753864, 0.011218862), (0.026222825, -0.09314063, 0.008931664), (0.02631391, -0.08658281, 0.0074562286), (0.026470302, -0.08006516, 0.0064207525), (0.026661359, -0.07355847, 0.0055506337), (0.02685019, -0.06702692, 0.004658418), (0.027000906, -0.060437627, 0.0037027912), (0.027085584, -0.053769756, 0.002785899), (0.027089564, -0.047020525, 0.0020676188), (0.027014043, -0.040206395, 0.0016464748), (0.026875487, -0.033359148, 0.0014847821), (0.026702058, -0.026517807, 0.001427799), (0.026527809, -0.019718768, 0.0013035936), (0.02638587, -0.012986714, 0.0010356347), (0.026301997, -0.006328829, 0.0006915729), (0.026289789, 0.00026620884, 0.00043528536), (0.026348472, 0.006824275, 0.00041512595), (0.026463615, 0.013378085, 0.0006643908), (0.026610553, 0.019957915, 0.0010810088), (0.026759699, 0.02658335, 0.0014990361), (0.026882624, 0.033258297, 0.0018022866), (0.026957614, 0.039970573, 0.0020028872), (0.0269736, 0.046696108, 0.0022328624), (0.026931712, 0.05340649, 0.002656847), (0.026844293, 0.060077734, 0.0033671807), (0.02673165, 0.06669783, 0.0043331343), (0.026617391, 0.07327093, 0.005438052), (0.026523402, 0.079817116, 0.006579561), (0.026465522, 0.086367615, 0.007770893), (0.02645083, 0.0929569, 0.009197529), (0.026476998, 0.0996135, 0.011284751), (0.026533725, 0.10635214, 0.015743613), (0.02660577, 0.113168955, 0.021014942), (0.02667679, 0.12004126, 0.021015313), (0.033536676, -0.11961652, 0.021015327), (0.033358566, -0.11299445, 0.021015327), (0.03316626, -0.106407225, 0.015856521), (0.033001047, -0.0998519, 0.011189327), (0.032900125, -0.09331978, 0.008925304), (0.032888085, -0.08679591, 0.007565272), (0.032970857, -0.080260605, 0.0066811056), (0.033133674, -0.073692955, 0.0058953655), (0.03334365, -0.06707547, 0.0049481043), (0.033556532, -0.060398564, 0.0038170926), (0.03372624, -0.053663597, 0.0027135215), (0.033815075, -0.046883315, 0.0019276928), (0.033802304, -0.040079508, 0.0016194197), (0.03368916, -0.033278193, 0.0016945454), (0.03349893, -0.026503624, 0.0018546362), (0.03327215, -0.019772585, 0.0017893086), (0.0330578, -0.013090616, 0.0013816297), (0.032902498, -0.0064511457, 0.00078620773), (0.032840095, 0.00016213923, 0.0003256089), (0.03288404, 0.006770334, 0.00027474287), (0.03302431, 0.013393094, 0.0006792598), (0.033229616, 0.020042878, 0.0013301105), (0.033454407, 0.026721273, 0.0019091037), (0.033649128, 0.033418484, 0.0022040599), (0.033771385, 0.040116176, 0.0022470055), (0.033795428, 0.046792965, 0.0022847597), (0.033717826, 0.05343113, 0.0026079013), (0.03355802, 0.060022626, 0.003359926), (0.033353616, 0.0665728, 0.00445794), (0.03315157, 0.073100604, 0.0056754807), (0.032997295, 0.07963513, 0.0068260855), (0.03292426, 0.086209156, 0.007923588), (0.032946482, 0.09285126, 0.009231121), (0.033055637, 0.09957837, 0.011261731), (0.03322347, 0.10639068, 0.015742296), (0.033408806, 0.113270156, 0.021015042), (0.033567533, 0.12018317, 0.021015609), (0.040401965, -0.11943952, 0.021015327), (0.04025454, -0.11290398, 0.021015327), (0.04004131, -0.106422365, 0.015877737), (0.039812032, -0.0999646, 0.011295666), (0.03962162, -0.09349777, 0.009104931), (0.039516933, -0.08699174, 0.007788149), (0.039525244, -0.080424264, 0.006904637), (0.039647203, -0.073784724, 0.0060819215), (0.039856125, -0.06707569, 0.0050813137), (0.04010385, -0.060311936, 0.0039090593), (0.040331934, -0.053516995, 0.0027993047), (0.040485512, -0.046718024, 0.0020490945), (0.040526565, -0.039939992, 0.0018052491), (0.040443346, -0.033200476, 0.0019465933), (0.040253647, -0.026506245, 0.002146247), (0.040000994, -0.01985242, 0.0020774694), (0.039744623, -0.013224402, 0.0016267915), (0.039545484, -0.006602157, 0.0009701428), (0.03945168, 0.000034209424, 0.00045867582), (0.039486773, 0.0066989, 0.00038945943), (0.03964383, 0.0133963255, 0.0008140336), (0.039886728, 0.020119507, 0.0015115618), (0.040158466, 0.026851462, 0.0021413283), (0.0403946, 0.033569325, 0.0024688786), (0.040538605, 0.040250275, 0.0025135272), (0.04055548, 0.046877827, 0.002522653), (0.040440347, 0.053446967, 0.002798356), (0.04021985, 0.059966758, 0.0035007254), (0.039946053, 0.06645969, 0.004562265), (0.039684117, 0.07295777, 0.005766078), (0.039496772, 0.07949606, 0.0069268295), (0.039429236, 0.08610516, 0.008050192), (0.039498214, 0.09280424, 0.009382878), (0.039687708, 0.099596165, 0.011416095), (0.039952654, 0.106466, 0.015840996), (0.040229596, 0.1133831, 0.021015145), (0.040451877, 0.120306514, 0.021015603), (0.047204502, -0.11933532, 0.021015327), (0.04709998, -0.11286807, 0.021015327), (0.04689073, -0.10646713, 0.015936252), (0.046629157, -0.10007944, 0.011549062), (0.04638027, -0.09365225, 0.009457275), (0.04620562, -0.087144025, 0.0080892155), (0.04614814, -0.08053261, 0.0070483102), (0.046221536, -0.073818766, 0.0060806847), (0.046406876, -0.06702452, 0.0050581465), (0.046657294, -0.06018686, 0.00401143), (0.04690958, -0.053348403, 0.0030954874), (0.047099892, -0.046547275, 0.0024797886), (0.047179747, -0.03980859, 0.0022245762), (0.04712821, -0.033139452, 0.0022235182), (0.046957362, -0.02652851, 0.0022549068), (0.04670953, -0.019949993, 0.0021129264), (0.046446975, -0.0133710895, 0.0017355917), (0.046236474, -0.0067607937, 0.0012452835), (0.0461326, -0.000098039105, 0.0008735165), (0.046163846, 0.0066228495, 0.0008171786), (0.04632506, 0.013390632, 0.0011183928), (0.046578202, 0.020179875, 0.0016441816), (0.04686128, 0.026957193, 0.0021762324), (0.047103424, 0.033689503, 0.0025497393), (0.047242425, 0.040352274, 0.0027510363), (0.047240447, 0.046935905, 0.0029147747), (0.04709395, 0.053448636, 0.0032299284), (0.046835344, 0.05991547, 0.0038226817), (0.046525724, 0.06637324, 0.004694535), (0.04624043, 0.072862975, 0.0057517355), (0.046050746, 0.07942138, 0.0068997093), (0.046006277, 0.086073026, 0.00813921), (0.04612223, 0.09282522, 0.009620274), (0.04637493, 0.09966633, 0.011712063), (0.046706688, 0.10656805, 0.016020456), (0.047039125, 0.11349088, 0.02101524), (0.047291763, 0.12039166, 0.021015344), (0.053926133, -0.11931936, 0.021015327), (0.053871796, -0.112894244, 0.021015327), (0.05369144, -0.10653876, 0.016045494), (0.05343374, -0.100183904, 0.011901134), (0.053164728, -0.093764156, 0.0098927235), (0.05295121, -0.087232284, 0.008398596), (0.052844223, -0.08056934, 0.0071119224), (0.052866727, -0.07378752, 0.005962611), (0.053008437, -0.0669254, 0.0049723512), (0.053229038, -0.06003725, 0.00417718), (0.053468883, -0.053178936, 0.0035807493), (0.053664494, -0.04639426, 0.0031438288), (0.05376485, -0.039704915, 0.0028043617), (0.053744417, -0.033106435, 0.0025083097), (0.053609654, -0.0265708, 0.0022300384), (0.05339725, -0.020054858, 0.0019726343), (0.053164653, -0.013512147, 0.0017539432), (0.052975163, -0.006905099, 0.001592172), (0.05288143, -0.00021455572, 0.0015010582), (0.052911524, 0.006555659, 0.001493659), (0.053061146, 0.013380063, 0.0015855319), (0.0532941, 0.02021821, 0.0017893363), (0.053550966, 0.02702496, 0.0021023941), (0.053763967, 0.033761684, 0.0024981492), (0.053874303, 0.040405728, 0.0029330812), (0.05384764, 0.046955857, 0.003370532), (0.05368377, 0.053432606, 0.0038090101), (0.05341784, 0.059873536, 0.004295722), (0.053112697, 0.06632474, 0.0049130777), (0.05284396, 0.07283061, 0.0057436787), (0.052681435, 0.07942429, 0.0068366756), (0.0526714, 0.08612088, 0.008204445), (0.052824184, 0.092914775, 0.009874535), (0.053110264, 0.09978146, 0.012051266), (0.053466085, 0.106683195, 0.016227733), (0.053808462, 0.113577105, 0.021015326), (0.054054163, 0.1204238, 0.021015013), (0.060560703, -0.11939533, 0.021015327), (0.06055856, -0.112981796, 0.021015327), (0.060428914, -0.10663094, 0.016204083), (0.060210556, -0.10026687, 0.0122674685), (0.05996137, -0.093820155, 0.010289812), (0.059743464, -0.08724465, 0.008647575), (0.05960779, -0.08052779, 0.007139352), (0.059582062, -0.07369215, 0.0058651236), (0.059664838, -0.06678817, 0.0049655344), (0.05982709, -0.059880197, 0.004453611), (0.060020708, -0.053029634, 0.0041711465), (0.060191616, -0.046279546, 0.003879762), (0.060294095, -0.039644614, 0.0034153692), (0.060302634, -0.033108756, 0.0027942655), (0.06021827, -0.02663066, 0.0021949376), (0.060067877, -0.020155549, 0.0018280785), (0.059896633, -0.0136298975, 0.0017863289), (0.059755605, -0.007015261, 0.0019792381), (0.059687786, -0.0002977166, 0.0021983453), (0.05971615, 0.0065092635, 0.0022652706), (0.059836958, 0.013368993, 0.0021574954), (0.06002006, 0.020231461, 0.0020230901), (0.060216337, 0.027046228, 0.002074857), (0.06037036, 0.033775013, 0.0024398006), (0.06043513, 0.04040084, 0.0030709768), (0.060385145, 0.046931688, 0.0037839336), (0.060224224, 0.053397957, 0.0043914304), (0.059986055, 0.059844688, 0.004840936), (0.059726935, 0.0663206, 0.005258509), (0.059512403, 0.07286677, 0.005870367), (0.059400886, 0.079507604, 0.0068617887), (0.05942846, 0.086246125, 0.00828086), (0.05959853, 0.093064286, 0.010075295), (0.059879284, 0.09992813, 0.012319919), (0.06020979, 0.10679607, 0.016400274), (0.06051353, 0.11362832, 0.021015415), (0.06071636, 0.12039527, 0.021014836), (0.06711486, -0.11955456, 0.021015327), (0.067162134, -0.11312154, 0.021015327), (0.06709932, -0.106734306, 0.016394448), (0.06695021, -0.10031981, 0.012568027), (0.06675647, -0.09381427, 0.01055645), (0.06656659, -0.08717949, 0.008806318), (0.06642386, -0.080411986, 0.0072017256), (0.06635637, -0.07354275, 0.005927939), (0.066371165, -0.066628054, 0.00515813), (0.06645419, -0.05973396, 0.00485695), (0.066575356, -0.052918814, 0.00475806), (0.06669752, -0.046218317, 0.004517708), (0.06678684, -0.03963707, 0.003936108), (0.06682162, -0.033148486, 0.0030916613), (0.06679766, -0.02670281, 0.0022912342), (0.066728555, -0.020240879, 0.0018656274), (0.06664111, -0.013709785, 0.0019468138), (0.06656715, -0.007076335, 0.0023777676), (0.06653406, -0.00033489548, 0.0028162138), (0.06655648, 0.0064921677, 0.0029617893), (0.06663171, 0.013361263, 0.0027527632), (0.066739865, 0.020219514, 0.0024006881), (0.06684894, 0.027018571, 0.0022430487), (0.06692359, 0.03372669, 0.0025174683), (0.06693516, 0.04033608, 0.0032115), (0.06687043, 0.04686388, 0.004086334), (0.06673658, 0.05334683, 0.004851592), (0.06656085, 0.0598313, 0.005366769), (0.066384874, 0.06636139, 0.00573224), (0.06625466, 0.072968245, 0.0062151593), (0.066208936, 0.07966305, 0.0070732683), (0.06626848, 0.086435355, 0.008411219), (0.06642949, 0.09325672, 0.010187959), (0.06666268, 0.1000885, 0.012445319), (0.06691876, 0.106891654, 0.016495522), (0.06713919, 0.113636024, 0.021015508), (0.0672698, 0.12030692, 0.02101496), (0.07360693, -0.119776934, 0.021015327), (0.07369723, -0.11329679, 0.021015327), (0.073709935, -0.10683736, 0.016588159), (0.073650375, -0.10033774, 0.012764464), (0.07353817, -0.09374856, 0.010677153), (0.0734016, -0.08704563, 0.008904583), (0.07327055, -0.080236316, 0.0073702773), (0.07316989, -0.07335725, 0.0062304763), (0.07311456, -0.06646399, 0.005591708), (0.073107615, -0.059615817, 0.0053607575), (0.0731412, -0.052859772, 0.0052550333), (0.0732001, -0.046218347, 0.004957262), (0.07326655, -0.039684027, 0.004311466), (0.07332517, -0.033221915, 0.0034274468), (0.073366486, -0.026779586, 0.0026181554), (0.07338843, -0.020301221, 0.002204063), (0.07339547, -0.0137422085, 0.0023083482), (0.07339588, -0.0070802695, 0.0027755715), (0.073398046, -0.0003203025, 0.0032673457), (0.07340703, 0.006508088, 0.0034734607), (0.07342245, 0.013359445, 0.0033024538), (0.07343826, 0.020185078, 0.0029308088), (0.0734447, 0.026945958, 0.0026837166), (0.07343168, 0.03362247, 0.0028293398), (0.07339262, 0.040218584, 0.003420737), (0.073327735, 0.046759598, 0.00428264), (0.07324549, 0.05328435, 0.0051420094), (0.073161714, 0.059834197, 0.0058092726), (0.07309644, 0.06644181, 0.0062916833), (0.07306902, 0.073122784, 0.006774397), (0.07309281, 0.07987204, 0.0074979975), (0.0731708, 0.08666585, 0.008630102), (0.07329344, 0.09346861, 0.010235478), (0.07343937, 0.10024248, 0.012434069), (0.07357929, 0.106957264, 0.016511673), (0.07368207, 0.11359797, 0.021015596), (0.07372191, 0.12016832, 0.021015387), (0.080064185, -0.12003347, 0.021015327), (0.08018899, -0.11348537, 0.021015327), (0.080277674, -0.10692781, 0.016756354), (0.08031573, -0.10031964, 0.012876495), (0.08029794, -0.09363275, 0.010722408), (0.080228984, -0.086861186, 0.009023666), (0.080122314, -0.08002371, 0.007690549), (0.07999746, -0.07315924, 0.0067606815), (0.07987646, -0.06631633, 0.0062113428), (0.07978, -0.05953996, 0.005905382), (0.07972386, -0.05285915, 0.0056325137), (0.079716414, -0.046278995, 0.0052095046), (0.07975745, -0.03977927, 0.004577617), (0.07983849, -0.033319917, 0.0038372148), (0.07994454, -0.026851784, 0.0031947305), (0.08005685, -0.020329623, 0.0028481768), (0.080156215, -0.013723704, 0.0028745215), (0.08022624, -0.007026966, 0.0031831344), (0.08025605, -0.00025582933, 0.0035627668), (0.08024191, 0.006555333, 0.0037962762), (0.08018762, 0.013364365, 0.0037786625), (0.08010364, 0.02013322, 0.0035724982), (0.08000509, 0.026838226, 0.003371043), (0.079909, 0.033475984, 0.003391725), (0.079831384, 0.040063377, 0.0037608126), (0.07978458, 0.046631925, 0.0044527138), (0.07977525, 0.053218115, 0.0053144535), (0.0798035, 0.059852626, 0.00615776), (0.07986311, 0.06655132, 0.0068657263), (0.07994284, 0.07331056, 0.0074572884), (0.080028586, 0.08010795, 0.008080931), (0.08010588, 0.08690828, 0.008952635), (0.0801624, 0.09367297, 0.0102931345), (0.080189906, 0.100370355, 0.012372705), (0.08018547, 0.10698427, 0.016489249), (0.08015161, 0.113518596, 0.021015655), (0.08009554, 0.11999674, 0.021015951), (0.08651869, -0.12029013, 0.021015327), (0.0866689, -0.11366246, 0.021015327), (0.086826086, -0.10699408, 0.016881298), (0.08695667, -0.10026847, 0.012970115), (0.087031215, -0.093482785, 0.010815153), (0.08703118, -0.086651124, 0.009261802), (0.086953595, -0.07980266, 0.008168268), (0.08681234, -0.07297494, 0.00742886), (0.0866358, -0.06620427, 0.0068966183), (0.086461045, -0.05951578, 0.0064256527), (0.08632595, -0.0529162, 0.0059264335), (0.08626075, -0.04639137, 0.0053852573), (0.08628115, -0.039909482, 0.004842127), (0.08638441, -0.033429086, 0.00435233), (0.08654952, -0.02690978, 0.003960783), (0.08674149, -0.02032262, 0.003698291), (0.08691887, -0.013657313, 0.0035860727), (0.08704284, -0.00692424, 0.0036298898), (0.08708597, -0.00015078198, 0.0038014618), (0.08703846, 0.006627003, 0.0040264595), (0.0869105, 0.01337496, 0.004203307), (0.08673021, 0.020070668, 0.0042566173), (0.086537406, 0.02670976, 0.004197001), (0.08637469, 0.033306938, 0.004141904), (0.086277895, 0.03989143, 0.0042688246), (0.08626796, 0.046498176, 0.0047166664), (0.08634619, 0.05315723, 0.005493378), (0.08649398, 0.05988436, 0.006455359), (0.086677164, 0.06667551, 0.007384967), (0.08685387, 0.073506705, 0.0081288265), (0.08698417, 0.0803395, 0.008714548), (0.08703926, 0.087130554, 0.009372488), (0.08700803, 0.09384278, 0.010457629), (0.08689949, 0.10045527, 0.012389575), (0.08674048, 0.10696921, 0.016492534), (0.08656921, 0.113408536, 0.02101566), (0.086426176, 0.11981494, 0.021016397), (0.09300254, -0.12051227, 0.021015327), (0.09316974, -0.113803826, 0.021015327), (0.09338111, -0.10702672, 0.016964551), (0.09358689, -0.10019069, 0.0131245935), (0.09373731, -0.09331869, 0.011070992), (0.093794584, -0.08644389, 0.009688804), (0.09374239, -0.079603344, 0.008771731), (0.0935904, -0.07282972, 0.008117811), (0.09337262, -0.06614337, 0.0075255614), (0.093139775, -0.059546713, 0.0068847295), (0.092947535, -0.053022977, 0.0062194644), (0.09284318, -0.046539642, 0.0056384727), (0.092853986, -0.040056102, 0.0052306163), (0.09298016, -0.0335336, 0.0049877386), (0.09319416, -0.026944833, 0.0048134667), (0.09344666, -0.020280682, 0.004607865), (0.09367792, -0.013552106, 0.004357213), (0.09383194, -0.0067866775, 0.0041532023), (0.093869984, -0.000020540618, 0.004121161), (0.09378033, 0.006712005, 0.004310547), (0.093581624, 0.013388477, 0.0046356926), (0.09331911, 0.020004943, 0.0049215355), (0.093054295, 0.026577571, 0.005030048), (0.092850536, 0.033138465, 0.004976873), (0.09275788, 0.03972679, 0.004946187), (0.09280079, 0.04637755, 0.005180749), (0.092971765, 0.053111054, 0.0058162035), (0.093232505, 0.059925973, 0.006776705), (0.09352248, 0.06679801, 0.007814104), (0.09377301, 0.07368465, 0.008675735), (0.09392353, 0.08053496, 0.009293598), (0.09393627, 0.087301984, 0.009868947), (0.09380564, 0.09395455, 0.010804374), (0.09356018, 0.10048549, 0.012595853), (0.09325636, 0.10691425, 0.016579848), (0.09296552, 0.11328313, 0.021015588), (0.09275714, 0.11964814, 0.021016505), (0.0995431, -0.120669395, 0.021015327), (0.099720255, -0.113889165, 0.021015327), (0.099966444, -0.10701981, 0.01702828), (0.1002204, -0.10009546, 0.013395416), (0.10041858, -0.09316186, 0.011542164), (0.10051087, -0.08626753, 0.010312093), (0.10047318, -0.079453565, 0.009448525), (0.10031375, -0.072744645, 0.008743406), (0.10007154, -0.06614341, 0.008039531), (0.09980695, -0.059629757, 0.0072982674), (0.099587046, -0.053165473, 0.0066061825), (0.09946891, -0.04670324, 0.0060949777), (0.09948511, -0.040197935, 0.005827763), (0.099635, -0.033617463, 0.005736382), (0.09988414, -0.02695035, 0.005659822), (0.100172095, -0.020208156, 0.005458858), (0.10042689, -0.013421926, 0.005122798), (0.10058272, -0.0066335755, 0.0047861193), (0.10059654, 0.00011566086, 0.0046367594), (0.10045949, 0.0067967046, 0.004778413), (0.10020015, 0.013400993, 0.005146906), (0.09987856, 0.019943433, 0.0055458425), (0.099572405, 0.026459033, 0.0057820403), (0.099358365, 0.03299397, 0.0058070724), (0.09929315, 0.03959328, 0.0057623456), (0.099398956, 0.04628841, 0.005890541), (0.09965686, 0.05308781, 0.00637127), (0.10001007, 0.059973218, 0.007195794), (0.10037654, 0.06690267, 0.008172295), (0.10066807, 0.07381968, 0.009063822), (0.10081148, 0.08066643, 0.009768025), (0.10076672, 0.08739759, 0.010418804), (0.10053758, 0.09399153, 0.011353163), (0.10017214, 0.100456, 0.013034267), (0.09975251, 0.106826864, 0.01677727), (0.09937627, 0.11316035, 0.021015437), (0.09913362, 0.11952058, 0.021016192), (0.106158935, -0.12073927, 0.021015327), (0.10634047, -0.11390495, 0.021015327), (0.106599286, -0.10697186, 0.01710903), (0.10686848, -0.09999347, 0.0137919495), (0.10707911, -0.09303222, 0.012193934), (0.10717752, -0.086145885, 0.011071979), (0.10713884, -0.07937488, 0.010149169), (0.10697347, -0.07273344, 0.009296042), (0.10672453, -0.066206925, 0.008477012), (0.10645724, -0.059755795, 0.0077369185), (0.10624241, -0.053325485, 0.0071596336), (0.106138386, -0.046859745, 0.0068024937), (0.10617581, -0.040314205, 0.0066428096), (0.10634913, -0.033666875, 0.00657401), (0.10661713, -0.026922965, 0.0064601847), (0.10691254, -0.020112827, 0.006218102), (0.10715853, -0.013283536, 0.0058733793), (0.10728803, -0.006486238, 0.0055503724), (0.10726129, 0.00023751822, 0.0053974423), (0.10707692, 0.006867003, 0.005493183), (0.10677379, 0.013408161, 0.0057945773), (0.10642282, 0.019892551, 0.0061626635), (0.1061104, 0.02636957, 0.006450838), (0.105917476, 0.032893863, 0.0065989136), (0.10589905, 0.039511073, 0.0066713947), (0.106069505, 0.04624558, 0.006815078), (0.106397256, 0.053093273, 0.007164806), (0.1068106, 0.060021438, 0.007760718), (0.10721355, 0.066975676, 0.008532248), (0.107508205, 0.0738924, 0.0093590645), (0.1076184, 0.0807138, 0.010168356), (0.107508935, 0.08740158, 0.011007401), (0.10719563, 0.09394617, 0.012059259), (0.10674346, 0.100369245, 0.013660917), (0.10625289, 0.1067188, 0.017068867), (0.10583722, 0.11305823, 0.021015238), (0.10559626, 0.11945203, 0.021015562), (0.112857066, -0.120711096, 0.021015327), (0.1130383, -0.11384647, 0.021015327), (0.11328705, -0.10688622, 0.017246379), (0.11353715, -0.09989572, 0.014280955), (0.11372326, -0.09294563, 0.012926383), (0.11379745, -0.086095355, 0.011870993), (0.11374137, -0.07937952, 0.010848808), (0.11357097, -0.072800465, 0.009844655), (0.11333251, -0.06632862, 0.00896041), (0.11309073, -0.05991063, 0.008305368), (0.11291222, -0.053482994, 0.007914595), (0.11284801, -0.046987947, 0.007725904), (0.112919904, -0.040387504, 0.007617351), (0.11311393, -0.03367234, 0.0074744355), (0.11338302, -0.026863249, 0.0072444766), (0.113658085, -0.02000504, 0.006950196), (0.11386524, -0.013154415, 0.006662926), (0.11394477, -0.006365015, 0.006458485), (0.11386715, 0.00032660554, 0.006382864), (0.11364203, 0.0069105118, 0.006441802), (0.1133176, 0.013406056, 0.0066104853), (0.112970226, 0.019857042, 0.006850023), (0.11268656, 0.026320618, 0.007120295), (0.112542294, 0.032852728, 0.007388155), (0.11258272, 0.039493773, 0.0076357615), (0.11281004, 0.046258066, 0.007870891), (0.1131806, 0.053129736, 0.008133272), (0.113613434, 0.06006606, 0.008487355), (0.1140081, 0.067007415, 0.0089984415), (0.1142681, 0.073891416, 0.009702751), (0.114324294, 0.0806677, 0.010592465), (0.11415265, 0.0873098, 0.011635043), (0.1137819, 0.093821354, 0.012835657), (0.11328894, 0.100234985, 0.014369881), (0.11278255, 0.10660451, 0.017408367), (0.112379074, 0.112992294, 0.021015042), (0.11217542, 0.11945488, 0.02101486), (0.119631976, -0.12058709, 0.021015327), (0.11980818, -0.113718726, 0.021015327), (0.12002576, -0.10677099, 0.017471327), (0.12022561, -0.099812314, 0.014814367), (0.12035437, -0.09291189, 0.013632783), (0.120378144, -0.08612263, 0.012626553), (0.12029126, -0.079468586, 0.0115609495), (0.1201178, -0.072939776, 0.0105055), (0.119905464, -0.066495754, 0.009644674), (0.11971335, -0.06007664, 0.009108252), (0.11959651, -0.053618737, 0.008874437), (0.119591266, -0.04707074, 0.0087892), (0.11970505, -0.040406354, 0.008672879), (0.11991347, -0.033630233, 0.0084319245), (0.12016542, -0.026775934, 0.008099583), (0.12039539, -0.019896533, 0.007786794), (0.120539844, -0.013050504, 0.007589612), (0.1205538, -0.0062864963, 0.007525175), (0.120423354, 0.00036906765, 0.0075392136), (0.12017091, 0.006918511, 0.007569513), (0.11985147, 0.013391991, 0.0076074433), (0.11954051, 0.01983953, 0.007705139), (0.1193163, 0.02631812, 0.00792305), (0.11924057, 0.03287721, 0.0082634995), (0.11934241, 0.03954628, 0.008649879), (0.1196094, 0.046327524, 0.008976293), (0.119988434, 0.053195395, 0.009195075), (0.12039645, 0.060103025, 0.009374456), (0.120738864, 0.06699379, 0.0096752625), (0.1209316, 0.073815115, 0.010254575), (0.1209215, 0.08053106, 0.011163245), (0.120700285, 0.08713072, 0.0123190945), (0.12030844, 0.093630366, 0.013598404), (0.11982776, 0.10006912, 0.015050128), (0.11936394, 0.10649918, 0.017746847), (0.11902297, 0.112973236, 0.021014906), (0.1188867, 0.11953214, 0.021014364), (0.12646645, -0.1203824, 0.021015327), (0.12663172, -0.11353606, 0.021015327), (0.12680045, -0.10663824, 0.017800415), (0.12692608, -0.09975134, 0.015369346), (0.12697394, -0.09293359, 0.014269459), (0.12693024, -0.086223826, 0.0133268265), (0.12680587, -0.07963167, 0.012343714), (0.12663388, -0.07313565, 0.011398126), (0.12646112, -0.0666895, 0.010658425), (0.12633628, -0.060234826, 0.010222849), (0.12629706, -0.053716596, 0.010039818), (0.12635994, -0.047097433, 0.009945463), (0.1265149, -0.040366895, 0.009779029), (0.12672698, -0.03354358, 0.009487246), (0.1269441, -0.026669597, 0.0091439085), (0.12710957, -0.019799134, 0.008877433), (0.12717637, -0.012984185, 0.008766957), (0.12711959, -0.0062612393, 0.00878698), (0.12694384, 0.0003576712, 0.008839406), (0.12668377, 0.006887401, 0.008842912), (0.12639713, 0.013365154, 0.008805726), (0.12615183, 0.019840369, 0.0088220965), (0.12600994, 0.026361769, 0.008993725), (0.12601237, 0.03296499, 0.009338246), (0.12616791, 0.039663896, 0.0097602215), (0.12644954, 0.046447676, 0.010114335), (0.12679908, 0.05328429, 0.010318871), (0.12713943, 0.060129154, 0.010434485), (0.12739182, 0.06693673, 0.010643446), (0.12749408, 0.07367203, 0.011136156), (0.12741579, 0.08031911, 0.011983994), (0.12716655, 0.08688459, 0.013096933), (0.12679534, 0.09339544, 0.014317795), (0.12638061, 0.099891804, 0.015649956), (0.12601347, 0.106416695, 0.018063871), (0.1257773, 0.11300533, 0.021014879), (0.1257286, 0.119676635, 0.02101426), (0.1333342, -0.12012324, 0.021015327), (0.13348053, -0.113320515, 0.021015327), (0.13358738, -0.10650271, 0.018242016), (0.13362502, -0.099718094, 0.015988512), (0.13358147, -0.0930059, 0.014913249), (0.13346593, -0.086384945, 0.014075333), (0.13330673, -0.07984813, 0.013310268), (0.1331445, -0.07336437, 0.012625546), (0.13302219, -0.066887096, 0.012081318), (0.13297412, -0.06036704, 0.011705718), (0.13301705, -0.053765588, 0.011458308), (0.13314533, -0.047065128, 0.011254416), (0.13333145, -0.04027356, 0.011024931), (0.13353205, -0.0334219, 0.01076301), (0.13369806, -0.026555818, 0.010521813), (0.13378647, -0.019723425, 0.010366382), (0.1337711, -0.012962769, 0.010318284), (0.13364966, -0.0062923525, 0.010336922), (0.13344526, 0.00029291882, 0.010352557), (0.13320191, 0.0068194172, 0.010325194), (0.13297488, 0.0133269625, 0.010282149), (0.132818, 0.019857747, 0.010302231), (0.13277107, 0.026445089, 0.01045555), (0.13284992, 0.033104993, 0.010743977), (0.13304195, 0.039832696, 0.011090235), (0.13330805, 0.046604894, 0.011389284), (0.13359082, 0.053386863, 0.011588423), (0.13382713, 0.06014243, 0.011737596), (0.13396242, 0.06684399, 0.011969176), (0.13396329, 0.07347992, 0.012416485), (0.13382566, 0.0800576, 0.013127693), (0.13357636, 0.0866012, 0.014041979), (0.13326779, 0.09314514, 0.015062035), (0.13296658, 0.09972493, 0.016226022), (0.13273904, 0.10636782, 0.018390773), (0.13263628, 0.11308566, 0.021014974), (0.1326826, 0.11987173, 0.021014549), (0.14020373, -0.11984351, 0.021015327), (0.14032067, -0.11309917, 0.021015327), (0.14035808, -0.10638018, 0.018830488), (0.14030556, -0.0997147, 0.016837437), (0.14017497, -0.09311745, 0.015824748), (0.13999756, -0.08658382, 0.0151548125), (0.13981651, -0.08008968, 0.014694283), (0.1396765, -0.07359714, 0.014346503), (0.13961275, -0.06706458, 0.0140291015), (0.1396424, -0.060458113, 0.013693273), (0.13976012, -0.05376109, 0.013337522), (0.13993914, -0.046979044, 0.0130000785), (0.14013748, -0.04013851, 0.012732075), (0.14030781, -0.03328012, 0.0125658605), (0.14040883, -0.026447866, 0.012495811), (0.14041515, -0.019677559, 0.012481692), (0.14032352, -0.012987675, 0.012471798), (0.14015388, -0.0063751154, 0.012432027), (0.13994484, 0.00018306344, 0.012364086), (0.13974476, 0.0067224964, 0.012302692), (0.13960046, 0.013281059, 0.012293961), (0.13954622, 0.019888097, 0.012368016), (0.13959564, 0.026556348, 0.012521966), (0.1397384, 0.033278793, 0.012723069), (0.13994242, 0.040031236, 0.012929897), (0.14016134, 0.046779763, 0.01311874), (0.14034513, 0.053491, 0.013299469), (0.14045168, 0.06014215, 0.013511539), (0.14045656, 0.06672809, 0.013802868), (0.14035854, 0.07326355, 0.014204979), (0.14017996, 0.079779685, 0.014720872), (0.13996144, 0.08631617, 0.015336399), (0.13975252, 0.09291079, 0.01605765), (0.1396003, 0.09958938, 0.016989738), (0.13953865, 0.10635875, 0.018833868), (0.13958058, 0.113204345, 0.021015156), (0.13971551, 0.1200932, 0.021015057), (0.14704318, -0.11958037, 0.021015327), (0.14711814, -0.11290066, 0.021015327), (0.14708418, -0.106285565, 0.01988897), (0.14695099, -0.099739976, 0.018686011), (0.14675206, -0.09325197, 0.018035663), (0.14653626, -0.08679316, 0.017694186), (0.1463559, -0.08032415, 0.017585037), (0.14625405, -0.07380378, 0.017568484), (0.1462541, -0.067199774, 0.017492449), (0.14635445, -0.06049763, 0.017275274), (0.14652902, -0.053705264, 0.01694722), (0.14673398, -0.04685169, 0.016621452), (0.14691865, -0.03998006, 0.016415438), (0.14703795, -0.033136692, 0.016375763), (0.14706342, -0.026359111, 0.016454313), (0.14699, -0.019666368, 0.016547156), (0.14683715, -0.013054391, 0.016565626), (0.14664374, -0.006497688, 0.016490255), (0.1464584, 0.000043015363, 0.016373752), (0.14632732, 0.006609297, 0.016296268), (0.14628288, 0.013232945, 0.01630807), (0.1463357, 0.019926656, 0.016400054), (0.14647207, 0.026680175, 0.01651944), (0.14665742, 0.033463057, 0.016614635), (0.14684503, 0.040233303, 0.016674057), (0.1469876, 0.04694957, 0.016731065), (0.14704911, 0.053583525, 0.01683432), (0.14701378, 0.060128897, 0.01700877), (0.14689, 0.06660468, 0.017238079), (0.14670837, 0.07305144, 0.017481731), (0.14651413, 0.07952162, 0.0177132), (0.14635602, 0.0860664, 0.017950647), (0.14627409, 0.0927225, 0.01826112), (0.1462898, 0.09950236, 0.01875608), (0.14640044, 0.10639035, 0.019812915), (0.14657971, 0.113345824, 0.021015348), (0.14678395, 0.12031233, 0.021015473), (0.15382506, -0.11936926, 0.021015327), (0.1538445, -0.11275143, 0.021015327), (0.1537427, -0.106231056, 0.02101552), (0.15354827, -0.099789836, 0.021014655), (0.15331142, -0.09339065, 0.021014003), (0.1530912, -0.086984254, 0.02101413), (0.1529409, -0.08051976, 0.021014987), (0.15289499, -0.07395666, 0.021016033), (0.15296105, -0.06727503, 0.021016613), (0.15311846, -0.060481127, 0.02101638), (0.15332404, -0.053606585, 0.021015516), (0.15352342, -0.046701085, 0.021014582), (0.15366496, -0.039820146, 0.021014145), (0.15371293, -0.033011157, 0.021014413), (0.1536565, -0.026301326, 0.021015143), (0.15351227, -0.019690845, 0.021015834), (0.15331988, -0.01315321, 0.021016074), (0.15313163, -0.0066427975, 0.021015797), (0.15299885, -0.00010770967, 0.021015272), (0.15295841, 0.006495501, 0.021014882), (0.153023, 0.013189276, 0.02101485), (0.15317746, 0.01996817, 0.021015108), (0.1533822, 0.026799673, 0.02101539), (0.15358329, 0.033632673, 0.021015469), (0.15372607, 0.040411428, 0.021015316), (0.15376954, 0.047091275, 0.021015113), (0.15369733, 0.053651914, 0.021015076), (0.15352282, 0.060104482, 0.021015272), (0.15328659, 0.066490404, 0.021015553), (0.15304695, 0.07287213, 0.021015678), (0.15286568, 0.079318024, 0.021015512), (0.15279238, 0.08588528, 0.021015147), (0.15285152, 0.09260529, 0.021014849), (0.15303527, 0.09947523, 0.021014856), (0.15330423, 0.106458046, 0.02101518), (0.1535961, 0.113490894, 0.021015327), (0.15384024, 0.12049968, 0.021015327), (0.16053042, -0.11923913, 0.021015327), (0.16048186, -0.11267224, 0.021015327), (0.16032058, -0.106224574, 0.02101548), (0.1600914, -0.09985785, 0.021014694), (0.15985428, -0.09351474, 0.021014115), (0.15966915, -0.087130904, 0.021014247), (0.15958077, -0.08064946, 0.021015039), (0.15960786, -0.07403443, 0.021016), (0.15973878, -0.06727964, 0.02101653), (0.15993507, -0.060410593, 0.021016309), (0.16014174, -0.05347859, 0.021015497), (0.16030185, -0.046548206, 0.021014608), (0.16037142, -0.03968129, 0.021014174), (0.16033117, -0.032921452, 0.02101441), (0.16019166, -0.026283108, 0.021015106), (0.15999077, -0.019748058, 0.021015804), (0.1597841, -0.013270629, 0.021016099), (0.1596302, -0.006790172, 0.021015882), (0.1595752, -0.00024771603, 0.021015378), (0.1596399, 0.0063976287, 0.021014933), (0.15981346, 0.013156925, 0.021014791), (0.16005501, 0.020007594, 0.021014953), (0.16030318, 0.026898708, 0.021015223), (0.16049142, 0.03376421, 0.02101539), (0.16056506, 0.040540624, 0.021015387), (0.16049622, 0.047184672, 0.021015305), (0.16029224, 0.05368601, 0.021015285), (0.15999566, 0.060071655, 0.021015378), (0.15967523, 0.066400655, 0.021015497), (0.15940985, 0.0727503, 0.021015493), (0.15926938, 0.0791972, 0.021015303), (0.15929669, 0.08579816, 0.021015028), (0.1594958, 0.0925757, 0.021014871), (0.15982898, 0.09951195, 0.021014985), (0.16022398, 0.10655252, 0.0210153), (0.16058998, 0.11361932, 0.021015327), (0.16083872, 0.12062904, 0.021015327)]
            texCoord2f[] primvars:st = [(0, 0), (0, 0.027777778), (0, 0.055555556), (0, 0.083333336), (0, 0.11111111), (0, 0.1388889), (0, 0.16666667), (0, 0.19444445), (0, 0.22222222), (0, 0.25), (0, 0.2777778), (0, 0.30555555), (0, 0.33333334), (0, 0.3611111), (0, 0.3888889), (0, 0.41666666), (0, 0.44444445), (0, 0.4722222), (0, 0.5), (0, 0.5277778), (0, 0.5555556), (0, 0.5833333), (0, 0.6111111), (0, 0.6388889), (0, 0.6666667), (0, 0.6944444), (0, 0.7222222), (0, 0.75), (0, 0.7777778), (0, 0.8055556), (0, 0.8333333), (0, 0.8611111), (0, 0.8888889), (0, 0.9166667), (0, 0.9444444), (0, 0.9722222), (0, 1), (0.020833334, 0), (0.020833334, 0.027777778), (0.020833334, 0.055555556), (0.020833334, 0.083333336), (0.020833334, 0.11111111), (0.020833334, 0.1388889), (0.020833334, 0.16666667), (0.020833334, 0.19444445), (0.020833334, 0.22222222), (0.020833334, 0.25), (0.020833334, 0.2777778), (0.020833334, 0.30555555), (0.020833334, 0.33333334), (0.020833334, 0.3611111), (0.020833334, 0.3888889), (0.020833334, 0.41666666), (0.020833334, 0.44444445), (0.020833334, 0.4722222), (0.020833334, 0.5), (0.020833334, 0.5277778), (0.020833334, 0.5555556), (0.020833334, 0.5833333), (0.020833334, 0.6111111), (0.020833334, 0.6388889), (0.020833334, 0.6666667), (0.020833334, 0.6944444), (0.020833334, 0.7222222), (0.020833334, 0.75), (0.020833334, 0.7777778), (0.020833334, 0.8055556), (0.020833334, 0.8333333), (0.020833334, 0.8611111), (0.020833334, 0.8888889), (0.020833334, 0.9166667), (0.020833334, 0.9444444), (0.020833334, 0.9722222), (0.020833334, 1), (0.041666668, 0), (0.041666668, 0.027777778), (0.041666668, 0.055555556), (0.041666668, 0.083333336), (0.041666668, 0.11111111), (0.041666668, 0.1388889), (0.041666668, 0.16666667), (0.041666668, 0.19444445), (0.041666668, 0.22222222), (0.041666668, 0.25), (0.041666668, 0.2777778), (0.041666668, 0.30555555), (0.041666668, 0.33333334), (0.041666668, 0.3611111), (0.041666668, 0.3888889), (0.041666668, 0.41666666), (0.041666668, 0.44444445), (0.041666668, 0.4722222), (0.041666668, 0.5), (0.041666668, 0.5277778), (0.041666668, 0.5555556), (0.041666668, 0.5833333), (0.041666668, 0.6111111), (0.041666668, 0.6388889), (0.041666668, 0.6666667), (0.041666668, 0.6944444), (0.041666668, 0.7222222), (0.041666668, 0.75), (0.041666668, 0.7777778), (0.041666668, 0.8055556), (0.041666668, 0.8333333), (0.041666668, 0.8611111), (0.041666668, 0.8888889), (0.041666668, 0.9166667), (0.041666668, 0.9444444), (0.041666668, 0.9722222), (0.041666668, 1), (0.0625, 0), (0.0625, 0.027777778), (0.0625, 0.055555556), (0.0625, 0.083333336), (0.0625, 0.11111111), (0.0625, 0.1388889), (0.0625, 0.16666667), (0.0625, 0.19444445), (0.0625, 0.22222222), (0.0625, 0.25), (0.0625, 0.2777778), (0.0625, 0.30555555), (0.0625, 0.33333334), (0.0625, 0.3611111), (0.0625, 0.3888889), (0.0625, 0.41666666), (0.0625, 0.44444445), (0.0625, 0.4722222), (0.0625, 0.5), (0.0625, 0.5277778), (0.0625, 0.5555556), (0.0625, 0.5833333), (0.0625, 0.6111111), (0.0625, 0.6388889), (0.0625, 0.6666667), (0.0625, 0.6944444), (0.0625, 0.7222222), (0.0625, 0.75), (0.0625, 0.7777778), (0.0625, 0.8055556), (0.0625, 0.8333333), (0.0625, 0.8611111), (0.0625, 0.8888889), (0.0625, 0.9166667), (0.0625, 0.9444444), (0.0625, 0.9722222), (0.0625, 1), (0.083333336, 0), (0.083333336, 0.027777778), (0.083333336, 0.055555556), (0.083333336, 0.083333336), (0.083333336, 0.11111111), (0.083333336, 0.1388889), (0.083333336, 0.16666667), (0.083333336, 0.19444445), (0.083333336, 0.22222222), (0.083333336, 0.25), (0.083333336, 0.2777778), (0.083333336, 0.30555555), (0.083333336, 0.33333334), (0.083333336, 0.3611111), (0.083333336, 0.3888889), (0.083333336, 0.41666666), (0.083333336, 0.44444445), (0.083333336, 0.4722222), (0.083333336, 0.5), (0.083333336, 0.5277778), (0.083333336, 0.5555556), (0.083333336, 0.5833333), (0.083333336, 0.6111111), (0.083333336, 0.6388889), (0.083333336, 0.6666667), (0.083333336, 0.6944444), (0.083333336, 0.7222222), (0.083333336, 0.75), (0.083333336, 0.7777778), (0.083333336, 0.8055556), (0.083333336, 0.8333333), (0.083333336, 0.8611111), (0.083333336, 0.8888889), (0.083333336, 0.9166667), (0.083333336, 0.9444444), (0.083333336, 0.9722222), (0.083333336, 1), (0.104166664, 0), (0.104166664, 0.027777778), (0.104166664, 0.055555556), (0.104166664, 0.083333336), (0.104166664, 0.11111111), (0.104166664, 0.1388889), (0.104166664, 0.16666667), (0.104166664, 0.19444445), (0.104166664, 0.22222222), (0.104166664, 0.25), (0.104166664, 0.2777778), (0.104166664, 0.30555555), (0.104166664, 0.33333334), (0.104166664, 0.3611111), (0.104166664, 0.3888889), (0.104166664, 0.41666666), (0.104166664, 0.44444445), (0.104166664, 0.4722222), (0.104166664, 0.5), (0.104166664, 0.5277778), (0.104166664, 0.5555556), (0.104166664, 0.5833333), (0.104166664, 0.6111111), (0.104166664, 0.6388889), (0.104166664, 0.6666667), (0.104166664, 0.6944444), (0.104166664, 0.7222222), (0.104166664, 0.75), (0.104166664, 0.7777778), (0.104166664, 0.8055556), (0.104166664, 0.8333333), (0.104166664, 0.8611111), (0.104166664, 0.8888889), (0.104166664, 0.9166667), (0.104166664, 0.9444444), (0.104166664, 0.9722222), (0.104166664, 1), (0.125, 0), (0.125, 0.027777778), (0.125, 0.055555556), (0.125, 0.083333336), (0.125, 0.11111111), (0.125, 0.1388889), (0.125, 0.16666667), (0.125, 0.19444445), (0.125, 0.22222222), (0.125, 0.25), (0.125, 0.2777778), (0.125, 0.30555555), (0.125, 0.33333334), (0.125, 0.3611111), (0.125, 0.3888889), (0.125, 0.41666666), (0.125, 0.44444445), (0.125, 0.4722222), (0.125, 0.5), (0.125, 0.5277778), (0.125, 0.5555556), (0.125, 0.5833333), (0.125, 0.6111111), (0.125, 0.6388889), (0.125, 0.6666667), (0.125, 0.6944444), (0.125, 0.7222222), (0.125, 0.75), (0.125, 0.7777778), (0.125, 0.8055556), (0.125, 0.8333333), (0.125, 0.8611111), (0.125, 0.8888889), (0.125, 0.9166667), (0.125, 0.9444444), (0.125, 0.9722222), (0.125, 1), (0.14583333, 0), (0.14583333, 0.027777778), (0.14583333, 0.055555556), (0.14583333, 0.083333336), (0.14583333, 0.11111111), (0.14583333, 0.1388889), (0.14583333, 0.16666667), (0.14583333, 0.19444445), (0.14583333, 0.22222222), (0.14583333, 0.25), (0.14583333, 0.2777778), (0.14583333, 0.30555555), (0.14583333, 0.33333334), (0.14583333, 0.3611111), (0.14583333, 0.3888889), (0.14583333, 0.41666666), (0.14583333, 0.44444445), (0.14583333, 0.4722222), (0.14583333, 0.5), (0.14583333, 0.5277778), (0.14583333, 0.5555556), (0.14583333, 0.5833333), (0.14583333, 0.6111111), (0.14583333, 0.6388889), (0.14583333, 0.6666667), (0.14583333, 0.6944444), (0.14583333, 0.7222222), (0.14583333, 0.75), (0.14583333, 0.7777778), (0.14583333, 0.8055556), (0.14583333, 0.8333333), (0.14583333, 0.8611111), (0.14583333, 0.8888889), (0.14583333, 0.9166667), (0.14583333, 0.9444444), (0.14583333, 0.9722222), (0.14583333, 1), (0.16666667, 0), (0.16666667, 0.027777778), (0.16666667, 0.055555556), (0.16666667, 0.083333336), (0.16666667, 0.11111111), (0.16666667, 0.1388889), (0.16666667, 0.16666667), (0.16666667, 0.19444445), (0.16666667, 0.22222222), (0.16666667, 0.25), (0.16666667, 0.2777778), (0.16666667, 0.30555555), (0.16666667, 0.33333334), (0.16666667, 0.3611111), (0.16666667, 0.3888889), (0.16666667, 0.41666666), (0.16666667, 0.44444445), (0.16666667, 0.4722222), (0.16666667, 0.5), (0.16666667, 0.5277778), (0.16666667, 0.5555556), (0.16666667, 0.5833333), (0.16666667, 0.6111111), (0.16666667, 0.6388889), (0.16666667, 0.6666667), (0.16666667, 0.6944444), (0.16666667, 0.7222222), (0.16666667, 0.75), (0.16666667, 0.7777778), (0.16666667, 0.8055556), (0.16666667, 0.8333333), (0.16666667, 0.8611111), (0.16666667, 0.8888889), (0.16666667, 0.9166667), (0.16666667, 0.9444444), (0.16666667, 0.9722222), (0.16666667, 1), (0.1875, 0), (0.1875, 0.027777778), (0.1875, 0.055555556), (0.1875, 0.083333336), (0.1875, 0.11111111), (0.1875, 0.1388889), (0.1875, 0.16666667), (0.1875, 0.19444445), (0.1875, 0.22222222), (0.1875, 0.25), (0.1875, 0.2777778), (0.1875, 0.30555555), (0.1875, 0.33333334), (0.1875, 0.3611111), (0.1875, 0.3888889), (0.1875, 0.41666666), (0.1875, 0.44444445), (0.1875, 0.4722222), (0.1875, 0.5), (0.1875, 0.5277778), (0.1875, 0.5555556), (0.1875, 0.5833333), (0.1875, 0.6111111), (0.1875, 0.6388889), (0.1875, 0.6666667), (0.1875, 0.6944444), (0.1875, 0.7222222), (0.1875, 0.75), (0.1875, 0.7777778), (0.1875, 0.8055556), (0.1875, 0.8333333), (0.1875, 0.8611111), (0.1875, 0.8888889), (0.1875, 0.9166667), (0.1875, 0.9444444), (0.1875, 0.9722222), (0.1875, 1), (0.20833333, 0), (0.20833333, 0.027777778), (0.20833333, 0.055555556), (0.20833333, 0.083333336), (0.20833333, 0.11111111), (0.20833333, 0.1388889), (0.20833333, 0.16666667), (0.20833333, 0.19444445), (0.20833333, 0.22222222), (0.20833333, 0.25), (0.20833333, 0.2777778), (0.20833333, 0.30555555), (0.20833333, 0.33333334), (0.20833333, 0.3611111), (0.20833333, 0.3888889), (0.20833333, 0.41666666), (0.20833333, 0.44444445), (0.20833333, 0.4722222), (0.20833333, 0.5), (0.20833333, 0.5277778), (0.20833333, 0.5555556), (0.20833333, 0.5833333), (0.20833333, 0.6111111), (0.20833333, 0.6388889), (0.20833333, 0.6666667), (0.20833333, 0.6944444), (0.20833333, 0.7222222), (0.20833333, 0.75), (0.20833333, 0.7777778), (0.20833333, 0.8055556), (0.20833333, 0.8333333), (0.20833333, 0.8611111), (0.20833333, 0.8888889), (0.20833333, 0.9166667), (0.20833333, 0.9444444), (0.20833333, 0.9722222), (0.20833333, 1), (0.22916667, 0), (0.22916667, 0.027777778), (0.22916667, 0.055555556), (0.22916667, 0.083333336), (0.22916667, 0.11111111), (0.22916667, 0.1388889), (0.22916667, 0.16666667), (0.22916667, 0.19444445), (0.22916667, 0.22222222), (0.22916667, 0.25), (0.22916667, 0.2777778), (0.22916667, 0.30555555), (0.22916667, 0.33333334), (0.22916667, 0.3611111), (0.22916667, 0.3888889), (0.22916667, 0.41666666), (0.22916667, 0.44444445), (0.22916667, 0.4722222), (0.22916667, 0.5), (0.22916667, 0.5277778), (0.22916667, 0.5555556), (0.22916667, 0.5833333), (0.22916667, 0.6111111), (0.22916667, 0.6388889), (0.22916667, 0.6666667), (0.22916667, 0.6944444), (0.22916667, 0.7222222), (0.22916667, 0.75), (0.22916667, 0.7777778), (0.22916667, 0.8055556), (0.22916667, 0.8333333), (0.22916667, 0.8611111), (0.22916667, 0.8888889), (0.22916667, 0.9166667), (0.22916667, 0.9444444), (0.22916667, 0.9722222), (0.22916667, 1), (0.25, 0), (0.25, 0.027777778), (0.25, 0.055555556), (0.25, 0.083333336), (0.25, 0.11111111), (0.25, 0.1388889), (0.25, 0.16666667), (0.25, 0.19444445), (0.25, 0.22222222), (0.25, 0.25), (0.25, 0.2777778), (0.25, 0.30555555), (0.25, 0.33333334), (0.25, 0.3611111), (0.25, 0.3888889), (0.25, 0.41666666), (0.25, 0.44444445), (0.25, 0.4722222), (0.25, 0.5), (0.25, 0.5277778), (0.25, 0.5555556), (0.25, 0.5833333), (0.25, 0.6111111), (0.25, 0.6388889), (0.25, 0.6666667), (0.25, 0.6944444), (0.25, 0.7222222), (0.25, 0.75), (0.25, 0.7777778), (0.25, 0.8055556), (0.25, 0.8333333), (0.25, 0.8611111), (0.25, 0.8888889), (0.25, 0.9166667), (0.25, 0.9444444), (0.25, 0.9722222), (0.25, 1), (0.27083334, 0), (0.27083334, 0.027777778), (0.27083334, 0.055555556), (0.27083334, 0.083333336), (0.27083334, 0.11111111), (0.27083334, 0.1388889), (0.27083334, 0.16666667), (0.27083334, 0.19444445), (0.27083334, 0.22222222), (0.27083334, 0.25), (0.27083334, 0.2777778), (0.27083334, 0.30555555), (0.27083334, 0.33333334), (0.27083334, 0.3611111), (0.27083334, 0.3888889), (0.27083334, 0.41666666), (0.27083334, 0.44444445), (0.27083334, 0.4722222), (0.27083334, 0.5), (0.27083334, 0.5277778), (0.27083334, 0.5555556), (0.27083334, 0.5833333), (0.27083334, 0.6111111), (0.27083334, 0.6388889), (0.27083334, 0.6666667), (0.27083334, 0.6944444), (0.27083334, 0.7222222), (0.27083334, 0.75), (0.27083334, 0.7777778), (0.27083334, 0.8055556), (0.27083334, 0.8333333), (0.27083334, 0.8611111), (0.27083334, 0.8888889), (0.27083334, 0.9166667), (0.27083334, 0.9444444), (0.27083334, 0.9722222), (0.27083334, 1), (0.29166666, 0), (0.29166666, 0.027777778), (0.29166666, 0.055555556), (0.29166666, 0.083333336), (0.29166666, 0.11111111), (0.29166666, 0.1388889), (0.29166666, 0.16666667), (0.29166666, 0.19444445), (0.29166666, 0.22222222), (0.29166666, 0.25), (0.29166666, 0.2777778), (0.29166666, 0.30555555), (0.29166666, 0.33333334), (0.29166666, 0.3611111), (0.29166666, 0.3888889), (0.29166666, 0.41666666), (0.29166666, 0.44444445), (0.29166666, 0.4722222), (0.29166666, 0.5), (0.29166666, 0.5277778), (0.29166666, 0.5555556), (0.29166666, 0.5833333), (0.29166666, 0.6111111), (0.29166666, 0.6388889), (0.29166666, 0.6666667), (0.29166666, 0.6944444), (0.29166666, 0.7222222), (0.29166666, 0.75), (0.29166666, 0.7777778), (0.29166666, 0.8055556), (0.29166666, 0.8333333), (0.29166666, 0.8611111), (0.29166666, 0.8888889), (0.29166666, 0.9166667), (0.29166666, 0.9444444), (0.29166666, 0.9722222), (0.29166666, 1), (0.3125, 0), (0.3125, 0.027777778), (0.3125, 0.055555556), (0.3125, 0.083333336), (0.3125, 0.11111111), (0.3125, 0.1388889), (0.3125, 0.16666667), (0.3125, 0.19444445), (0.3125, 0.22222222), (0.3125, 0.25), (0.3125, 0.2777778), (0.3125, 0.30555555), (0.3125, 0.33333334), (0.3125, 0.3611111), (0.3125, 0.3888889), (0.3125, 0.41666666), (0.3125, 0.44444445), (0.3125, 0.4722222), (0.3125, 0.5), (0.3125, 0.5277778), (0.3125, 0.5555556), (0.3125, 0.5833333), (0.3125, 0.6111111), (0.3125, 0.6388889), (0.3125, 0.6666667), (0.3125, 0.6944444), (0.3125, 0.7222222), (0.3125, 0.75), (0.3125, 0.7777778), (0.3125, 0.8055556), (0.3125, 0.8333333), (0.3125, 0.8611111), (0.3125, 0.8888889), (0.3125, 0.9166667), (0.3125, 0.9444444), (0.3125, 0.9722222), (0.3125, 1), (0.33333334, 0), (0.33333334, 0.027777778), (0.33333334, 0.055555556), (0.33333334, 0.083333336), (0.33333334, 0.11111111), (0.33333334, 0.1388889), (0.33333334, 0.16666667), (0.33333334, 0.19444445), (0.33333334, 0.22222222), (0.33333334, 0.25), (0.33333334, 0.2777778), (0.33333334, 0.30555555), (0.33333334, 0.33333334), (0.33333334, 0.3611111), (0.33333334, 0.3888889), (0.33333334, 0.41666666), (0.33333334, 0.44444445), (0.33333334, 0.4722222), (0.33333334, 0.5), (0.33333334, 0.5277778), (0.33333334, 0.5555556), (0.33333334, 0.5833333), (0.33333334, 0.6111111), (0.33333334, 0.6388889), (0.33333334, 0.6666667), (0.33333334, 0.6944444), (0.33333334, 0.7222222), (0.33333334, 0.75), (0.33333334, 0.7777778), (0.33333334, 0.8055556), (0.33333334, 0.8333333), (0.33333334, 0.8611111), (0.33333334, 0.8888889), (0.33333334, 0.9166667), (0.33333334, 0.9444444), (0.33333334, 0.9722222), (0.33333334, 1), (0.35416666, 0), (0.35416666, 0.027777778), (0.35416666, 0.055555556), (0.35416666, 0.083333336), (0.35416666, 0.11111111), (0.35416666, 0.1388889), (0.35416666, 0.16666667), (0.35416666, 0.19444445), (0.35416666, 0.22222222), (0.35416666, 0.25), (0.35416666, 0.2777778), (0.35416666, 0.30555555), (0.35416666, 0.33333334), (0.35416666, 0.3611111), (0.35416666, 0.3888889), (0.35416666, 0.41666666), (0.35416666, 0.44444445), (0.35416666, 0.4722222), (0.35416666, 0.5), (0.35416666, 0.5277778), (0.35416666, 0.5555556), (0.35416666, 0.5833333), (0.35416666, 0.6111111), (0.35416666, 0.6388889), (0.35416666, 0.6666667), (0.35416666, 0.6944444), (0.35416666, 0.7222222), (0.35416666, 0.75), (0.35416666, 0.7777778), (0.35416666, 0.8055556), (0.35416666, 0.8333333), (0.35416666, 0.8611111), (0.35416666, 0.8888889), (0.35416666, 0.9166667), (0.35416666, 0.9444444), (0.35416666, 0.9722222), (0.35416666, 1), (0.375, 0), (0.375, 0.027777778), (0.375, 0.055555556), (0.375, 0.083333336), (0.375, 0.11111111), (0.375, 0.1388889), (0.375, 0.16666667), (0.375, 0.19444445), (0.375, 0.22222222), (0.375, 0.25), (0.375, 0.2777778), (0.375, 0.30555555), (0.375, 0.33333334), (0.375, 0.3611111), (0.375, 0.3888889), (0.375, 0.41666666), (0.375, 0.44444445), (0.375, 0.4722222), (0.375, 0.5), (0.375, 0.5277778), (0.375, 0.5555556), (0.375, 0.5833333), (0.375, 0.6111111), (0.375, 0.6388889), (0.375, 0.6666667), (0.375, 0.6944444), (0.375, 0.7222222), (0.375, 0.75), (0.375, 0.7777778), (0.375, 0.8055556), (0.375, 0.8333333), (0.375, 0.8611111), (0.375, 0.8888889), (0.375, 0.9166667), (0.375, 0.9444444), (0.375, 0.9722222), (0.375, 1), (0.39583334, 0), (0.39583334, 0.027777778), (0.39583334, 0.055555556), (0.39583334, 0.083333336), (0.39583334, 0.11111111), (0.39583334, 0.1388889), (0.39583334, 0.16666667), (0.39583334, 0.19444445), (0.39583334, 0.22222222), (0.39583334, 0.25), (0.39583334, 0.2777778), (0.39583334, 0.30555555), (0.39583334, 0.33333334), (0.39583334, 0.3611111), (0.39583334, 0.3888889), (0.39583334, 0.41666666), (0.39583334, 0.44444445), (0.39583334, 0.4722222), (0.39583334, 0.5), (0.39583334, 0.5277778), (0.39583334, 0.5555556), (0.39583334, 0.5833333), (0.39583334, 0.6111111), (0.39583334, 0.6388889), (0.39583334, 0.6666667), (0.39583334, 0.6944444), (0.39583334, 0.7222222), (0.39583334, 0.75), (0.39583334, 0.7777778), (0.39583334, 0.8055556), (0.39583334, 0.8333333), (0.39583334, 0.8611111), (0.39583334, 0.8888889), (0.39583334, 0.9166667), (0.39583334, 0.9444444), (0.39583334, 0.9722222), (0.39583334, 1), (0.41666666, 0), (0.41666666, 0.027777778), (0.41666666, 0.055555556), (0.41666666, 0.083333336), (0.41666666, 0.11111111), (0.41666666, 0.1388889), (0.41666666, 0.16666667), (0.41666666, 0.19444445), (0.41666666, 0.22222222), (0.41666666, 0.25), (0.41666666, 0.2777778), (0.41666666, 0.30555555), (0.41666666, 0.33333334), (0.41666666, 0.3611111), (0.41666666, 0.3888889), (0.41666666, 0.41666666), (0.41666666, 0.44444445), (0.41666666, 0.4722222), (0.41666666, 0.5), (0.41666666, 0.5277778), (0.41666666, 0.5555556), (0.41666666, 0.5833333), (0.41666666, 0.6111111), (0.41666666, 0.6388889), (0.41666666, 0.6666667), (0.41666666, 0.6944444), (0.41666666, 0.7222222), (0.41666666, 0.75), (0.41666666, 0.7777778), (0.41666666, 0.8055556), (0.41666666, 0.8333333), (0.41666666, 0.8611111), (0.41666666, 0.8888889), (0.41666666, 0.9166667), (0.41666666, 0.9444444), (0.41666666, 0.9722222), (0.41666666, 1), (0.4375, 0), (0.4375, 0.027777778), (0.4375, 0.055555556), (0.4375, 0.083333336), (0.4375, 0.11111111), (0.4375, 0.1388889), (0.4375, 0.16666667), (0.4375, 0.19444445), (0.4375, 0.22222222), (0.4375, 0.25), (0.4375, 0.2777778), (0.4375, 0.30555555), (0.4375, 0.33333334), (0.4375, 0.3611111), (0.4375, 0.3888889), (0.4375, 0.41666666), (0.4375, 0.44444445), (0.4375, 0.4722222), (0.4375, 0.5), (0.4375, 0.5277778), (0.4375, 0.5555556), (0.4375, 0.5833333), (0.4375, 0.6111111), (0.4375, 0.6388889), (0.4375, 0.6666667), (0.4375, 0.6944444), (0.4375, 0.7222222), (0.4375, 0.75), (0.4375, 0.7777778), (0.4375, 0.8055556), (0.4375, 0.8333333), (0.4375, 0.8611111), (0.4375, 0.8888889), (0.4375, 0.9166667), (0.4375, 0.9444444), (0.4375, 0.9722222), (0.4375, 1), (0.45833334, 0), (0.45833334, 0.027777778), (0.45833334, 0.055555556), (0.45833334, 0.083333336), (0.45833334, 0.11111111), (0.45833334, 0.1388889), (0.45833334, 0.16666667), (0.45833334, 0.19444445), (0.45833334, 0.22222222), (0.45833334, 0.25), (0.45833334, 0.2777778), (0.45833334, 0.30555555), (0.45833334, 0.33333334), (0.45833334, 0.3611111), (0.45833334, 0.3888889), (0.45833334, 0.41666666), (0.45833334, 0.44444445), (0.45833334, 0.4722222), (0.45833334, 0.5), (0.45833334, 0.5277778), (0.45833334, 0.5555556), (0.45833334, 0.5833333), (0.45833334, 0.6111111), (0.45833334, 0.6388889), (0.45833334, 0.6666667), (0.45833334, 0.6944444), (0.45833334, 0.7222222), (0.45833334, 0.75), (0.45833334, 0.7777778), (0.45833334, 0.8055556), (0.45833334, 0.8333333), (0.45833334, 0.8611111), (0.45833334, 0.8888889), (0.45833334, 0.9166667), (0.45833334, 0.9444444), (0.45833334, 0.9722222), (0.45833334, 1), (0.47916666, 0), (0.47916666, 0.027777778), (0.47916666, 0.055555556), (0.47916666, 0.083333336), (0.47916666, 0.11111111), (0.47916666, 0.1388889), (0.47916666, 0.16666667), (0.47916666, 0.19444445), (0.47916666, 0.22222222), (0.47916666, 0.25), (0.47916666, 0.2777778), (0.47916666, 0.30555555), (0.47916666, 0.33333334), (0.47916666, 0.3611111), (0.47916666, 0.3888889), (0.47916666, 0.41666666), (0.47916666, 0.44444445), (0.47916666, 0.4722222), (0.47916666, 0.5), (0.47916666, 0.5277778), (0.47916666, 0.5555556), (0.47916666, 0.5833333), (0.47916666, 0.6111111), (0.47916666, 0.6388889), (0.47916666, 0.6666667), (0.47916666, 0.6944444), (0.47916666, 0.7222222), (0.47916666, 0.75), (0.47916666, 0.7777778), (0.47916666, 0.8055556), (0.47916666, 0.8333333), (0.47916666, 0.8611111), (0.47916666, 0.8888889), (0.47916666, 0.9166667), (0.47916666, 0.9444444), (0.47916666, 0.9722222), (0.47916666, 1), (0.5, 0), (0.5, 0.027777778), (0.5, 0.055555556), (0.5, 0.083333336), (0.5, 0.11111111), (0.5, 0.1388889), (0.5, 0.16666667), (0.5, 0.19444445), (0.5, 0.22222222), (0.5, 0.25), (0.5, 0.2777778), (0.5, 0.30555555), (0.5, 0.33333334), (0.5, 0.3611111), (0.5, 0.3888889), (0.5, 0.41666666), (0.5, 0.44444445), (0.5, 0.4722222), (0.5, 0.5), (0.5, 0.5277778), (0.5, 0.5555556), (0.5, 0.5833333), (0.5, 0.6111111), (0.5, 0.6388889), (0.5, 0.6666667), (0.5, 0.6944444), (0.5, 0.7222222), (0.5, 0.75), (0.5, 0.7777778), (0.5, 0.8055556), (0.5, 0.8333333), (0.5, 0.8611111), (0.5, 0.8888889), (0.5, 0.9166667), (0.5, 0.9444444), (0.5, 0.9722222), (0.5, 1), (0.5208333, 0), (0.5208333, 0.027777778), (0.5208333, 0.055555556), (0.5208333, 0.083333336), (0.5208333, 0.11111111), (0.5208333, 0.1388889), (0.5208333, 0.16666667), (0.5208333, 0.19444445), (0.5208333, 0.22222222), (0.5208333, 0.25), (0.5208333, 0.2777778), (0.5208333, 0.30555555), (0.5208333, 0.33333334), (0.5208333, 0.3611111), (0.5208333, 0.3888889), (0.5208333, 0.41666666), (0.5208333, 0.44444445), (0.5208333, 0.4722222), (0.5208333, 0.5), (0.5208333, 0.5277778), (0.5208333, 0.5555556), (0.5208333, 0.5833333), (0.5208333, 0.6111111), (0.5208333, 0.6388889), (0.5208333, 0.6666667), (0.5208333, 0.6944444), (0.5208333, 0.7222222), (0.5208333, 0.75), (0.5208333, 0.7777778), (0.5208333, 0.8055556), (0.5208333, 0.8333333), (0.5208333, 0.8611111), (0.5208333, 0.8888889), (0.5208333, 0.9166667), (0.5208333, 0.9444444), (0.5208333, 0.9722222), (0.5208333, 1), (0.5416667, 0), (0.5416667, 0.027777778), (0.5416667, 0.055555556), (0.5416667, 0.083333336), (0.5416667, 0.11111111), (0.5416667, 0.1388889), (0.5416667, 0.16666667), (0.5416667, 0.19444445), (0.5416667, 0.22222222), (0.5416667, 0.25), (0.5416667, 0.2777778), (0.5416667, 0.30555555), (0.5416667, 0.33333334), (0.5416667, 0.3611111), (0.5416667, 0.3888889), (0.5416667, 0.41666666), (0.5416667, 0.44444445), (0.5416667, 0.4722222), (0.5416667, 0.5), (0.5416667, 0.5277778), (0.5416667, 0.5555556), (0.5416667, 0.5833333), (0.5416667, 0.6111111), (0.5416667, 0.6388889), (0.5416667, 0.6666667), (0.5416667, 0.6944444), (0.5416667, 0.7222222), (0.5416667, 0.75), (0.5416667, 0.7777778), (0.5416667, 0.8055556), (0.5416667, 0.8333333), (0.5416667, 0.8611111), (0.5416667, 0.8888889), (0.5416667, 0.9166667), (0.5416667, 0.9444444), (0.5416667, 0.9722222), (0.5416667, 1), (0.5625, 0), (0.5625, 0.027777778), (0.5625, 0.055555556), (0.5625, 0.083333336), (0.5625, 0.11111111), (0.5625, 0.1388889), (0.5625, 0.16666667), (0.5625, 0.19444445), (0.5625, 0.22222222), (0.5625, 0.25), (0.5625, 0.2777778), (0.5625, 0.30555555), (0.5625, 0.33333334), (0.5625, 0.3611111), (0.5625, 0.3888889), (0.5625, 0.41666666), (0.5625, 0.44444445), (0.5625, 0.4722222), (0.5625, 0.5), (0.5625, 0.5277778), (0.5625, 0.5555556), (0.5625, 0.5833333), (0.5625, 0.6111111), (0.5625, 0.6388889), (0.5625, 0.6666667), (0.5625, 0.6944444), (0.5625, 0.7222222), (0.5625, 0.75), (0.5625, 0.7777778), (0.5625, 0.8055556), (0.5625, 0.8333333), (0.5625, 0.8611111), (0.5625, 0.8888889), (0.5625, 0.9166667), (0.5625, 0.9444444), (0.5625, 0.9722222), (0.5625, 1), (0.5833333, 0), (0.5833333, 0.027777778), (0.5833333, 0.055555556), (0.5833333, 0.083333336), (0.5833333, 0.11111111), (0.5833333, 0.1388889), (0.5833333, 0.16666667), (0.5833333, 0.19444445), (0.5833333, 0.22222222), (0.5833333, 0.25), (0.5833333, 0.2777778), (0.5833333, 0.30555555), (0.5833333, 0.33333334), (0.5833333, 0.3611111), (0.5833333, 0.3888889), (0.5833333, 0.41666666), (0.5833333, 0.44444445), (0.5833333, 0.4722222), (0.5833333, 0.5), (0.5833333, 0.5277778), (0.5833333, 0.5555556), (0.5833333, 0.5833333), (0.5833333, 0.6111111), (0.5833333, 0.6388889), (0.5833333, 0.6666667), (0.5833333, 0.6944444), (0.5833333, 0.7222222), (0.5833333, 0.75), (0.5833333, 0.7777778), (0.5833333, 0.8055556), (0.5833333, 0.8333333), (0.5833333, 0.8611111), (0.5833333, 0.8888889), (0.5833333, 0.9166667), (0.5833333, 0.9444444), (0.5833333, 0.9722222), (0.5833333, 1), (0.6041667, 0), (0.6041667, 0.027777778), (0.6041667, 0.055555556), (0.6041667, 0.083333336), (0.6041667, 0.11111111), (0.6041667, 0.1388889), (0.6041667, 0.16666667), (0.6041667, 0.19444445), (0.6041667, 0.22222222), (0.6041667, 0.25), (0.6041667, 0.2777778), (0.6041667, 0.30555555), (0.6041667, 0.33333334), (0.6041667, 0.3611111), (0.6041667, 0.3888889), (0.6041667, 0.41666666), (0.6041667, 0.44444445), (0.6041667, 0.4722222), (0.6041667, 0.5), (0.6041667, 0.5277778), (0.6041667, 0.5555556), (0.6041667, 0.5833333), (0.6041667, 0.6111111), (0.6041667, 0.6388889), (0.6041667, 0.6666667), (0.6041667, 0.6944444), (0.6041667, 0.7222222), (0.6041667, 0.75), (0.6041667, 0.7777778), (0.6041667, 0.8055556), (0.6041667, 0.8333333), (0.6041667, 0.8611111), (0.6041667, 0.8888889), (0.6041667, 0.9166667), (0.6041667, 0.9444444), (0.6041667, 0.9722222), (0.6041667, 1), (0.625, 0), (0.625, 0.027777778), (0.625, 0.055555556), (0.625, 0.083333336), (0.625, 0.11111111), (0.625, 0.1388889), (0.625, 0.16666667), (0.625, 0.19444445), (0.625, 0.22222222), (0.625, 0.25), (0.625, 0.2777778), (0.625, 0.30555555), (0.625, 0.33333334), (0.625, 0.3611111), (0.625, 0.3888889), (0.625, 0.41666666), (0.625, 0.44444445), (0.625, 0.4722222), (0.625, 0.5), (0.625, 0.5277778), (0.625, 0.5555556), (0.625, 0.5833333), (0.625, 0.6111111), (0.625, 0.6388889), (0.625, 0.6666667), (0.625, 0.6944444), (0.625, 0.7222222), (0.625, 0.75), (0.625, 0.7777778), (0.625, 0.8055556), (0.625, 0.8333333), (0.625, 0.8611111), (0.625, 0.8888889), (0.625, 0.9166667), (0.625, 0.9444444), (0.625, 0.9722222), (0.625, 1), (0.6458333, 0), (0.6458333, 0.027777778), (0.6458333, 0.055555556), (0.6458333, 0.083333336), (0.6458333, 0.11111111), (0.6458333, 0.1388889), (0.6458333, 0.16666667), (0.6458333, 0.19444445), (0.6458333, 0.22222222), (0.6458333, 0.25), (0.6458333, 0.2777778), (0.6458333, 0.30555555), (0.6458333, 0.33333334), (0.6458333, 0.3611111), (0.6458333, 0.3888889), (0.6458333, 0.41666666), (0.6458333, 0.44444445), (0.6458333, 0.4722222), (0.6458333, 0.5), (0.6458333, 0.5277778), (0.6458333, 0.5555556), (0.6458333, 0.5833333), (0.6458333, 0.6111111), (0.6458333, 0.6388889), (0.6458333, 0.6666667), (0.6458333, 0.6944444), (0.6458333, 0.7222222), (0.6458333, 0.75), (0.6458333, 0.7777778), (0.6458333, 0.8055556), (0.6458333, 0.8333333), (0.6458333, 0.8611111), (0.6458333, 0.8888889), (0.6458333, 0.9166667), (0.6458333, 0.9444444), (0.6458333, 0.9722222), (0.6458333, 1), (0.6666667, 0), (0.6666667, 0.027777778), (0.6666667, 0.055555556), (0.6666667, 0.083333336), (0.6666667, 0.11111111), (0.6666667, 0.1388889), (0.6666667, 0.16666667), (0.6666667, 0.19444445), (0.6666667, 0.22222222), (0.6666667, 0.25), (0.6666667, 0.2777778), (0.6666667, 0.30555555), (0.6666667, 0.33333334), (0.6666667, 0.3611111), (0.6666667, 0.3888889), (0.6666667, 0.41666666), (0.6666667, 0.44444445), (0.6666667, 0.4722222), (0.6666667, 0.5), (0.6666667, 0.5277778), (0.6666667, 0.5555556), (0.6666667, 0.5833333), (0.6666667, 0.6111111), (0.6666667, 0.6388889), (0.6666667, 0.6666667), (0.6666667, 0.6944444), (0.6666667, 0.7222222), (0.6666667, 0.75), (0.6666667, 0.7777778), (0.6666667, 0.8055556), (0.6666667, 0.8333333), (0.6666667, 0.8611111), (0.6666667, 0.8888889), (0.6666667, 0.9166667), (0.6666667, 0.9444444), (0.6666667, 0.9722222), (0.6666667, 1), (0.6875, 0), (0.6875, 0.027777778), (0.6875, 0.055555556), (0.6875, 0.083333336), (0.6875, 0.11111111), (0.6875, 0.1388889), (0.6875, 0.16666667), (0.6875, 0.19444445), (0.6875, 0.22222222), (0.6875, 0.25), (0.6875, 0.2777778), (0.6875, 0.30555555), (0.6875, 0.33333334), (0.6875, 0.3611111), (0.6875, 0.3888889), (0.6875, 0.41666666), (0.6875, 0.44444445), (0.6875, 0.4722222), (0.6875, 0.5), (0.6875, 0.5277778), (0.6875, 0.5555556), (0.6875, 0.5833333), (0.6875, 0.6111111), (0.6875, 0.6388889), (0.6875, 0.6666667), (0.6875, 0.6944444), (0.6875, 0.7222222), (0.6875, 0.75), (0.6875, 0.7777778), (0.6875, 0.8055556), (0.6875, 0.8333333), (0.6875, 0.8611111), (0.6875, 0.8888889), (0.6875, 0.9166667), (0.6875, 0.9444444), (0.6875, 0.9722222), (0.6875, 1), (0.7083333, 0), (0.7083333, 0.027777778), (0.7083333, 0.055555556), (0.7083333, 0.083333336), (0.7083333, 0.11111111), (0.7083333, 0.1388889), (0.7083333, 0.16666667), (0.7083333, 0.19444445), (0.7083333, 0.22222222), (0.7083333, 0.25), (0.7083333, 0.2777778), (0.7083333, 0.30555555), (0.7083333, 0.33333334), (0.7083333, 0.3611111), (0.7083333, 0.3888889), (0.7083333, 0.41666666), (0.7083333, 0.44444445), (0.7083333, 0.4722222), (0.7083333, 0.5), (0.7083333, 0.5277778), (0.7083333, 0.5555556), (0.7083333, 0.5833333), (0.7083333, 0.6111111), (0.7083333, 0.6388889), (0.7083333, 0.6666667), (0.7083333, 0.6944444), (0.7083333, 0.7222222), (0.7083333, 0.75), (0.7083333, 0.7777778), (0.7083333, 0.8055556), (0.7083333, 0.8333333), (0.7083333, 0.8611111), (0.7083333, 0.8888889), (0.7083333, 0.9166667), (0.7083333, 0.9444444), (0.7083333, 0.9722222), (0.7083333, 1), (0.7291667, 0), (0.7291667, 0.027777778), (0.7291667, 0.055555556), (0.7291667, 0.083333336), (0.7291667, 0.11111111), (0.7291667, 0.1388889), (0.7291667, 0.16666667), (0.7291667, 0.19444445), (0.7291667, 0.22222222), (0.7291667, 0.25), (0.7291667, 0.2777778), (0.7291667, 0.30555555), (0.7291667, 0.33333334), (0.7291667, 0.3611111), (0.7291667, 0.3888889), (0.7291667, 0.41666666), (0.7291667, 0.44444445), (0.7291667, 0.4722222), (0.7291667, 0.5), (0.7291667, 0.5277778), (0.7291667, 0.5555556), (0.7291667, 0.5833333), (0.7291667, 0.6111111), (0.7291667, 0.6388889), (0.7291667, 0.6666667), (0.7291667, 0.6944444), (0.7291667, 0.7222222), (0.7291667, 0.75), (0.7291667, 0.7777778), (0.7291667, 0.8055556), (0.7291667, 0.8333333), (0.7291667, 0.8611111), (0.7291667, 0.8888889), (0.7291667, 0.9166667), (0.7291667, 0.9444444), (0.7291667, 0.9722222), (0.7291667, 1), (0.75, 0), (0.75, 0.027777778), (0.75, 0.055555556), (0.75, 0.083333336), (0.75, 0.11111111), (0.75, 0.1388889), (0.75, 0.16666667), (0.75, 0.19444445), (0.75, 0.22222222), (0.75, 0.25), (0.75, 0.2777778), (0.75, 0.30555555), (0.75, 0.33333334), (0.75, 0.3611111), (0.75, 0.3888889), (0.75, 0.41666666), (0.75, 0.44444445), (0.75, 0.4722222), (0.75, 0.5), (0.75, 0.5277778), (0.75, 0.5555556), (0.75, 0.5833333), (0.75, 0.6111111), (0.75, 0.6388889), (0.75, 0.6666667), (0.75, 0.6944444), (0.75, 0.7222222), (0.75, 0.75), (0.75, 0.7777778), (0.75, 0.8055556), (0.75, 0.8333333), (0.75, 0.8611111), (0.75, 0.8888889), (0.75, 0.9166667), (0.75, 0.9444444), (0.75, 0.9722222), (0.75, 1), (0.7708333, 0), (0.7708333, 0.027777778), (0.7708333, 0.055555556), (0.7708333, 0.083333336), (0.7708333, 0.11111111), (0.7708333, 0.1388889), (0.7708333, 0.16666667), (0.7708333, 0.19444445), (0.7708333, 0.22222222), (0.7708333, 0.25), (0.7708333, 0.2777778), (0.7708333, 0.30555555), (0.7708333, 0.33333334), (0.7708333, 0.3611111), (0.7708333, 0.3888889), (0.7708333, 0.41666666), (0.7708333, 0.44444445), (0.7708333, 0.4722222), (0.7708333, 0.5), (0.7708333, 0.5277778), (0.7708333, 0.5555556), (0.7708333, 0.5833333), (0.7708333, 0.6111111), (0.7708333, 0.6388889), (0.7708333, 0.6666667), (0.7708333, 0.6944444), (0.7708333, 0.7222222), (0.7708333, 0.75), (0.7708333, 0.7777778), (0.7708333, 0.8055556), (0.7708333, 0.8333333), (0.7708333, 0.8611111), (0.7708333, 0.8888889), (0.7708333, 0.9166667), (0.7708333, 0.9444444), (0.7708333, 0.9722222), (0.7708333, 1), (0.7916667, 0), (0.7916667, 0.027777778), (0.7916667, 0.055555556), (0.7916667, 0.083333336), (0.7916667, 0.11111111), (0.7916667, 0.1388889), (0.7916667, 0.16666667), (0.7916667, 0.19444445), (0.7916667, 0.22222222), (0.7916667, 0.25), (0.7916667, 0.2777778), (0.7916667, 0.30555555), (0.7916667, 0.33333334), (0.7916667, 0.3611111), (0.7916667, 0.3888889), (0.7916667, 0.41666666), (0.7916667, 0.44444445), (0.7916667, 0.4722222), (0.7916667, 0.5), (0.7916667, 0.5277778), (0.7916667, 0.5555556), (0.7916667, 0.5833333), (0.7916667, 0.6111111), (0.7916667, 0.6388889), (0.7916667, 0.6666667), (0.7916667, 0.6944444), (0.7916667, 0.7222222), (0.7916667, 0.75), (0.7916667, 0.7777778), (0.7916667, 0.8055556), (0.7916667, 0.8333333), (0.7916667, 0.8611111), (0.7916667, 0.8888889), (0.7916667, 0.9166667), (0.7916667, 0.9444444), (0.7916667, 0.9722222), (0.7916667, 1), (0.8125, 0), (0.8125, 0.027777778), (0.8125, 0.055555556), (0.8125, 0.083333336), (0.8125, 0.11111111), (0.8125, 0.1388889), (0.8125, 0.16666667), (0.8125, 0.19444445), (0.8125, 0.22222222), (0.8125, 0.25), (0.8125, 0.2777778), (0.8125, 0.30555555), (0.8125, 0.33333334), (0.8125, 0.3611111), (0.8125, 0.3888889), (0.8125, 0.41666666), (0.8125, 0.44444445), (0.8125, 0.4722222), (0.8125, 0.5), (0.8125, 0.5277778), (0.8125, 0.5555556), (0.8125, 0.5833333), (0.8125, 0.6111111), (0.8125, 0.6388889), (0.8125, 0.6666667), (0.8125, 0.6944444), (0.8125, 0.7222222), (0.8125, 0.75), (0.8125, 0.7777778), (0.8125, 0.8055556), (0.8125, 0.8333333), (0.8125, 0.8611111), (0.8125, 0.8888889), (0.8125, 0.9166667), (0.8125, 0.9444444), (0.8125, 0.9722222), (0.8125, 1), (0.8333333, 0), (0.8333333, 0.027777778), (0.8333333, 0.055555556), (0.8333333, 0.083333336), (0.8333333, 0.11111111), (0.8333333, 0.1388889), (0.8333333, 0.16666667), (0.8333333, 0.19444445), (0.8333333, 0.22222222), (0.8333333, 0.25), (0.8333333, 0.2777778), (0.8333333, 0.30555555), (0.8333333, 0.33333334), (0.8333333, 0.3611111), (0.8333333, 0.3888889), (0.8333333, 0.41666666), (0.8333333, 0.44444445), (0.8333333, 0.4722222), (0.8333333, 0.5), (0.8333333, 0.5277778), (0.8333333, 0.5555556), (0.8333333, 0.5833333), (0.8333333, 0.6111111), (0.8333333, 0.6388889), (0.8333333, 0.6666667), (0.8333333, 0.6944444), (0.8333333, 0.7222222), (0.8333333, 0.75), (0.8333333, 0.7777778), (0.8333333, 0.8055556), (0.8333333, 0.8333333), (0.8333333, 0.8611111), (0.8333333, 0.8888889), (0.8333333, 0.9166667), (0.8333333, 0.9444444), (0.8333333, 0.9722222), (0.8333333, 1), (0.8541667, 0), (0.8541667, 0.027777778), (0.8541667, 0.055555556), (0.8541667, 0.083333336), (0.8541667, 0.11111111), (0.8541667, 0.1388889), (0.8541667, 0.16666667), (0.8541667, 0.19444445), (0.8541667, 0.22222222), (0.8541667, 0.25), (0.8541667, 0.2777778), (0.8541667, 0.30555555), (0.8541667, 0.33333334), (0.8541667, 0.3611111), (0.8541667, 0.3888889), (0.8541667, 0.41666666), (0.8541667, 0.44444445), (0.8541667, 0.4722222), (0.8541667, 0.5), (0.8541667, 0.5277778), (0.8541667, 0.5555556), (0.8541667, 0.5833333), (0.8541667, 0.6111111), (0.8541667, 0.6388889), (0.8541667, 0.6666667), (0.8541667, 0.6944444), (0.8541667, 0.7222222), (0.8541667, 0.75), (0.8541667, 0.7777778), (0.8541667, 0.8055556), (0.8541667, 0.8333333), (0.8541667, 0.8611111), (0.8541667, 0.8888889), (0.8541667, 0.9166667), (0.8541667, 0.9444444), (0.8541667, 0.9722222), (0.8541667, 1), (0.875, 0), (0.875, 0.027777778), (0.875, 0.055555556), (0.875, 0.083333336), (0.875, 0.11111111), (0.875, 0.1388889), (0.875, 0.16666667), (0.875, 0.19444445), (0.875, 0.22222222), (0.875, 0.25), (0.875, 0.2777778), (0.875, 0.30555555), (0.875, 0.33333334), (0.875, 0.3611111), (0.875, 0.3888889), (0.875, 0.41666666), (0.875, 0.44444445), (0.875, 0.4722222), (0.875, 0.5), (0.875, 0.5277778), (0.875, 0.5555556), (0.875, 0.5833333), (0.875, 0.6111111), (0.875, 0.6388889), (0.875, 0.6666667), (0.875, 0.6944444), (0.875, 0.7222222), (0.875, 0.75), (0.875, 0.7777778), (0.875, 0.8055556), (0.875, 0.8333333), (0.875, 0.8611111), (0.875, 0.8888889), (0.875, 0.9166667), (0.875, 0.9444444), (0.875, 0.9722222), (0.875, 1), (0.8958333, 0), (0.8958333, 0.027777778), (0.8958333, 0.055555556), (0.8958333, 0.083333336), (0.8958333, 0.11111111), (0.8958333, 0.1388889), (0.8958333, 0.16666667), (0.8958333, 0.19444445), (0.8958333, 0.22222222), (0.8958333, 0.25), (0.8958333, 0.2777778), (0.8958333, 0.30555555), (0.8958333, 0.33333334), (0.8958333, 0.3611111), (0.8958333, 0.3888889), (0.8958333, 0.41666666), (0.8958333, 0.44444445), (0.8958333, 0.4722222), (0.8958333, 0.5), (0.8958333, 0.5277778), (0.8958333, 0.5555556), (0.8958333, 0.5833333), (0.8958333, 0.6111111), (0.8958333, 0.6388889), (0.8958333, 0.6666667), (0.8958333, 0.6944444), (0.8958333, 0.7222222), (0.8958333, 0.75), (0.8958333, 0.7777778), (0.8958333, 0.8055556), (0.8958333, 0.8333333), (0.8958333, 0.8611111), (0.8958333, 0.8888889), (0.8958333, 0.9166667), (0.8958333, 0.9444444), (0.8958333, 0.9722222), (0.8958333, 1), (0.9166667, 0), (0.9166667, 0.027777778), (0.9166667, 0.055555556), (0.9166667, 0.083333336), (0.9166667, 0.11111111), (0.9166667, 0.1388889), (0.9166667, 0.16666667), (0.9166667, 0.19444445), (0.9166667, 0.22222222), (0.9166667, 0.25), (0.9166667, 0.2777778), (0.9166667, 0.30555555), (0.9166667, 0.33333334), (0.9166667, 0.3611111), (0.9166667, 0.3888889), (0.9166667, 0.41666666), (0.9166667, 0.44444445), (0.9166667, 0.4722222), (0.9166667, 0.5), (0.9166667, 0.5277778), (0.9166667, 0.5555556), (0.9166667, 0.5833333), (0.9166667, 0.6111111), (0.9166667, 0.6388889), (0.9166667, 0.6666667), (0.9166667, 0.6944444), (0.9166667, 0.7222222), (0.9166667, 0.75), (0.9166667, 0.7777778), (0.9166667, 0.8055556), (0.9166667, 0.8333333), (0.9166667, 0.8611111), (0.9166667, 0.8888889), (0.9166667, 0.9166667), (0.9166667, 0.9444444), (0.9166667, 0.9722222), (0.9166667, 1), (0.9375, 0), (0.9375, 0.027777778), (0.9375, 0.055555556), (0.9375, 0.083333336), (0.9375, 0.11111111), (0.9375, 0.1388889), (0.9375, 0.16666667), (0.9375, 0.19444445), (0.9375, 0.22222222), (0.9375, 0.25), (0.9375, 0.2777778), (0.9375, 0.30555555), (0.9375, 0.33333334), (0.9375, 0.3611111), (0.9375, 0.3888889), (0.9375, 0.41666666), (0.9375, 0.44444445), (0.9375, 0.4722222), (0.9375, 0.5), (0.9375, 0.5277778), (0.9375, 0.5555556), (0.9375, 0.5833333), (0.9375, 0.6111111), (0.9375, 0.6388889), (0.9375, 0.6666667), (0.9375, 0.6944444), (0.9375, 0.7222222), (0.9375, 0.75), (0.9375, 0.7777778), (0.9375, 0.8055556), (0.9375, 0.8333333), (0.9375, 0.8611111), (0.9375, 0.8888889), (0.9375, 0.9166667), (0.9375, 0.9444444), (0.9375, 0.9722222), (0.9375, 1), (0.9583333, 0), (0.9583333, 0.027777778), (0.9583333, 0.055555556), (0.9583333, 0.083333336), (0.9583333, 0.11111111), (0.9583333, 0.1388889), (0.9583333, 0.16666667), (0.9583333, 0.19444445), (0.9583333, 0.22222222), (0.9583333, 0.25), (0.9583333, 0.2777778), (0.9583333, 0.30555555), (0.9583333, 0.33333334), (0.9583333, 0.3611111), (0.9583333, 0.3888889), (0.9583333, 0.41666666), (0.9583333, 0.44444445), (0.9583333, 0.4722222), (0.9583333, 0.5), (0.9583333, 0.5277778), (0.9583333, 0.5555556), (0.9583333, 0.5833333), (0.9583333, 0.6111111), (0.9583333, 0.6388889), (0.9583333, 0.6666667), (0.9583333, 0.6944444), (0.9583333, 0.7222222), (0.9583333, 0.75), (0.9583333, 0.7777778), (0.9583333, 0.8055556), (0.9583333, 0.8333333), (0.9583333, 0.8611111), (0.9583333, 0.8888889), (0.9583333, 0.9166667), (0.9583333, 0.9444444), (0.9583333, 0.9722222), (0.9583333, 1), (0.9791667, 0), (0.9791667, 0.027777778), (0.9791667, 0.055555556), (0.9791667, 0.083333336), (0.9791667, 0.11111111), (0.9791667, 0.1388889), (0.9791667, 0.16666667), (0.9791667, 0.19444445), (0.9791667, 0.22222222), (0.9791667, 0.25), (0.9791667, 0.2777778), (0.9791667, 0.30555555), (0.9791667, 0.33333334), (0.9791667, 0.3611111), (0.9791667, 0.3888889), (0.9791667, 0.41666666), (0.9791667, 0.44444445), (0.9791667, 0.4722222), (0.9791667, 0.5), (0.9791667, 0.5277778), (0.9791667, 0.5555556), (0.9791667, 0.5833333), (0.9791667, 0.6111111), (0.9791667, 0.6388889), (0.9791667, 0.6666667), (0.9791667, 0.6944444), (0.9791667, 0.7222222), (0.9791667, 0.75), (0.9791667, 0.7777778), (0.9791667, 0.8055556), (0.9791667, 0.8333333), (0.9791667, 0.8611111), (0.9791667, 0.8888889), (0.9791667, 0.9166667), (0.9791667, 0.9444444), (0.9791667, 0.9722222), (0.9791667, 1), (1, 0), (1, 0.027777778), (1, 0.055555556), (1, 0.083333336), (1, 0.11111111), (1, 0.1388889), (1, 0.16666667), (1, 0.19444445), (1, 0.22222222), (1, 0.25), (1, 0.2777778), (1, 0.30555555), (1, 0.33333334), (1, 0.3611111), (1, 0.3888889), (1, 0.41666666), (1, 0.44444445), (1, 0.4722222), (1, 0.5), (1, 0.5277778), (1, 0.5555556), (1, 0.5833333), (1, 0.6111111), (1, 0.6388889), (1, 0.6666667), (1, 0.6944444), (1, 0.7222222), (1, 0.75), (1, 0.7777778), (1, 0.8055556), (1, 0.8333333), (1, 0.8611111), (1, 0.8888889), (1, 0.9166667), (1, 0.9444444), (1, 0.9722222), (1, 1), (0, 0), (0, 0.027777778), (0, 0.055555556), (0, 0.083333336), (0, 0.11111111), (0, 0.1388889), (0, 0.16666667), (0, 0.19444445), (0, 0.22222222), (0, 0.25), (0, 0.2777778), (0, 0.30555555), (0, 0.33333334), (0, 0.3611111), (0, 0.3888889), (0, 0.41666666), (0, 0.44444445), (0, 0.4722222), (0, 0.5), (0, 0.5277778), (0, 0.5555556), (0, 0.5833333), (0, 0.6111111), (0, 0.6388889), (0, 0.6666667), (0, 0.6944444), (0, 0.7222222), (0, 0.75), (0, 0.7777778), (0, 0.8055556), (0, 0.8333333), (0, 0.8611111), (0, 0.8888889), (0, 0.9166667), (0, 0.9444444), (0, 0.9722222), (0, 1), (0.020833334, 0), (0.020833334, 0.027777778), (0.020833334, 0.055555556), (0.020833334, 0.083333336), (0.020833334, 0.11111111), (0.020833334, 0.1388889), (0.020833334, 0.16666667), (0.020833334, 0.19444445), (0.020833334, 0.22222222), (0.020833334, 0.25), (0.020833334, 0.2777778), (0.020833334, 0.30555555), (0.020833334, 0.33333334), (0.020833334, 0.3611111), (0.020833334, 0.3888889), (0.020833334, 0.41666666), (0.020833334, 0.44444445), (0.020833334, 0.4722222), (0.020833334, 0.5), (0.020833334, 0.5277778), (0.020833334, 0.5555556), (0.020833334, 0.5833333), (0.020833334, 0.6111111), (0.020833334, 0.6388889), (0.020833334, 0.6666667), (0.020833334, 0.6944444), (0.020833334, 0.7222222), (0.020833334, 0.75), (0.020833334, 0.7777778), (0.020833334, 0.8055556), (0.020833334, 0.8333333), (0.020833334, 0.8611111), (0.020833334, 0.8888889), (0.020833334, 0.9166667), (0.020833334, 0.9444444), (0.020833334, 0.9722222), (0.020833334, 1), (0.041666668, 0), (0.041666668, 0.027777778), (0.041666668, 0.055555556), (0.041666668, 0.083333336), (0.041666668, 0.11111111), (0.041666668, 0.1388889), (0.041666668, 0.16666667), (0.041666668, 0.19444445), (0.041666668, 0.22222222), (0.041666668, 0.25), (0.041666668, 0.2777778), (0.041666668, 0.30555555), (0.041666668, 0.33333334), (0.041666668, 0.3611111), (0.041666668, 0.3888889), (0.041666668, 0.41666666), (0.041666668, 0.44444445), (0.041666668, 0.4722222), (0.041666668, 0.5), (0.041666668, 0.5277778), (0.041666668, 0.5555556), (0.041666668, 0.5833333), (0.041666668, 0.6111111), (0.041666668, 0.6388889), (0.041666668, 0.6666667), (0.041666668, 0.6944444), (0.041666668, 0.7222222), (0.041666668, 0.75), (0.041666668, 0.7777778), (0.041666668, 0.8055556), (0.041666668, 0.8333333), (0.041666668, 0.8611111), (0.041666668, 0.8888889), (0.041666668, 0.9166667), (0.041666668, 0.9444444), (0.041666668, 0.9722222), (0.041666668, 1), (0.0625, 0), (0.0625, 0.027777778), (0.0625, 0.055555556), (0.0625, 0.083333336), (0.0625, 0.11111111), (0.0625, 0.1388889), (0.0625, 0.16666667), (0.0625, 0.19444445), (0.0625, 0.22222222), (0.0625, 0.25), (0.0625, 0.2777778), (0.0625, 0.30555555), (0.0625, 0.33333334), (0.0625, 0.3611111), (0.0625, 0.3888889), (0.0625, 0.41666666), (0.0625, 0.44444445), (0.0625, 0.4722222), (0.0625, 0.5), (0.0625, 0.5277778), (0.0625, 0.5555556), (0.0625, 0.5833333), (0.0625, 0.6111111), (0.0625, 0.6388889), (0.0625, 0.6666667), (0.0625, 0.6944444), (0.0625, 0.7222222), (0.0625, 0.75), (0.0625, 0.7777778), (0.0625, 0.8055556), (0.0625, 0.8333333), (0.0625, 0.8611111), (0.0625, 0.8888889), (0.0625, 0.9166667), (0.0625, 0.9444444), (0.0625, 0.9722222), (0.0625, 1), (0.083333336, 0), (0.083333336, 0.027777778), (0.083333336, 0.055555556), (0.083333336, 0.083333336), (0.083333336, 0.11111111), (0.083333336, 0.1388889), (0.083333336, 0.16666667), (0.083333336, 0.19444445), (0.083333336, 0.22222222), (0.083333336, 0.25), (0.083333336, 0.2777778), (0.083333336, 0.30555555), (0.083333336, 0.33333334), (0.083333336, 0.3611111), (0.083333336, 0.3888889), (0.083333336, 0.41666666), (0.083333336, 0.44444445), (0.083333336, 0.4722222), (0.083333336, 0.5), (0.083333336, 0.5277778), (0.083333336, 0.5555556), (0.083333336, 0.5833333), (0.083333336, 0.6111111), (0.083333336, 0.6388889), (0.083333336, 0.6666667), (0.083333336, 0.6944444), (0.083333336, 0.7222222), (0.083333336, 0.75), (0.083333336, 0.7777778), (0.083333336, 0.8055556), (0.083333336, 0.8333333), (0.083333336, 0.8611111), (0.083333336, 0.8888889), (0.083333336, 0.9166667), (0.083333336, 0.9444444), (0.083333336, 0.9722222), (0.083333336, 1), (0.104166664, 0), (0.104166664, 0.027777778), (0.104166664, 0.055555556), (0.104166664, 0.083333336), (0.104166664, 0.11111111), (0.104166664, 0.1388889), (0.104166664, 0.16666667), (0.104166664, 0.19444445), (0.104166664, 0.22222222), (0.104166664, 0.25), (0.104166664, 0.2777778), (0.104166664, 0.30555555), (0.104166664, 0.33333334), (0.104166664, 0.3611111), (0.104166664, 0.3888889), (0.104166664, 0.41666666), (0.104166664, 0.44444445), (0.104166664, 0.4722222), (0.104166664, 0.5), (0.104166664, 0.5277778), (0.104166664, 0.5555556), (0.104166664, 0.5833333), (0.104166664, 0.6111111), (0.104166664, 0.6388889), (0.104166664, 0.6666667), (0.104166664, 0.6944444), (0.104166664, 0.7222222), (0.104166664, 0.75), (0.104166664, 0.7777778), (0.104166664, 0.8055556), (0.104166664, 0.8333333), (0.104166664, 0.8611111), (0.104166664, 0.8888889), (0.104166664, 0.9166667), (0.104166664, 0.9444444), (0.104166664, 0.9722222), (0.104166664, 1), (0.125, 0), (0.125, 0.027777778), (0.125, 0.055555556), (0.125, 0.083333336), (0.125, 0.11111111), (0.125, 0.1388889), (0.125, 0.16666667), (0.125, 0.19444445), (0.125, 0.22222222), (0.125, 0.25), (0.125, 0.2777778), (0.125, 0.30555555), (0.125, 0.33333334), (0.125, 0.3611111), (0.125, 0.3888889), (0.125, 0.41666666), (0.125, 0.44444445), (0.125, 0.4722222), (0.125, 0.5), (0.125, 0.5277778), (0.125, 0.5555556), (0.125, 0.5833333), (0.125, 0.6111111), (0.125, 0.6388889), (0.125, 0.6666667), (0.125, 0.6944444), (0.125, 0.7222222), (0.125, 0.75), (0.125, 0.7777778), (0.125, 0.8055556), (0.125, 0.8333333), (0.125, 0.8611111), (0.125, 0.8888889), (0.125, 0.9166667), (0.125, 0.9444444), (0.125, 0.9722222), (0.125, 1), (0.14583333, 0), (0.14583333, 0.027777778), (0.14583333, 0.055555556), (0.14583333, 0.083333336), (0.14583333, 0.11111111), (0.14583333, 0.1388889), (0.14583333, 0.16666667), (0.14583333, 0.19444445), (0.14583333, 0.22222222), (0.14583333, 0.25), (0.14583333, 0.2777778), (0.14583333, 0.30555555), (0.14583333, 0.33333334), (0.14583333, 0.3611111), (0.14583333, 0.3888889), (0.14583333, 0.41666666), (0.14583333, 0.44444445), (0.14583333, 0.4722222), (0.14583333, 0.5), (0.14583333, 0.5277778), (0.14583333, 0.5555556), (0.14583333, 0.5833333), (0.14583333, 0.6111111), (0.14583333, 0.6388889), (0.14583333, 0.6666667), (0.14583333, 0.6944444), (0.14583333, 0.7222222), (0.14583333, 0.75), (0.14583333, 0.7777778), (0.14583333, 0.8055556), (0.14583333, 0.8333333), (0.14583333, 0.8611111), (0.14583333, 0.8888889), (0.14583333, 0.9166667), (0.14583333, 0.9444444), (0.14583333, 0.9722222), (0.14583333, 1), (0.16666667, 0), (0.16666667, 0.027777778), (0.16666667, 0.055555556), (0.16666667, 0.083333336), (0.16666667, 0.11111111), (0.16666667, 0.1388889), (0.16666667, 0.16666667), (0.16666667, 0.19444445), (0.16666667, 0.22222222), (0.16666667, 0.25), (0.16666667, 0.2777778), (0.16666667, 0.30555555), (0.16666667, 0.33333334), (0.16666667, 0.3611111), (0.16666667, 0.3888889), (0.16666667, 0.41666666), (0.16666667, 0.44444445), (0.16666667, 0.4722222), (0.16666667, 0.5), (0.16666667, 0.5277778), (0.16666667, 0.5555556), (0.16666667, 0.5833333), (0.16666667, 0.6111111), (0.16666667, 0.6388889), (0.16666667, 0.6666667), (0.16666667, 0.6944444), (0.16666667, 0.7222222), (0.16666667, 0.75), (0.16666667, 0.7777778), (0.16666667, 0.8055556), (0.16666667, 0.8333333), (0.16666667, 0.8611111), (0.16666667, 0.8888889), (0.16666667, 0.9166667), (0.16666667, 0.9444444), (0.16666667, 0.9722222), (0.16666667, 1), (0.1875, 0), (0.1875, 0.027777778), (0.1875, 0.055555556), (0.1875, 0.083333336), (0.1875, 0.11111111), (0.1875, 0.1388889), (0.1875, 0.16666667), (0.1875, 0.19444445), (0.1875, 0.22222222), (0.1875, 0.25), (0.1875, 0.2777778), (0.1875, 0.30555555), (0.1875, 0.33333334), (0.1875, 0.3611111), (0.1875, 0.3888889), (0.1875, 0.41666666), (0.1875, 0.44444445), (0.1875, 0.4722222), (0.1875, 0.5), (0.1875, 0.5277778), (0.1875, 0.5555556), (0.1875, 0.5833333), (0.1875, 0.6111111), (0.1875, 0.6388889), (0.1875, 0.6666667), (0.1875, 0.6944444), (0.1875, 0.7222222), (0.1875, 0.75), (0.1875, 0.7777778), (0.1875, 0.8055556), (0.1875, 0.8333333), (0.1875, 0.8611111), (0.1875, 0.8888889), (0.1875, 0.9166667), (0.1875, 0.9444444), (0.1875, 0.9722222), (0.1875, 1), (0.20833333, 0), (0.20833333, 0.027777778), (0.20833333, 0.055555556), (0.20833333, 0.083333336), (0.20833333, 0.11111111), (0.20833333, 0.1388889), (0.20833333, 0.16666667), (0.20833333, 0.19444445), (0.20833333, 0.22222222), (0.20833333, 0.25), (0.20833333, 0.2777778), (0.20833333, 0.30555555), (0.20833333, 0.33333334), (0.20833333, 0.3611111), (0.20833333, 0.3888889), (0.20833333, 0.41666666), (0.20833333, 0.44444445), (0.20833333, 0.4722222), (0.20833333, 0.5), (0.20833333, 0.5277778), (0.20833333, 0.5555556), (0.20833333, 0.5833333), (0.20833333, 0.6111111), (0.20833333, 0.6388889), (0.20833333, 0.6666667), (0.20833333, 0.6944444), (0.20833333, 0.7222222), (0.20833333, 0.75), (0.20833333, 0.7777778), (0.20833333, 0.8055556), (0.20833333, 0.8333333), (0.20833333, 0.8611111), (0.20833333, 0.8888889), (0.20833333, 0.9166667), (0.20833333, 0.9444444), (0.20833333, 0.9722222), (0.20833333, 1), (0.22916667, 0), (0.22916667, 0.027777778), (0.22916667, 0.055555556), (0.22916667, 0.083333336), (0.22916667, 0.11111111), (0.22916667, 0.1388889), (0.22916667, 0.16666667), (0.22916667, 0.19444445), (0.22916667, 0.22222222), (0.22916667, 0.25), (0.22916667, 0.2777778), (0.22916667, 0.30555555), (0.22916667, 0.33333334), (0.22916667, 0.3611111), (0.22916667, 0.3888889), (0.22916667, 0.41666666), (0.22916667, 0.44444445), (0.22916667, 0.4722222), (0.22916667, 0.5), (0.22916667, 0.5277778), (0.22916667, 0.5555556), (0.22916667, 0.5833333), (0.22916667, 0.6111111), (0.22916667, 0.6388889), (0.22916667, 0.6666667), (0.22916667, 0.6944444), (0.22916667, 0.7222222), (0.22916667, 0.75), (0.22916667, 0.7777778), (0.22916667, 0.8055556), (0.22916667, 0.8333333), (0.22916667, 0.8611111), (0.22916667, 0.8888889), (0.22916667, 0.9166667), (0.22916667, 0.9444444), (0.22916667, 0.9722222), (0.22916667, 1), (0.25, 0), (0.25, 0.027777778), (0.25, 0.055555556), (0.25, 0.083333336), (0.25, 0.11111111), (0.25, 0.1388889), (0.25, 0.16666667), (0.25, 0.19444445), (0.25, 0.22222222), (0.25, 0.25), (0.25, 0.2777778), (0.25, 0.30555555), (0.25, 0.33333334), (0.25, 0.3611111), (0.25, 0.3888889), (0.25, 0.41666666), (0.25, 0.44444445), (0.25, 0.4722222), (0.25, 0.5), (0.25, 0.5277778), (0.25, 0.5555556), (0.25, 0.5833333), (0.25, 0.6111111), (0.25, 0.6388889), (0.25, 0.6666667), (0.25, 0.6944444), (0.25, 0.7222222), (0.25, 0.75), (0.25, 0.7777778), (0.25, 0.8055556), (0.25, 0.8333333), (0.25, 0.8611111), (0.25, 0.8888889), (0.25, 0.9166667), (0.25, 0.9444444), (0.25, 0.9722222), (0.25, 1), (0.27083334, 0), (0.27083334, 0.027777778), (0.27083334, 0.055555556), (0.27083334, 0.083333336), (0.27083334, 0.11111111), (0.27083334, 0.1388889), (0.27083334, 0.16666667), (0.27083334, 0.19444445), (0.27083334, 0.22222222), (0.27083334, 0.25), (0.27083334, 0.2777778), (0.27083334, 0.30555555), (0.27083334, 0.33333334), (0.27083334, 0.3611111), (0.27083334, 0.3888889), (0.27083334, 0.41666666), (0.27083334, 0.44444445), (0.27083334, 0.4722222), (0.27083334, 0.5), (0.27083334, 0.5277778), (0.27083334, 0.5555556), (0.27083334, 0.5833333), (0.27083334, 0.6111111), (0.27083334, 0.6388889), (0.27083334, 0.6666667), (0.27083334, 0.6944444), (0.27083334, 0.7222222), (0.27083334, 0.75), (0.27083334, 0.7777778), (0.27083334, 0.8055556), (0.27083334, 0.8333333), (0.27083334, 0.8611111), (0.27083334, 0.8888889), (0.27083334, 0.9166667), (0.27083334, 0.9444444), (0.27083334, 0.9722222), (0.27083334, 1), (0.29166666, 0), (0.29166666, 0.027777778), (0.29166666, 0.055555556), (0.29166666, 0.083333336), (0.29166666, 0.11111111), (0.29166666, 0.1388889), (0.29166666, 0.16666667), (0.29166666, 0.19444445), (0.29166666, 0.22222222), (0.29166666, 0.25), (0.29166666, 0.2777778), (0.29166666, 0.30555555), (0.29166666, 0.33333334), (0.29166666, 0.3611111), (0.29166666, 0.3888889), (0.29166666, 0.41666666), (0.29166666, 0.44444445), (0.29166666, 0.4722222), (0.29166666, 0.5), (0.29166666, 0.5277778), (0.29166666, 0.5555556), (0.29166666, 0.5833333), (0.29166666, 0.6111111), (0.29166666, 0.6388889), (0.29166666, 0.6666667), (0.29166666, 0.6944444), (0.29166666, 0.7222222), (0.29166666, 0.75), (0.29166666, 0.7777778), (0.29166666, 0.8055556), (0.29166666, 0.8333333), (0.29166666, 0.8611111), (0.29166666, 0.8888889), (0.29166666, 0.9166667), (0.29166666, 0.9444444), (0.29166666, 0.9722222), (0.29166666, 1), (0.3125, 0), (0.3125, 0.027777778), (0.3125, 0.055555556), (0.3125, 0.083333336), (0.3125, 0.11111111), (0.3125, 0.1388889), (0.3125, 0.16666667), (0.3125, 0.19444445), (0.3125, 0.22222222), (0.3125, 0.25), (0.3125, 0.2777778), (0.3125, 0.30555555), (0.3125, 0.33333334), (0.3125, 0.3611111), (0.3125, 0.3888889), (0.3125, 0.41666666), (0.3125, 0.44444445), (0.3125, 0.4722222), (0.3125, 0.5), (0.3125, 0.5277778), (0.3125, 0.5555556), (0.3125, 0.5833333), (0.3125, 0.6111111), (0.3125, 0.6388889), (0.3125, 0.6666667), (0.3125, 0.6944444), (0.3125, 0.7222222), (0.3125, 0.75), (0.3125, 0.7777778), (0.3125, 0.8055556), (0.3125, 0.8333333), (0.3125, 0.8611111), (0.3125, 0.8888889), (0.3125, 0.9166667), (0.3125, 0.9444444), (0.3125, 0.9722222), (0.3125, 1), (0.33333334, 0), (0.33333334, 0.027777778), (0.33333334, 0.055555556), (0.33333334, 0.083333336), (0.33333334, 0.11111111), (0.33333334, 0.1388889), (0.33333334, 0.16666667), (0.33333334, 0.19444445), (0.33333334, 0.22222222), (0.33333334, 0.25), (0.33333334, 0.2777778), (0.33333334, 0.30555555), (0.33333334, 0.33333334), (0.33333334, 0.3611111), (0.33333334, 0.3888889), (0.33333334, 0.41666666), (0.33333334, 0.44444445), (0.33333334, 0.4722222), (0.33333334, 0.5), (0.33333334, 0.5277778), (0.33333334, 0.5555556), (0.33333334, 0.5833333), (0.33333334, 0.6111111), (0.33333334, 0.6388889), (0.33333334, 0.6666667), (0.33333334, 0.6944444), (0.33333334, 0.7222222), (0.33333334, 0.75), (0.33333334, 0.7777778), (0.33333334, 0.8055556), (0.33333334, 0.8333333), (0.33333334, 0.8611111), (0.33333334, 0.8888889), (0.33333334, 0.9166667), (0.33333334, 0.9444444), (0.33333334, 0.9722222), (0.33333334, 1), (0.35416666, 0), (0.35416666, 0.027777778), (0.35416666, 0.055555556), (0.35416666, 0.083333336), (0.35416666, 0.11111111), (0.35416666, 0.1388889), (0.35416666, 0.16666667), (0.35416666, 0.19444445), (0.35416666, 0.22222222), (0.35416666, 0.25), (0.35416666, 0.2777778), (0.35416666, 0.30555555), (0.35416666, 0.33333334), (0.35416666, 0.3611111), (0.35416666, 0.3888889), (0.35416666, 0.41666666), (0.35416666, 0.44444445), (0.35416666, 0.4722222), (0.35416666, 0.5), (0.35416666, 0.5277778), (0.35416666, 0.5555556), (0.35416666, 0.5833333), (0.35416666, 0.6111111), (0.35416666, 0.6388889), (0.35416666, 0.6666667), (0.35416666, 0.6944444), (0.35416666, 0.7222222), (0.35416666, 0.75), (0.35416666, 0.7777778), (0.35416666, 0.8055556), (0.35416666, 0.8333333), (0.35416666, 0.8611111), (0.35416666, 0.8888889), (0.35416666, 0.9166667), (0.35416666, 0.9444444), (0.35416666, 0.9722222), (0.35416666, 1), (0.375, 0), (0.375, 0.027777778), (0.375, 0.055555556), (0.375, 0.083333336), (0.375, 0.11111111), (0.375, 0.1388889), (0.375, 0.16666667), (0.375, 0.19444445), (0.375, 0.22222222), (0.375, 0.25), (0.375, 0.2777778), (0.375, 0.30555555), (0.375, 0.33333334), (0.375, 0.3611111), (0.375, 0.3888889), (0.375, 0.41666666), (0.375, 0.44444445), (0.375, 0.4722222), (0.375, 0.5), (0.375, 0.5277778), (0.375, 0.5555556), (0.375, 0.5833333), (0.375, 0.6111111), (0.375, 0.6388889), (0.375, 0.6666667), (0.375, 0.6944444), (0.375, 0.7222222), (0.375, 0.75), (0.375, 0.7777778), (0.375, 0.8055556), (0.375, 0.8333333), (0.375, 0.8611111), (0.375, 0.8888889), (0.375, 0.9166667), (0.375, 0.9444444), (0.375, 0.9722222), (0.375, 1), (0.39583334, 0), (0.39583334, 0.027777778), (0.39583334, 0.055555556), (0.39583334, 0.083333336), (0.39583334, 0.11111111), (0.39583334, 0.1388889), (0.39583334, 0.16666667), (0.39583334, 0.19444445), (0.39583334, 0.22222222), (0.39583334, 0.25), (0.39583334, 0.2777778), (0.39583334, 0.30555555), (0.39583334, 0.33333334), (0.39583334, 0.3611111), (0.39583334, 0.3888889), (0.39583334, 0.41666666), (0.39583334, 0.44444445), (0.39583334, 0.4722222), (0.39583334, 0.5), (0.39583334, 0.5277778), (0.39583334, 0.5555556), (0.39583334, 0.5833333), (0.39583334, 0.6111111), (0.39583334, 0.6388889), (0.39583334, 0.6666667), (0.39583334, 0.6944444), (0.39583334, 0.7222222), (0.39583334, 0.75), (0.39583334, 0.7777778), (0.39583334, 0.8055556), (0.39583334, 0.8333333), (0.39583334, 0.8611111), (0.39583334, 0.8888889), (0.39583334, 0.9166667), (0.39583334, 0.9444444), (0.39583334, 0.9722222), (0.39583334, 1), (0.41666666, 0), (0.41666666, 0.027777778), (0.41666666, 0.055555556), (0.41666666, 0.083333336), (0.41666666, 0.11111111), (0.41666666, 0.1388889), (0.41666666, 0.16666667), (0.41666666, 0.19444445), (0.41666666, 0.22222222), (0.41666666, 0.25), (0.41666666, 0.2777778), (0.41666666, 0.30555555), (0.41666666, 0.33333334), (0.41666666, 0.3611111), (0.41666666, 0.3888889), (0.41666666, 0.41666666), (0.41666666, 0.44444445), (0.41666666, 0.4722222), (0.41666666, 0.5), (0.41666666, 0.5277778), (0.41666666, 0.5555556), (0.41666666, 0.5833333), (0.41666666, 0.6111111), (0.41666666, 0.6388889), (0.41666666, 0.6666667), (0.41666666, 0.6944444), (0.41666666, 0.7222222), (0.41666666, 0.75), (0.41666666, 0.7777778), (0.41666666, 0.8055556), (0.41666666, 0.8333333), (0.41666666, 0.8611111), (0.41666666, 0.8888889), (0.41666666, 0.9166667), (0.41666666, 0.9444444), (0.41666666, 0.9722222), (0.41666666, 1), (0.4375, 0), (0.4375, 0.027777778), (0.4375, 0.055555556), (0.4375, 0.083333336), (0.4375, 0.11111111), (0.4375, 0.1388889), (0.4375, 0.16666667), (0.4375, 0.19444445), (0.4375, 0.22222222), (0.4375, 0.25), (0.4375, 0.2777778), (0.4375, 0.30555555), (0.4375, 0.33333334), (0.4375, 0.3611111), (0.4375, 0.3888889), (0.4375, 0.41666666), (0.4375, 0.44444445), (0.4375, 0.4722222), (0.4375, 0.5), (0.4375, 0.5277778), (0.4375, 0.5555556), (0.4375, 0.5833333), (0.4375, 0.6111111), (0.4375, 0.6388889), (0.4375, 0.6666667), (0.4375, 0.6944444), (0.4375, 0.7222222), (0.4375, 0.75), (0.4375, 0.7777778), (0.4375, 0.8055556), (0.4375, 0.8333333), (0.4375, 0.8611111), (0.4375, 0.8888889), (0.4375, 0.9166667), (0.4375, 0.9444444), (0.4375, 0.9722222), (0.4375, 1), (0.45833334, 0), (0.45833334, 0.027777778), (0.45833334, 0.055555556), (0.45833334, 0.083333336), (0.45833334, 0.11111111), (0.45833334, 0.1388889), (0.45833334, 0.16666667), (0.45833334, 0.19444445), (0.45833334, 0.22222222), (0.45833334, 0.25), (0.45833334, 0.2777778), (0.45833334, 0.30555555), (0.45833334, 0.33333334), (0.45833334, 0.3611111), (0.45833334, 0.3888889), (0.45833334, 0.41666666), (0.45833334, 0.44444445), (0.45833334, 0.4722222), (0.45833334, 0.5), (0.45833334, 0.5277778), (0.45833334, 0.5555556), (0.45833334, 0.5833333), (0.45833334, 0.6111111), (0.45833334, 0.6388889), (0.45833334, 0.6666667), (0.45833334, 0.6944444), (0.45833334, 0.7222222), (0.45833334, 0.75), (0.45833334, 0.7777778), (0.45833334, 0.8055556), (0.45833334, 0.8333333), (0.45833334, 0.8611111), (0.45833334, 0.8888889), (0.45833334, 0.9166667), (0.45833334, 0.9444444), (0.45833334, 0.9722222), (0.45833334, 1), (0.47916666, 0), (0.47916666, 0.027777778), (0.47916666, 0.055555556), (0.47916666, 0.083333336), (0.47916666, 0.11111111), (0.47916666, 0.1388889), (0.47916666, 0.16666667), (0.47916666, 0.19444445), (0.47916666, 0.22222222), (0.47916666, 0.25), (0.47916666, 0.2777778), (0.47916666, 0.30555555), (0.47916666, 0.33333334), (0.47916666, 0.3611111), (0.47916666, 0.3888889), (0.47916666, 0.41666666), (0.47916666, 0.44444445), (0.47916666, 0.4722222), (0.47916666, 0.5), (0.47916666, 0.5277778), (0.47916666, 0.5555556), (0.47916666, 0.5833333), (0.47916666, 0.6111111), (0.47916666, 0.6388889), (0.47916666, 0.6666667), (0.47916666, 0.6944444), (0.47916666, 0.7222222), (0.47916666, 0.75), (0.47916666, 0.7777778), (0.47916666, 0.8055556), (0.47916666, 0.8333333), (0.47916666, 0.8611111), (0.47916666, 0.8888889), (0.47916666, 0.9166667), (0.47916666, 0.9444444), (0.47916666, 0.9722222), (0.47916666, 1), (0.5, 0), (0.5, 0.027777778), (0.5, 0.055555556), (0.5, 0.083333336), (0.5, 0.11111111), (0.5, 0.1388889), (0.5, 0.16666667), (0.5, 0.19444445), (0.5, 0.22222222), (0.5, 0.25), (0.5, 0.2777778), (0.5, 0.30555555), (0.5, 0.33333334), (0.5, 0.3611111), (0.5, 0.3888889), (0.5, 0.41666666), (0.5, 0.44444445), (0.5, 0.4722222), (0.5, 0.5), (0.5, 0.5277778), (0.5, 0.5555556), (0.5, 0.5833333), (0.5, 0.6111111), (0.5, 0.6388889), (0.5, 0.6666667), (0.5, 0.6944444), (0.5, 0.7222222), (0.5, 0.75), (0.5, 0.7777778), (0.5, 0.8055556), (0.5, 0.8333333), (0.5, 0.8611111), (0.5, 0.8888889), (0.5, 0.9166667), (0.5, 0.9444444), (0.5, 0.9722222), (0.5, 1), (0.5208333, 0), (0.5208333, 0.027777778), (0.5208333, 0.055555556), (0.5208333, 0.083333336), (0.5208333, 0.11111111), (0.5208333, 0.1388889), (0.5208333, 0.16666667), (0.5208333, 0.19444445), (0.5208333, 0.22222222), (0.5208333, 0.25), (0.5208333, 0.2777778), (0.5208333, 0.30555555), (0.5208333, 0.33333334), (0.5208333, 0.3611111), (0.5208333, 0.3888889), (0.5208333, 0.41666666), (0.5208333, 0.44444445), (0.5208333, 0.4722222), (0.5208333, 0.5), (0.5208333, 0.5277778), (0.5208333, 0.5555556), (0.5208333, 0.5833333), (0.5208333, 0.6111111), (0.5208333, 0.6388889), (0.5208333, 0.6666667), (0.5208333, 0.6944444), (0.5208333, 0.7222222), (0.5208333, 0.75), (0.5208333, 0.7777778), (0.5208333, 0.8055556), (0.5208333, 0.8333333), (0.5208333, 0.8611111), (0.5208333, 0.8888889), (0.5208333, 0.9166667), (0.5208333, 0.9444444), (0.5208333, 0.9722222), (0.5208333, 1), (0.5416667, 0), (0.5416667, 0.027777778), (0.5416667, 0.055555556), (0.5416667, 0.083333336), (0.5416667, 0.11111111), (0.5416667, 0.1388889), (0.5416667, 0.16666667), (0.5416667, 0.19444445), (0.5416667, 0.22222222), (0.5416667, 0.25), (0.5416667, 0.2777778), (0.5416667, 0.30555555), (0.5416667, 0.33333334), (0.5416667, 0.3611111), (0.5416667, 0.3888889), (0.5416667, 0.41666666), (0.5416667, 0.44444445), (0.5416667, 0.4722222), (0.5416667, 0.5), (0.5416667, 0.5277778), (0.5416667, 0.5555556), (0.5416667, 0.5833333), (0.5416667, 0.6111111), (0.5416667, 0.6388889), (0.5416667, 0.6666667), (0.5416667, 0.6944444), (0.5416667, 0.7222222), (0.5416667, 0.75), (0.5416667, 0.7777778), (0.5416667, 0.8055556), (0.5416667, 0.8333333), (0.5416667, 0.8611111), (0.5416667, 0.8888889), (0.5416667, 0.9166667), (0.5416667, 0.9444444), (0.5416667, 0.9722222), (0.5416667, 1), (0.5625, 0), (0.5625, 0.027777778), (0.5625, 0.055555556), (0.5625, 0.083333336), (0.5625, 0.11111111), (0.5625, 0.1388889), (0.5625, 0.16666667), (0.5625, 0.19444445), (0.5625, 0.22222222), (0.5625, 0.25), (0.5625, 0.2777778), (0.5625, 0.30555555), (0.5625, 0.33333334), (0.5625, 0.3611111), (0.5625, 0.3888889), (0.5625, 0.41666666), (0.5625, 0.44444445), (0.5625, 0.4722222), (0.5625, 0.5), (0.5625, 0.5277778), (0.5625, 0.5555556), (0.5625, 0.5833333), (0.5625, 0.6111111), (0.5625, 0.6388889), (0.5625, 0.6666667), (0.5625, 0.6944444), (0.5625, 0.7222222), (0.5625, 0.75), (0.5625, 0.7777778), (0.5625, 0.8055556), (0.5625, 0.8333333), (0.5625, 0.8611111), (0.5625, 0.8888889), (0.5625, 0.9166667), (0.5625, 0.9444444), (0.5625, 0.9722222), (0.5625, 1), (0.5833333, 0), (0.5833333, 0.027777778), (0.5833333, 0.055555556), (0.5833333, 0.083333336), (0.5833333, 0.11111111), (0.5833333, 0.1388889), (0.5833333, 0.16666667), (0.5833333, 0.19444445), (0.5833333, 0.22222222), (0.5833333, 0.25), (0.5833333, 0.2777778), (0.5833333, 0.30555555), (0.5833333, 0.33333334), (0.5833333, 0.3611111), (0.5833333, 0.3888889), (0.5833333, 0.41666666), (0.5833333, 0.44444445), (0.5833333, 0.4722222), (0.5833333, 0.5), (0.5833333, 0.5277778), (0.5833333, 0.5555556), (0.5833333, 0.5833333), (0.5833333, 0.6111111), (0.5833333, 0.6388889), (0.5833333, 0.6666667), (0.5833333, 0.6944444), (0.5833333, 0.7222222), (0.5833333, 0.75), (0.5833333, 0.7777778), (0.5833333, 0.8055556), (0.5833333, 0.8333333), (0.5833333, 0.8611111), (0.5833333, 0.8888889), (0.5833333, 0.9166667), (0.5833333, 0.9444444), (0.5833333, 0.9722222), (0.5833333, 1), (0.6041667, 0), (0.6041667, 0.027777778), (0.6041667, 0.055555556), (0.6041667, 0.083333336), (0.6041667, 0.11111111), (0.6041667, 0.1388889), (0.6041667, 0.16666667), (0.6041667, 0.19444445), (0.6041667, 0.22222222), (0.6041667, 0.25), (0.6041667, 0.2777778), (0.6041667, 0.30555555), (0.6041667, 0.33333334), (0.6041667, 0.3611111), (0.6041667, 0.3888889), (0.6041667, 0.41666666), (0.6041667, 0.44444445), (0.6041667, 0.4722222), (0.6041667, 0.5), (0.6041667, 0.5277778), (0.6041667, 0.5555556), (0.6041667, 0.5833333), (0.6041667, 0.6111111), (0.6041667, 0.6388889), (0.6041667, 0.6666667), (0.6041667, 0.6944444), (0.6041667, 0.7222222), (0.6041667, 0.75), (0.6041667, 0.7777778), (0.6041667, 0.8055556), (0.6041667, 0.8333333), (0.6041667, 0.8611111), (0.6041667, 0.8888889), (0.6041667, 0.9166667), (0.6041667, 0.9444444), (0.6041667, 0.9722222), (0.6041667, 1), (0.625, 0), (0.625, 0.027777778), (0.625, 0.055555556), (0.625, 0.083333336), (0.625, 0.11111111), (0.625, 0.1388889), (0.625, 0.16666667), (0.625, 0.19444445), (0.625, 0.22222222), (0.625, 0.25), (0.625, 0.2777778), (0.625, 0.30555555), (0.625, 0.33333334), (0.625, 0.3611111), (0.625, 0.3888889), (0.625, 0.41666666), (0.625, 0.44444445), (0.625, 0.4722222), (0.625, 0.5), (0.625, 0.5277778), (0.625, 0.5555556), (0.625, 0.5833333), (0.625, 0.6111111), (0.625, 0.6388889), (0.625, 0.6666667), (0.625, 0.6944444), (0.625, 0.7222222), (0.625, 0.75), (0.625, 0.7777778), (0.625, 0.8055556), (0.625, 0.8333333), (0.625, 0.8611111), (0.625, 0.8888889), (0.625, 0.9166667), (0.625, 0.9444444), (0.625, 0.9722222), (0.625, 1), (0.6458333, 0), (0.6458333, 0.027777778), (0.6458333, 0.055555556), (0.6458333, 0.083333336), (0.6458333, 0.11111111), (0.6458333, 0.1388889), (0.6458333, 0.16666667), (0.6458333, 0.19444445), (0.6458333, 0.22222222), (0.6458333, 0.25), (0.6458333, 0.2777778), (0.6458333, 0.30555555), (0.6458333, 0.33333334), (0.6458333, 0.3611111), (0.6458333, 0.3888889), (0.6458333, 0.41666666), (0.6458333, 0.44444445), (0.6458333, 0.4722222), (0.6458333, 0.5), (0.6458333, 0.5277778), (0.6458333, 0.5555556), (0.6458333, 0.5833333), (0.6458333, 0.6111111), (0.6458333, 0.6388889), (0.6458333, 0.6666667), (0.6458333, 0.6944444), (0.6458333, 0.7222222), (0.6458333, 0.75), (0.6458333, 0.7777778), (0.6458333, 0.8055556), (0.6458333, 0.8333333), (0.6458333, 0.8611111), (0.6458333, 0.8888889), (0.6458333, 0.9166667), (0.6458333, 0.9444444), (0.6458333, 0.9722222), (0.6458333, 1), (0.6666667, 0), (0.6666667, 0.027777778), (0.6666667, 0.055555556), (0.6666667, 0.083333336), (0.6666667, 0.11111111), (0.6666667, 0.1388889), (0.6666667, 0.16666667), (0.6666667, 0.19444445), (0.6666667, 0.22222222), (0.6666667, 0.25), (0.6666667, 0.2777778), (0.6666667, 0.30555555), (0.6666667, 0.33333334), (0.6666667, 0.3611111), (0.6666667, 0.3888889), (0.6666667, 0.41666666), (0.6666667, 0.44444445), (0.6666667, 0.4722222), (0.6666667, 0.5), (0.6666667, 0.5277778), (0.6666667, 0.5555556), (0.6666667, 0.5833333), (0.6666667, 0.6111111), (0.6666667, 0.6388889), (0.6666667, 0.6666667), (0.6666667, 0.6944444), (0.6666667, 0.7222222), (0.6666667, 0.75), (0.6666667, 0.7777778), (0.6666667, 0.8055556), (0.6666667, 0.8333333), (0.6666667, 0.8611111), (0.6666667, 0.8888889), (0.6666667, 0.9166667), (0.6666667, 0.9444444), (0.6666667, 0.9722222), (0.6666667, 1), (0.6875, 0), (0.6875, 0.027777778), (0.6875, 0.055555556), (0.6875, 0.083333336), (0.6875, 0.11111111), (0.6875, 0.1388889), (0.6875, 0.16666667), (0.6875, 0.19444445), (0.6875, 0.22222222), (0.6875, 0.25), (0.6875, 0.2777778), (0.6875, 0.30555555), (0.6875, 0.33333334), (0.6875, 0.3611111), (0.6875, 0.3888889), (0.6875, 0.41666666), (0.6875, 0.44444445), (0.6875, 0.4722222), (0.6875, 0.5), (0.6875, 0.5277778), (0.6875, 0.5555556), (0.6875, 0.5833333), (0.6875, 0.6111111), (0.6875, 0.6388889), (0.6875, 0.6666667), (0.6875, 0.6944444), (0.6875, 0.7222222), (0.6875, 0.75), (0.6875, 0.7777778), (0.6875, 0.8055556), (0.6875, 0.8333333), (0.6875, 0.8611111), (0.6875, 0.8888889), (0.6875, 0.9166667), (0.6875, 0.9444444), (0.6875, 0.9722222), (0.6875, 1), (0.7083333, 0), (0.7083333, 0.027777778), (0.7083333, 0.055555556), (0.7083333, 0.083333336), (0.7083333, 0.11111111), (0.7083333, 0.1388889), (0.7083333, 0.16666667), (0.7083333, 0.19444445), (0.7083333, 0.22222222), (0.7083333, 0.25), (0.7083333, 0.2777778), (0.7083333, 0.30555555), (0.7083333, 0.33333334), (0.7083333, 0.3611111), (0.7083333, 0.3888889), (0.7083333, 0.41666666), (0.7083333, 0.44444445), (0.7083333, 0.4722222), (0.7083333, 0.5), (0.7083333, 0.5277778), (0.7083333, 0.5555556), (0.7083333, 0.5833333), (0.7083333, 0.6111111), (0.7083333, 0.6388889), (0.7083333, 0.6666667), (0.7083333, 0.6944444), (0.7083333, 0.7222222), (0.7083333, 0.75), (0.7083333, 0.7777778), (0.7083333, 0.8055556), (0.7083333, 0.8333333), (0.7083333, 0.8611111), (0.7083333, 0.8888889), (0.7083333, 0.9166667), (0.7083333, 0.9444444), (0.7083333, 0.9722222), (0.7083333, 1), (0.7291667, 0), (0.7291667, 0.027777778), (0.7291667, 0.055555556), (0.7291667, 0.083333336), (0.7291667, 0.11111111), (0.7291667, 0.1388889), (0.7291667, 0.16666667), (0.7291667, 0.19444445), (0.7291667, 0.22222222), (0.7291667, 0.25), (0.7291667, 0.2777778), (0.7291667, 0.30555555), (0.7291667, 0.33333334), (0.7291667, 0.3611111), (0.7291667, 0.3888889), (0.7291667, 0.41666666), (0.7291667, 0.44444445), (0.7291667, 0.4722222), (0.7291667, 0.5), (0.7291667, 0.5277778), (0.7291667, 0.5555556), (0.7291667, 0.5833333), (0.7291667, 0.6111111), (0.7291667, 0.6388889), (0.7291667, 0.6666667), (0.7291667, 0.6944444), (0.7291667, 0.7222222), (0.7291667, 0.75), (0.7291667, 0.7777778), (0.7291667, 0.8055556), (0.7291667, 0.8333333), (0.7291667, 0.8611111), (0.7291667, 0.8888889), (0.7291667, 0.9166667), (0.7291667, 0.9444444), (0.7291667, 0.9722222), (0.7291667, 1), (0.75, 0), (0.75, 0.027777778), (0.75, 0.055555556), (0.75, 0.083333336), (0.75, 0.11111111), (0.75, 0.1388889), (0.75, 0.16666667), (0.75, 0.19444445), (0.75, 0.22222222), (0.75, 0.25), (0.75, 0.2777778), (0.75, 0.30555555), (0.75, 0.33333334), (0.75, 0.3611111), (0.75, 0.3888889), (0.75, 0.41666666), (0.75, 0.44444445), (0.75, 0.4722222), (0.75, 0.5), (0.75, 0.5277778), (0.75, 0.5555556), (0.75, 0.5833333), (0.75, 0.6111111), (0.75, 0.6388889), (0.75, 0.6666667), (0.75, 0.6944444), (0.75, 0.7222222), (0.75, 0.75), (0.75, 0.7777778), (0.75, 0.8055556), (0.75, 0.8333333), (0.75, 0.8611111), (0.75, 0.8888889), (0.75, 0.9166667), (0.75, 0.9444444), (0.75, 0.9722222), (0.75, 1), (0.7708333, 0), (0.7708333, 0.027777778), (0.7708333, 0.055555556), (0.7708333, 0.083333336), (0.7708333, 0.11111111), (0.7708333, 0.1388889), (0.7708333, 0.16666667), (0.7708333, 0.19444445), (0.7708333, 0.22222222), (0.7708333, 0.25), (0.7708333, 0.2777778), (0.7708333, 0.30555555), (0.7708333, 0.33333334), (0.7708333, 0.3611111), (0.7708333, 0.3888889), (0.7708333, 0.41666666), (0.7708333, 0.44444445), (0.7708333, 0.4722222), (0.7708333, 0.5), (0.7708333, 0.5277778), (0.7708333, 0.5555556), (0.7708333, 0.5833333), (0.7708333, 0.6111111), (0.7708333, 0.6388889), (0.7708333, 0.6666667), (0.7708333, 0.6944444), (0.7708333, 0.7222222), (0.7708333, 0.75), (0.7708333, 0.7777778), (0.7708333, 0.8055556), (0.7708333, 0.8333333), (0.7708333, 0.8611111), (0.7708333, 0.8888889), (0.7708333, 0.9166667), (0.7708333, 0.9444444), (0.7708333, 0.9722222), (0.7708333, 1), (0.7916667, 0), (0.7916667, 0.027777778), (0.7916667, 0.055555556), (0.7916667, 0.083333336), (0.7916667, 0.11111111), (0.7916667, 0.1388889), (0.7916667, 0.16666667), (0.7916667, 0.19444445), (0.7916667, 0.22222222), (0.7916667, 0.25), (0.7916667, 0.2777778), (0.7916667, 0.30555555), (0.7916667, 0.33333334), (0.7916667, 0.3611111), (0.7916667, 0.3888889), (0.7916667, 0.41666666), (0.7916667, 0.44444445), (0.7916667, 0.4722222), (0.7916667, 0.5), (0.7916667, 0.5277778), (0.7916667, 0.5555556), (0.7916667, 0.5833333), (0.7916667, 0.6111111), (0.7916667, 0.6388889), (0.7916667, 0.6666667), (0.7916667, 0.6944444), (0.7916667, 0.7222222), (0.7916667, 0.75), (0.7916667, 0.7777778), (0.7916667, 0.8055556), (0.7916667, 0.8333333), (0.7916667, 0.8611111), (0.7916667, 0.8888889), (0.7916667, 0.9166667), (0.7916667, 0.9444444), (0.7916667, 0.9722222), (0.7916667, 1), (0.8125, 0), (0.8125, 0.027777778), (0.8125, 0.055555556), (0.8125, 0.083333336), (0.8125, 0.11111111), (0.8125, 0.1388889), (0.8125, 0.16666667), (0.8125, 0.19444445), (0.8125, 0.22222222), (0.8125, 0.25), (0.8125, 0.2777778), (0.8125, 0.30555555), (0.8125, 0.33333334), (0.8125, 0.3611111), (0.8125, 0.3888889), (0.8125, 0.41666666), (0.8125, 0.44444445), (0.8125, 0.4722222), (0.8125, 0.5), (0.8125, 0.5277778), (0.8125, 0.5555556), (0.8125, 0.5833333), (0.8125, 0.6111111), (0.8125, 0.6388889), (0.8125, 0.6666667), (0.8125, 0.6944444), (0.8125, 0.7222222), (0.8125, 0.75), (0.8125, 0.7777778), (0.8125, 0.8055556), (0.8125, 0.8333333), (0.8125, 0.8611111), (0.8125, 0.8888889), (0.8125, 0.9166667), (0.8125, 0.9444444), (0.8125, 0.9722222), (0.8125, 1), (0.8333333, 0), (0.8333333, 0.027777778), (0.8333333, 0.055555556), (0.8333333, 0.083333336), (0.8333333, 0.11111111), (0.8333333, 0.1388889), (0.8333333, 0.16666667), (0.8333333, 0.19444445), (0.8333333, 0.22222222), (0.8333333, 0.25), (0.8333333, 0.2777778), (0.8333333, 0.30555555), (0.8333333, 0.33333334), (0.8333333, 0.3611111), (0.8333333, 0.3888889), (0.8333333, 0.41666666), (0.8333333, 0.44444445), (0.8333333, 0.4722222), (0.8333333, 0.5), (0.8333333, 0.5277778), (0.8333333, 0.5555556), (0.8333333, 0.5833333), (0.8333333, 0.6111111), (0.8333333, 0.6388889), (0.8333333, 0.6666667), (0.8333333, 0.6944444), (0.8333333, 0.7222222), (0.8333333, 0.75), (0.8333333, 0.7777778), (0.8333333, 0.8055556), (0.8333333, 0.8333333), (0.8333333, 0.8611111), (0.8333333, 0.8888889), (0.8333333, 0.9166667), (0.8333333, 0.9444444), (0.8333333, 0.9722222), (0.8333333, 1), (0.8541667, 0), (0.8541667, 0.027777778), (0.8541667, 0.055555556), (0.8541667, 0.083333336), (0.8541667, 0.11111111), (0.8541667, 0.1388889), (0.8541667, 0.16666667), (0.8541667, 0.19444445), (0.8541667, 0.22222222), (0.8541667, 0.25), (0.8541667, 0.2777778), (0.8541667, 0.30555555), (0.8541667, 0.33333334), (0.8541667, 0.3611111), (0.8541667, 0.3888889), (0.8541667, 0.41666666), (0.8541667, 0.44444445), (0.8541667, 0.4722222), (0.8541667, 0.5), (0.8541667, 0.5277778), (0.8541667, 0.5555556), (0.8541667, 0.5833333), (0.8541667, 0.6111111), (0.8541667, 0.6388889), (0.8541667, 0.6666667), (0.8541667, 0.6944444), (0.8541667, 0.7222222), (0.8541667, 0.75), (0.8541667, 0.7777778), (0.8541667, 0.8055556), (0.8541667, 0.8333333), (0.8541667, 0.8611111), (0.8541667, 0.8888889), (0.8541667, 0.9166667), (0.8541667, 0.9444444), (0.8541667, 0.9722222), (0.8541667, 1), (0.875, 0), (0.875, 0.027777778), (0.875, 0.055555556), (0.875, 0.083333336), (0.875, 0.11111111), (0.875, 0.1388889), (0.875, 0.16666667), (0.875, 0.19444445), (0.875, 0.22222222), (0.875, 0.25), (0.875, 0.2777778), (0.875, 0.30555555), (0.875, 0.33333334), (0.875, 0.3611111), (0.875, 0.3888889), (0.875, 0.41666666), (0.875, 0.44444445), (0.875, 0.4722222), (0.875, 0.5), (0.875, 0.5277778), (0.875, 0.5555556), (0.875, 0.5833333), (0.875, 0.6111111), (0.875, 0.6388889), (0.875, 0.6666667), (0.875, 0.6944444), (0.875, 0.7222222), (0.875, 0.75), (0.875, 0.7777778), (0.875, 0.8055556), (0.875, 0.8333333), (0.875, 0.8611111), (0.875, 0.8888889), (0.875, 0.9166667), (0.875, 0.9444444), (0.875, 0.9722222), (0.875, 1), (0.8958333, 0), (0.8958333, 0.027777778), (0.8958333, 0.055555556), (0.8958333, 0.083333336), (0.8958333, 0.11111111), (0.8958333, 0.1388889), (0.8958333, 0.16666667), (0.8958333, 0.19444445), (0.8958333, 0.22222222), (0.8958333, 0.25), (0.8958333, 0.2777778), (0.8958333, 0.30555555), (0.8958333, 0.33333334), (0.8958333, 0.3611111), (0.8958333, 0.3888889), (0.8958333, 0.41666666), (0.8958333, 0.44444445), (0.8958333, 0.4722222), (0.8958333, 0.5), (0.8958333, 0.5277778), (0.8958333, 0.5555556), (0.8958333, 0.5833333), (0.8958333, 0.6111111), (0.8958333, 0.6388889), (0.8958333, 0.6666667), (0.8958333, 0.6944444), (0.8958333, 0.7222222), (0.8958333, 0.75), (0.8958333, 0.7777778), (0.8958333, 0.8055556), (0.8958333, 0.8333333), (0.8958333, 0.8611111), (0.8958333, 0.8888889), (0.8958333, 0.9166667), (0.8958333, 0.9444444), (0.8958333, 0.9722222), (0.8958333, 1), (0.9166667, 0), (0.9166667, 0.027777778), (0.9166667, 0.055555556), (0.9166667, 0.083333336), (0.9166667, 0.11111111), (0.9166667, 0.1388889), (0.9166667, 0.16666667), (0.9166667, 0.19444445), (0.9166667, 0.22222222), (0.9166667, 0.25), (0.9166667, 0.2777778), (0.9166667, 0.30555555), (0.9166667, 0.33333334), (0.9166667, 0.3611111), (0.9166667, 0.3888889), (0.9166667, 0.41666666), (0.9166667, 0.44444445), (0.9166667, 0.4722222), (0.9166667, 0.5), (0.9166667, 0.5277778), (0.9166667, 0.5555556), (0.9166667, 0.5833333), (0.9166667, 0.6111111), (0.9166667, 0.6388889), (0.9166667, 0.6666667), (0.9166667, 0.6944444), (0.9166667, 0.7222222), (0.9166667, 0.75), (0.9166667, 0.7777778), (0.9166667, 0.8055556), (0.9166667, 0.8333333), (0.9166667, 0.8611111), (0.9166667, 0.8888889), (0.9166667, 0.9166667), (0.9166667, 0.9444444), (0.9166667, 0.9722222), (0.9166667, 1), (0.9375, 0), (0.9375, 0.027777778), (0.9375, 0.055555556), (0.9375, 0.083333336), (0.9375, 0.11111111), (0.9375, 0.1388889), (0.9375, 0.16666667), (0.9375, 0.19444445), (0.9375, 0.22222222), (0.9375, 0.25), (0.9375, 0.2777778), (0.9375, 0.30555555), (0.9375, 0.33333334), (0.9375, 0.3611111), (0.9375, 0.3888889), (0.9375, 0.41666666), (0.9375, 0.44444445), (0.9375, 0.4722222), (0.9375, 0.5), (0.9375, 0.5277778), (0.9375, 0.5555556), (0.9375, 0.5833333), (0.9375, 0.6111111), (0.9375, 0.6388889), (0.9375, 0.6666667), (0.9375, 0.6944444), (0.9375, 0.7222222), (0.9375, 0.75), (0.9375, 0.7777778), (0.9375, 0.8055556), (0.9375, 0.8333333), (0.9375, 0.8611111), (0.9375, 0.8888889), (0.9375, 0.9166667), (0.9375, 0.9444444), (0.9375, 0.9722222), (0.9375, 1), (0.9583333, 0), (0.9583333, 0.027777778), (0.9583333, 0.055555556), (0.9583333, 0.083333336), (0.9583333, 0.11111111), (0.9583333, 0.1388889), (0.9583333, 0.16666667), (0.9583333, 0.19444445), (0.9583333, 0.22222222), (0.9583333, 0.25), (0.9583333, 0.2777778), (0.9583333, 0.30555555), (0.9583333, 0.33333334), (0.9583333, 0.3611111), (0.9583333, 0.3888889), (0.9583333, 0.41666666), (0.9583333, 0.44444445), (0.9583333, 0.4722222), (0.9583333, 0.5), (0.9583333, 0.5277778), (0.9583333, 0.5555556), (0.9583333, 0.5833333), (0.9583333, 0.6111111), (0.9583333, 0.6388889), (0.9583333, 0.6666667), (0.9583333, 0.6944444), (0.9583333, 0.7222222), (0.9583333, 0.75), (0.9583333, 0.7777778), (0.9583333, 0.8055556), (0.9583333, 0.8333333), (0.9583333, 0.8611111), (0.9583333, 0.8888889), (0.9583333, 0.9166667), (0.9583333, 0.9444444), (0.9583333, 0.9722222), (0.9583333, 1), (0.9791667, 0), (0.9791667, 0.027777778), (0.9791667, 0.055555556), (0.9791667, 0.083333336), (0.9791667, 0.11111111), (0.9791667, 0.1388889), (0.9791667, 0.16666667), (0.9791667, 0.19444445), (0.9791667, 0.22222222), (0.9791667, 0.25), (0.9791667, 0.2777778), (0.9791667, 0.30555555), (0.9791667, 0.33333334), (0.9791667, 0.3611111), (0.9791667, 0.3888889), (0.9791667, 0.41666666), (0.9791667, 0.44444445), (0.9791667, 0.4722222), (0.9791667, 0.5), (0.9791667, 0.5277778), (0.9791667, 0.5555556), (0.9791667, 0.5833333), (0.9791667, 0.6111111), (0.9791667, 0.6388889), (0.9791667, 0.6666667), (0.9791667, 0.6944444), (0.9791667, 0.7222222), (0.9791667, 0.75), (0.9791667, 0.7777778), (0.9791667, 0.8055556), (0.9791667, 0.8333333), (0.9791667, 0.8611111), (0.9791667, 0.8888889), (0.9791667, 0.9166667), (0.9791667, 0.9444444), (0.9791667, 0.9722222), (0.9791667, 1), (1, 0), (1, 0.027777778), (1, 0.055555556), (1, 0.083333336), (1, 0.11111111), (1, 0.1388889), (1, 0.16666667), (1, 0.19444445), (1, 0.22222222), (1, 0.25), (1, 0.2777778), (1, 0.30555555), (1, 0.33333334), (1, 0.3611111), (1, 0.3888889), (1, 0.41666666), (1, 0.44444445), (1, 0.4722222), (1, 0.5), (1, 0.5277778), (1, 0.5555556), (1, 0.5833333), (1, 0.6111111), (1, 0.6388889), (1, 0.6666667), (1, 0.6944444), (1, 0.7222222), (1, 0.75), (1, 0.7777778), (1, 0.8055556), (1, 0.8333333), (1, 0.8611111), (1, 0.8888889), (1, 0.9166667), (1, 0.9444444), (1, 0.9722222), (1, 1)] (
                interpolation = "vertex"
            )
            uniform token subdivisionScheme = "none"
            uniform token subsetFamily:materialBind:familyType = "nonOverlapping"

            def GeomSubset "ShippingLabel" (
                prepend apiSchemas = ["MaterialBindingAPI"]
            )
            {
                uniform token elementType = "face"
                uniform token familyName = "materialBind"
                int[] indices = [552, 553, 554, 555, 556, 557, 558, 559, 560, 561, 562, 563, 564, 588, 589, 590, 591, 592, 593, 594, 595, 596, 597, 598, 599, 600, 624, 625, 626, 627, 628, 629, 630, 631, 632, 633, 634, 635, 636, 660, 661, 662, 663, 664, 665, 666, 667, 668, 669, 670, 671, 672, 696, 697, 698, 699, 700, 701, 702, 703, 704, 705, 706, 707, 708, 732, 733, 734, 735, 736, 737, 738, 739, 740, 741, 742, 743, 744, 768, 769, 770, 771, 772, 773, 774, 775, 776, 777, 778, 779, 780, 804, 805, 806, 807, 808, 809, 810, 811, 812, 813, 814, 815, 816, 840, 841, 842, 843, 844, 845, 846, 847, 848, 849, 850, 851, 852, 876, 877, 878, 879, 880, 881, 882, 883, 884, 885, 886, 887, 888, 912, 913, 914, 915, 916, 917, 918, 919, 920, 921, 922, 923, 924, 948, 949, 950, 951, 952, 953, 954, 955, 956, 957, 958, 959, 960, 984, 985, 986, 987, 988, 989, 990, 991, 992, 993, 994, 995, 996, 1020, 1021, 1022, 1023, 1024, 1025, 1026, 1027, 1028, 1029, 1030, 1031, 1032, 1056, 1057, 1058, 1059, 1060, 1061, 1062, 1063, 1064, 1065, 1066, 1067, 1068, 1092, 1093, 1094, 1095, 1096, 1097, 1098, 1099, 1100, 1101, 1102, 1103, 1104, 1128, 1129, 1130, 1131, 1132, 1133, 1134, 1135, 1136, 1137, 1138, 1139, 1140, 1164, 1165, 1166, 1167, 1168, 1169, 1170, 1171, 1172, 1173, 1174, 1175, 1176]
                rel material:binding = </ParcelSoftA03/Looks/ShippingLabel>
            }
        }
    }

    def "Looks"
    {
        def Material "PolyBag"
        {
            token outputs:surface.connect = </ParcelSoftA03/Looks/PolyBag/Shader.outputs:surface>

            def Shader "Shader"
            {
                uniform token info:id = "UsdPreviewSurface"
                float inputs:clearcoat = 0.25
                float inputs:clearcoatRoughness = 0.25
                color3f inputs:diffuseColor = (0.83, 0.44, 0.55)
                float inputs:ior = 1.46
                float inputs:metallic = 0
                float inputs:roughness = 0.32
                token outputs:surface
            }
        }

        def Material "ShippingLabel"
        {
            token outputs:surface.connect = </ParcelSoftA03/Looks/ShippingLabel/Shader.outputs:surface>

            def Shader "Shader"
            {
                uniform token info:id = "UsdPreviewSurface"
                color3f inputs:diffuseColor = (0.92, 0.92, 0.9)
                float inputs:ior = 1.46
                float inputs:metallic = 0
                float inputs:roughness = 0.55
                token outputs:surface
            }
        }
    }

    def Material "GraspPhysicsMaterial" (
        prepend apiSchemas = ["PhysicsMaterialAPI", "PhysxMaterialAPI"]
    )
    {
        float physics:dynamicFriction = 1.1
        float physics:restitution = 0
        float physics:staticFriction = 1.4
        custom token physxMaterial:frictionCombineMode = "multiply"
        custom token physxMaterial:restitutionCombineMode = "min"
    }

    def Mesh "SledCollider" (
        prepend apiSchemas = ["MaterialBindingAPI", "PhysicsCollisionAPI", "PhysicsMeshCollisionAPI", "PhysxCollisionAPI"]
    )
    {
        int[] faceVertexCounts = [4, 4, 4, 4, 4, 4]
        int[] faceVertexIndices = [
            0, 1, 2, 3,
            4, 7, 6, 5,
            0, 4, 5, 1,
            1, 5, 6, 2,
            2, 6, 7, 3,
            3, 7, 4, 0,
        ]
        # 平底"雪橇"碰撞盒，尺寸=包裹组合包围盒（视觉仍是枕形 Bag，本盒不可见）。
        # 为什么不用 Bag 自身的 convexHull：枕形凸包在带面上滑动时轻微摇晃耗能，
        # 实测比平底纸箱慢 ~3%/程；混排时纸箱逐程追上包裹（一次取件循环 ~0.07 m），
        # 队列间距持续漂移。平底盒让包裹与纸箱的接触几何一致，速度即齐。
        point3f[] points = [
            (-0.1609, -0.1207, 0),
            (0.1609, -0.1207, 0),
            (0.1609, 0.1207, 0),
            (-0.1609, 0.1207, 0),
            (-0.1609, -0.1207, 0.0603),
            (0.1609, -0.1207, 0.0603),
            (0.1609, 0.1207, 0.0603),
            (-0.1609, 0.1207, 0.0603),
        ]
        bool physics:collisionEnabled = 1
        uniform token physics:approximation = "convexHull"
        float physxCollision:contactOffset = 0.005
        float physxCollision:restOffset = 0
        rel material:binding:physics = </ParcelSoftA03/GraspPhysicsMaterial>
        uniform token subdivisionScheme = "none"
        token visibility = "invisible"
    }
}
